reel_id,title,caption,transcript,ocr_text,visual_description,content_language,language_confidence,programming_languages,technologies,frameworks,topics,category,intent,difficulty,duration_seconds,creator_id,created_at,quality_score,hype_score,learning_value,career_value,practical_value,entertainment_value
CAND000001,Rust explained simply,Learn rust explained simply in under a minute,"Ee video alli navu Rust bagge nodona. First, rust basics, then a quick example with real code.",,Whiteboard diagram explaining system architecture,Kannada-English,0.89,Rust,Linux,,Cybersecurity,tech_educational,Curiosity,Beginner,65,CR000004,2025-01-13T23:27:12,0.795,0.086,0.771,0.441,0.788,0.354
CAND000002,Technical Interviews,Technical Interviews - what nobody tells you,"Let's break down the basics of Swift step by step, starting from what it actually is.",// R example,Terminal window running Swift commands,English,0.79,Swift|Scala|R,,,Career,career,Career,Beginner,53,CR000072,2025-08-14T11:08:01,0.788,0.129,0.272,0.678,0.667,0.319
CAND000003,Learn EVERYTHING about coding in 24 hours!,Learn EVERYTHING about coding in 24 hours!,10 AI tools that will GUARANTEE you a job in 2026!!!,,Person explaining AWS architecture using a whiteboard,English,0.85,,,,Career,hype,Promotion,Advanced,28,CR000040,2025-08-14T17:08:07,0.355,0.774,0.236,0.1,0.23,0.222
CAND000004,Cybersecurity News update (2025),Latest in Cybersecurity News,"Let's break down the basics of Blockchain step by step, starting from what it actually is.",,Neural network diagram with labeled layers,Malayalam,0.8,,Git|PostgreSQL,,Technology News,tech_news,News,Beginner,39,CR000022,2025-09-11T21:53:42,0.315,0.814,0.214,0.262,0.346,0.139
CAND000005,Ruby developers be like,POV: debugging Ruby at 2am,When your Ruby code works on the first try but you have no idea why. Every developer knows this feeling.,// Ruby example,Laptop screen showing Ruby code in an IDE,English,0.81,Ruby,,,Software Engineering,programming_meme,Entertainment,Intermediate,55,CR000082,2025-07-09T03:35:31,0.71,0.221,0.139,0.206,0.641,0.905
CAND000006,Go developers be like,POV: debugging Go at 2am,When your Go code works on the first try but you have no idea why. Every developer knows this feeling.,"func main() { fmt.Println(""hello"") }",Laptop screen showing Go code in an IDE,Kannada,0.86,Go,,,Software Engineering,programming_meme,Entertainment,Advanced,48,CR000089,2025-02-07T10:31:38,0.732,0.429,0.344,0.07,0.57,0.861
CAND000007,Movies moment that broke the internet,Movies content - just for laughs,"Let's break down the basics of C step by step, starting from what it actually is.",// C example,Stadium crowd celebrating a goal/wicket,Bengali,0.97,C,,,Movies,entertainment,Entertainment,Beginner,39,CR000001,2025-05-13T09:53:40,0.259,0.378,0.223,0.139,0.265,0.82
CAND000008,Swift explained simply,Learn swift explained simply in under a minute,"Let's break down the basics of Swift step by step, starting from what it actually is.",// Swift example,Laptop screen showing Swift code in an IDE,English,0.9,Swift|C++,Jenkins,Express.js,Hardware,tech_educational,Project Help,Beginner,46,CR000019,2025-10-07T13:47:19,0.653,0.084,0.583,0.467,0.575,0.268
CAND000009,How Load Balancers Actually Work,Learn how load balancers actually work in under a minute,"Aaj hum dekhenge ki PHP kaise kaam karta hai. First, php basics, then a quick example with real code.",// PHP example,Terminal window running PHP commands,Hindi-English,0.88,PHP,PostgreSQL|GraphQL,React,Generative AI,tech_educational,Learning,Intermediate,24,CR000066,2025-02-14T00:06:40,0.675,0.216,0.711,0.455,0.503,0.272
CAND000010,Design Patterns explained simply,Learn design patterns explained simply in under a minute,"Let's break down the basics of REST step by step, starting from what it actually is.",,Neural network diagram with labeled layers,English,0.8,,Git,Node.js,Web Development,tech_educational,Interview Preparation,Beginner,25,CR000025,2025-02-20T11:07:07,0.805,0.234,0.946,0.511,0.669,0.247
CAND000011,Comedy moment that broke the internet,Comedy content - just for laughs,"If you're preparing for placements, don't just memorize Data Structures answers - understand how it actually works under the hood.",,Movie clip montage with trending audio,English,0.8,,,,Comedy,entertainment,Humor,Intermediate,73,CR000037,2025-09-21T13:57:51,0.136,0.457,0.167,0.067,0.242,0.845
CAND000012,C# developers be like,POV: debugging C# at 2am,When your C# code works on the first try but you have no idea why. Every developer knows this feeling.,// C# example,Terminal window running C# commands,English,0.82,C#,,,Software Engineering,programming_meme,Entertainment,Intermediate,14,CR000099,2025-11-12T11:30:21,0.259,0.401,0.173,0.036,0.007,0.921
CAND000013,Programming developers be like,POV: debugging Programming at 2am,When your DSA code works on the first try but you have no idea why. Every developer knows this feeling.,,Cybersecurity terminal showing network commands,English,0.88,,,,Software Engineering,programming_meme,Entertainment,Intermediate,34,CR000006,2025-10-04T00:50:24,0.293,0.219,0.239,0.135,0.102,0.867
CAND000014,Hardware Launches update (2025),Latest in Hardware Launches,"Here's how PHP behaves at scale, and the trade-offs engineers make in production systems.",// PHP example,Terminal window running PHP commands,English,0.92,PHP,Linux|AWS,,Technology News,tech_news,News,Advanced,90,CR000044,2025-03-04T21:45:26,0.54,0.09,0.261,0.044,0.359,0.283
CAND000015,C explained simply,Learn c explained simply in under a minute,"Let's break down the basics of C step by step, starting from what it actually is.",,Terminal window running C commands,English,0.93,C,,Angular,Deep Learning,tech_educational,Project Help,Beginner,19,CR000055,2025-03-25T21:54:00,0.415,0.123,0.312,0.561,0.36,0.296
CAND000016,JavaScript explained simply,Learn javascript explained simply in under a minute,"Here's how JavaScript behaves at scale, and the trade-offs engineers make in production systems.",,Split-screen code and output comparison,English,0.91,JavaScript,Jenkins,Spring Boot,Cybersecurity,tech_educational,Interview Preparation,Advanced,8,CR000084,2025-11-30T22:12:46,0.782,0.178,0.764,0.469,0.577,0.341
CAND000017,Cloud News update (2025),Latest in Cloud News,"Let's break down the basics of R step by step, starting from what it actually is.",def train_model(data): ...,Split-screen code and output comparison,Bengali,0.81,R|Python,AWS|Nginx,,Technology News,tech_news,News,Beginner,90,CR000014,2025-05-24T22:25:27,0.64,0.043,0.107,0.216,0.446,0.162
CAND000018,Go explained simply,Learn go explained simply in under a minute,"Let's break down the basics of Go step by step, starting from what it actually is.","func main() { fmt.Println(""hello"") }",Whiteboard diagram explaining system architecture,Telugu,0.78,Go,,,Hardware,tech_educational,Curiosity,Beginner,17,CR000035,2025-02-09T06:05:44,0.807,0.187,0.92,0.471,0.681,0.249
CAND000019,C# explained simply,Learn c# explained simply in under a minute,"If you're preparing for placements, don't just memorize C# answers - understand how it actually works under the hood.",// C# example,Laptop screen showing C# code in an IDE,English,0.86,C#,Kafka|Linux,Node.js,Career,tech_educational,Curiosity,Intermediate,16,CR000047,2025-08-09T21:42:35,0.859,0.19,0.919,0.54,0.599,0.185
CAND000020,Comedy moment that broke the internet,Comedy content - just for laughs,"Let's break down the basics of Ruby step by step, starting from what it actually is.",// Ruby example,Funny reaction clip with captions,English,0.82,Ruby,,,Comedy,entertainment,Humor,Beginner,81,CR000047,2025-04-14T00:42:08,0.592,0.655,0.282,0.211,0.566,1.0
CAND000021,Python explained simply,Learn python explained simply in under a minute,"Here's how Python behaves at scale, and the trade-offs engineers make in production systems.",def train_model(data): ...,Terminal window running Python commands,English,0.79,Python|Kotlin,,Node.js,DevOps,tech_educational,Curiosity,Advanced,8,CR000091,2025-03-08T00:35:25,0.469,0.352,0.309,0.397,0.215,0.346
CAND000022,Kotlin explained simply,Learn kotlin explained simply in under a minute,"Ee video lo manam Kotlin gurinchi chuddam. First, kotlin basics, then a quick example with real code.",,Laptop screen showing Kotlin code in an IDE,Telugu-English,0.88,Kotlin,MongoDB|Nginx,,Software Engineering,tech_educational,Interview Preparation,Intermediate,66,CR000067,2025-06-03T05:59:24,0.885,0.375,0.931,0.623,0.631,0.097
CAND000023,Programming Language Updates update (2025),Latest in Programming Language Updates,"Ee video alli navu Frontend bagge nodona. First, frontend basics, then a quick example with real code.",,Neural network diagram with labeled layers,Kannada-English,0.95,,PostgreSQL|GraphQL,,Technology News,tech_news,News,Intermediate,52,CR000093,2025-04-05T15:41:22,0.504,0.178,0.208,0.059,0.444,0.139
CAND000024,C developers be like,POV: debugging C at 2am,When your C code works on the first try but you have no idea why. Every developer knows this feeling.,// C example,Split-screen code and output comparison,Tamil-English,0.77,C,,,Software Engineering,programming_meme,Entertainment,Intermediate,74,CR000021,2025-06-05T10:18:03,0.654,0.605,0.059,0.166,0.509,0.768
CAND000025,HLD explained simply,Learn hld explained simply in under a minute,"If you're preparing for placements, don't just memorize Load Balancing answers - understand how it actually works under the hood.",,Neural network diagram with labeled layers,English,0.86,,,,Web Development,tech_educational,Curiosity,Intermediate,14,CR000055,2025-07-16T14:31:17,0.359,0.271,0.413,0.581,0.315,0.34
CAND000026,Programming Language Updates update (2026),Latest in Programming Language Updates,"If you're preparing for placements, don't just memorize Python answers - understand how it actually works under the hood.",,Laptop screen showing Python code in an IDE,English,0.78,Python|C,Git|MongoDB,,Technology News,tech_news,News,Intermediate,54,CR000097,2025-06-18T23:48:50,0.75,0.277,0.067,0.14,0.485,0.158
CAND000027,You NEED to learn this or you'll be jobless by 2026,You NEED to learn this or you'll be jobless by 2026,"This ONE skill will make you ₹50 LPA, guaranteed!",,Cybersecurity terminal showing network commands,English,0.92,,,,Career,hype,Promotion,Intermediate,90,CR000059,2025-03-16T17:05:52,0.147,0.907,0.313,0.142,0.06,0.135
CAND000028,Cloud News update (2025),Latest in Cloud News,"Ee video lo manam Go gurinchi chuddam. First, go basics, then a quick example with real code.",,Split-screen code and output comparison,Telugu-English,0.89,Go,Docker|Kafka,,Technology News,tech_news,News,Advanced,58,CR000050,2025-04-18T07:46:48,0.146,0.196,0.04,0.051,0.186,0.155
CAND000029,Swift explained simply,Learn swift explained simply in under a minute,"Ee video lo manam Swift gurinchi chuddam. First, swift basics, then a quick example with real code.",,Laptop screen showing Swift code in an IDE,Telugu-English,0.96,Swift,,Flask,AI/ML,tech_educational,Interview Preparation,Beginner,32,CR000099,2025-07-15T20:27:00,0.668,0.311,0.763,0.493,0.417,0.16
CAND000030,AI News update (2026),Latest in AI News,"Ee video alli navu TypeScript bagge nodona. First, typescript basics, then a quick example with real code.",// C example,Laptop screen showing TypeScript code in an IDE,Kannada-English,0.86,TypeScript|C,Redis|PostgreSQL,,Technology News,tech_news,News,Intermediate,28,CR000062,2025-02-14T02:12:17,0.565,0.395,0.189,0.16,0.397,0.098
CAND000031,Designing a Scalable Backend API: From Code to Cloud,Learn designing a scalable backend api: from code to cloud in under a minute,"If you're preparing for placements, don't just memorize C answers - understand how it actually works under the hood.",// C example,Split-screen code and output comparison,Tamil,0.83,C|Dart,Nginx,Django,AI/ML,tech_educational,Curiosity,Intermediate,52,CR000020,2025-11-13T23:05:46,0.622,0.12,0.794,0.37,0.413,0.337
CAND000032,Explaining Consistent Hashing,Learn explaining consistent hashing in under a minute,"Let's break down the basics of TypeScript step by step, starting from what it actually is.",,Terminal window running TypeScript commands,Bengali,0.96,TypeScript,,,Blockchain,tech_educational,Learning,Beginner,59,CR000051,2025-05-17T21:10:00,0.954,0.101,0.953,0.48,0.693,0.394
CAND000033,10 AI tools that will GUARANTEE you a job in 2027!!!,10 AI tools that will GUARANTEE you a job in 2027!!!,Become an AI Engineer in just 7 days - no experience needed!,,Neural network diagram with labeled layers,English,0.82,,,,AI/ML,hype,Promotion,Intermediate,33,CR000045,2025-05-07T00:51:44,0.177,0.872,0.189,0.198,0.213,0.427
CAND000034,Java developers be like,POV: debugging Java at 2am,When your Java code works on the first try but you have no idea why. Every developer knows this feeling.,public static void main(String[] args),Split-screen code and output comparison,English,0.88,Java,,,Software Engineering,programming_meme,Entertainment,Beginner,80,CR000038,2025-10-05T11:40:34,0.322,0.404,0.154,0.371,0.233,0.878
CAND000035,Ruby explained simply,Learn ruby explained simply in under a minute,"If you're preparing for placements, don't just memorize Ruby answers - understand how it actually works under the hood.",// Ruby example,Whiteboard diagram explaining system architecture,English,0.81,Ruby,Docker|Linux,Next.js,Frontend,tech_educational,Curiosity,Intermediate,10,CR000039,2025-11-29T16:46:03,0.684,0.131,0.708,0.524,0.548,0.274
CAND000036,Career Roadmaps,Career Roadmaps - what nobody tells you,"Let's break down the basics of Distributed Systems step by step, starting from what it actually is.",,Cybersecurity terminal showing network commands,English,0.87,,,,Career,career,Motivation,Beginner,24,CR000021,2025-09-22T02:23:27,0.639,0.11,0.283,0.771,0.56,0.156
CAND000037,PHP developers be like,POV: debugging PHP at 2am,When your PHP code works on the first try but you have no idea why. Every developer knows this feeling.,,Terminal window running PHP commands,Kannada-English,0.98,PHP,,,Software Engineering,programming_meme,Entertainment,Beginner,66,CR000062,2025-09-30T15:35:21,0.93,0.5,0.231,0.001,0.812,0.872
CAND000038,Movies moment that broke the internet,Movies content - just for laughs,"Indha video la naam TypeScript pathi parkalam. First, typescript basics, then a quick example with real code.",// TypeScript example,Funny reaction clip with captions,Tamil-English,0.84,TypeScript,,,Movies,entertainment,Humor,Beginner,58,CR000002,2025-07-11T03:47:22,0.6,0.507,0.15,0.09,0.455,0.873
CAND000039,Cricket moment that broke the internet,Cricket content - just for laughs,"Let's break down the basics of OOP step by step, starting from what it actually is.",,Stadium crowd celebrating a goal/wicket,English,0.8,,,,Cricket,entertainment,Humor,Beginner,35,CR000072,2025-09-03T17:13:38,0.082,0.511,0.228,0.206,0.158,0.765
CAND000040,Become an AI Engineer in just 7 days - no experience needed!,Become an AI Engineer in just 7 days - no experience needed!,10 AI tools that will GUARANTEE you a job in 2026!!!,,Neural network diagram with labeled layers,English,0.87,,,,AI/ML,hype,Motivation,Intermediate,16,CR000087,2025-07-30T07:14:12,0.319,0.84,0.156,0.074,0.109,0.374
CAND000041,Football moment that broke the internet,Football content - just for laughs,"Indha video la naam Hardware pathi parkalam. First, hardware basics, then a quick example with real code.",,Dance/lipsync trend clip,Tamil-English,0.94,,,,Football,entertainment,Entertainment,Intermediate,37,CR000031,2025-08-25T10:57:11,0.305,0.172,0.223,0.233,0.298,0.868
CAND000042,Java explained simply,Learn java explained simply in under a minute,"Let's break down the basics of Java step by step, starting from what it actually is.",public static void main(String[] args),Terminal window running Java commands,English,0.89,Java,,FastAPI,Cybersecurity,tech_educational,Curiosity,Beginner,83,CR000053,2025-05-11T11:21:10,0.764,0.066,0.806,0.486,0.615,0.253
CAND000043,Why Rust's Ownership Model Prevents Memory Bugs,Learn why rust's ownership model prevents memory bugs in under a minute,"If you're preparing for placements, don't just memorize TypeScript answers - understand how it actually works under the hood.",// TypeScript example,Split-screen code and output comparison,English,0.88,TypeScript,Git,,Frontend,tech_educational,Interview Preparation,Intermediate,77,CR000040,2025-06-26T02:07:03,0.75,0.168,0.652,0.375,0.585,0.29
CAND000044,TypeScript developers be like,POV: debugging TypeScript at 2am,When your TypeScript code works on the first try but you have no idea why. Every developer knows this feeling.,// TypeScript example,Laptop screen showing TypeScript code in an IDE,Bengali,0.93,TypeScript,,,Software Engineering,programming_meme,Entertainment,Beginner,19,CR000096,2025-05-07T20:29:11,0.456,0.564,0.244,0.158,0.41,0.792
CAND000045,Coding Interviews,Coding Interviews - what nobody tells you,"Aaj hum dekhenge ki Concurrency kaise kaam karta hai. First, concurrency basics, then a quick example with real code.",,Neural network diagram with labeled layers,Hindi-English,0.96,,,,Career,career,Motivation,Advanced,56,CR000013,2025-09-30T22:01:48,0.781,0.306,0.158,0.673,0.543,0.253
CAND000046,Movies moment that broke the internet,Movies content - just for laughs,"Ee video alli navu DSA bagge nodona. First, dsa basics, then a quick example with real code.",,Stadium crowd celebrating a goal/wicket,Kannada-English,0.96,,,,Movies,entertainment,Entertainment,Beginner,74,CR000008,2025-11-19T09:04:41,0.641,0.451,0.174,0.211,0.416,1.0
CAND000047,Celebrity Fiction moment that broke the internet,Celebrity Fiction content - just for laughs,"Let's break down the basics of Hardware step by step, starting from what it actually is.",,Funny reaction clip with captions,English,0.84,,,,Celebrity Fiction,entertainment,Humor,Beginner,85,CR000014,2025-10-22T21:09:47,0.5,0.305,0.129,0.052,0.541,0.833
CAND000048,Distributed Systems explained simply,Learn distributed systems explained simply in under a minute,"Let's break down the basics of Concurrency step by step, starting from what it actually is.",,Gaming setup with GPU comparison on screen,English,0.91,,,Svelte,Deep Learning,tech_educational,Learning,Beginner,34,CR000083,2025-08-07T15:24:35,0.517,0.373,0.555,0.325,0.506,0.284
CAND000049,Coding Interviews,Coding Interviews - what nobody tells you,"Let's break down the basics of R step by step, starting from what it actually is.",// Dart example,Laptop screen showing R code in an IDE,English,0.88,R|Dart,,,Career,career,Career,Beginner,34,CR000021,2025-10-07T14:01:59,0.528,0.303,0.252,0.842,0.469,0.174
CAND000050,SQL explained simply,Learn sql explained simply in under a minute,"If you're preparing for placements, don't just memorize SQL answers - understand how it actually works under the hood.",SELECT * FROM students;,Whiteboard diagram explaining system architecture,English,0.91,SQL,,,DevOps,tech_educational,Curiosity,Intermediate,36,CR000064,2025-01-09T13:46:36,0.947,0.389,1.0,0.446,0.617,0.15
CAND000051,Celebrity Fiction moment that broke the internet,Celebrity Fiction content - just for laughs,"Indha video la naam Python pathi parkalam. First, python basics, then a quick example with real code.",,Stadium crowd celebrating a goal/wicket,Tamil-English,0.95,Python,,,Celebrity Fiction,entertainment,Entertainment,Advanced,53,CR000083,2025-06-12T19:27:04,0.326,0.422,0.206,0.146,0.322,0.863
CAND000052,HLD explained simply,Learn hld explained simply in under a minute,"Ee video lo manam Algorithms gurinchi chuddam. First, algorithms basics, then a quick example with real code.",,Gaming setup with GPU comparison on screen,Telugu-English,0.87,,Redis|Linux,Django,Data Science,tech_educational,Curiosity,Intermediate,55,CR000007,2025-07-28T19:35:58,0.802,0.29,0.842,0.627,0.615,0.268
CAND000053,C++ explained simply,Learn c++ explained simply in under a minute,"Here's how C++ behaves at scale, and the trade-offs engineers make in production systems.","int main() { std::cout << ""hi""; }",Split-screen code and output comparison,English,0.85,C++,Kubernetes|GCP,,Hardware,tech_educational,Curiosity,Advanced,43,CR000032,2025-04-03T16:26:15,0.449,0.38,0.376,0.434,0.409,0.063
CAND000054,C explained simply,Learn c explained simply in under a minute,"Aaj hum dekhenge ki C kaise kaam karta hai. First, c basics, then a quick example with real code.",,Split-screen code and output comparison,Hindi-English,0.93,C,,,Deep Learning,tech_educational,Project Help,Beginner,55,CR000092,2025-02-10T23:27:37,0.891,0.141,0.812,0.534,0.695,0.185
CAND000055,Scala developers be like,POV: debugging Scala at 2am,When your Scala code works on the first try but you have no idea why. Every developer knows this feeling.,// Scala example,Whiteboard diagram explaining system architecture,English,0.99,Scala,,,Software Engineering,programming_meme,Entertainment,Advanced,63,CR000027,2025-06-02T14:59:05,0.544,0.203,0.118,0.106,0.401,0.791
CAND000056,DSA explained simply,Learn dsa explained simply in under a minute,"Indha video la naam Web Development pathi parkalam. First, web development basics, then a quick example with real code.",,Two laptops side by side for a spec comparison,Tamil-English,0.92,,,React,Mobile Development,tech_educational,Project Help,Intermediate,21,CR000100,2025-05-05T13:35:41,0.654,0.319,0.699,0.477,0.645,0.261
CAND000057,Dart explained simply,Learn dart explained simply in under a minute,"If you're preparing for placements, don't just memorize Dart answers - understand how it actually works under the hood.",// Dart example,Split-screen code and output comparison,English,0.96,Dart,,PyTorch,Frontend,tech_educational,Project Help,Intermediate,24,CR000030,2025-11-14T06:41:25,0.957,0.355,1.0,0.624,0.744,0.293
CAND000058,Hardware Launches update (2025),Latest in Hardware Launches,"Indha video la naam C++ pathi parkalam. First, c++ basics, then a quick example with real code.","int main() { std::cout << ""hi""; }",Laptop screen showing C++ code in an IDE,Tamil-English,0.81,C++,Git|Docker,,Technology News,tech_news,News,Intermediate,36,CR000023,2025-01-15T10:54:27,0.866,0.201,0.151,0.047,0.769,0.34
CAND000059,Understanding Vector Databases,Learn understanding vector databases in under a minute,"Ee video alli navu SQL bagge nodona. First, sql basics, then a quick example with real code.",SELECT * FROM students;,Split-screen code and output comparison,Kannada-English,0.91,SQL,,,Data Science,tech_educational,Interview Preparation,Intermediate,80,CR000050,2025-03-19T21:47:33,0.596,0.259,0.63,0.514,0.539,0.351
CAND000060,Cricket moment that broke the internet,Cricket content - just for laughs,"If you're preparing for placements, don't just memorize Swift answers - understand how it actually works under the hood.",,Movie clip montage with trending audio,English,0.78,Swift,,,Cricket,entertainment,Humor,Intermediate,89,CR000036,2025-09-10T13:55:14,0.543,0.18,0.276,0.162,0.393,0.919
CAND000061,Kotlin explained simply,Learn kotlin explained simply in under a minute,"If you're preparing for placements, don't just memorize Kotlin answers - understand how it actually works under the hood.",// Swift example,Split-screen code and output comparison,English,0.93,Kotlin|JavaScript|Swift,,TensorFlow,Career,tech_educational,Learning,Intermediate,22,CR000057,2025-04-13T09:23:59,0.513,0.096,0.398,0.532,0.334,0.321
CAND000062,Cloud News update (2025),Latest in Cloud News,"Ee video lo manam Go gurinchi chuddam. First, go basics, then a quick example with real code.","func main() { fmt.Println(""hello"") }",Laptop screen showing Go code in an IDE,Telugu-English,0.84,Go,Elasticsearch|Linux,,Technology News,tech_news,News,Advanced,75,CR000020,2025-08-04T20:44:45,0.761,0.193,0.156,0.101,0.552,0.299
CAND000063,Top secret AI trick recruiters don't want you to know,Top secret AI trick recruiters don't want you to know,"This ONE skill will make you ₹50 LPA, guaranteed!",,Person explaining AWS architecture using a whiteboard,Kannada,0.78,,,,AI/ML,hype,Promotion,Beginner,8,CR000099,2025-03-08T16:31:44,0.405,0.712,0.228,0.275,0.229,0.191
CAND000064,Cricket moment that broke the internet,Cricket content - just for laughs,"If you're preparing for placements, don't just memorize C answers - understand how it actually works under the hood.",// C example,Movie clip montage with trending audio,English,0.93,C,,,Cricket,entertainment,Entertainment,Intermediate,84,CR000001,2025-10-11T19:08:06,0.569,0.405,0.294,0.047,0.357,0.904
CAND000065,JavaScript explained simply,Learn javascript explained simply in under a minute,"Let's break down the basics of JavaScript step by step, starting from what it actually is.",const res = await fetch('/api/data');,Whiteboard diagram explaining system architecture,Hindi,0.78,JavaScript,,,DevOps,tech_educational,Project Help,Beginner,42,CR000021,2025-01-04T05:58:47,0.701,0.209,0.667,0.435,0.513,0.179
CAND000066,Gaming moment that broke the internet,Gaming content - just for laughs,"Let's break down the basics of APIs step by step, starting from what it actually is.",,Funny reaction clip with captions,English,0.81,,,,Gaming,entertainment,Humor,Beginner,83,CR000052,2025-09-23T19:11:05,0.598,0.203,0.187,0.286,0.2,0.901
CAND000067,Building a Production ML API,Learn building a production ml api in under a minute,"Let's break down the basics of Rust step by step, starting from what it actually is.",let mut v: Vec<i32> = Vec::new();,Whiteboard diagram explaining system architecture,English,0.91,Rust,,Next.js,AI/ML,tech_educational,Learning,Beginner,79,CR000006,2025-03-14T09:51:07,0.724,0.257,0.738,0.425,0.417,0.145
CAND000068,Memes moment that broke the internet,Memes content - just for laughs,"Here's how Career behaves at scale, and the trade-offs engineers make in production systems.",,Stadium crowd celebrating a goal/wicket,English,0.9,,,,Memes,entertainment,Entertainment,Advanced,28,CR000088,2025-10-13T06:25:26,0.217,0.14,0.229,0.0,0.265,0.777
CAND000069,"This ONE skill will make you ₹50 LPA, guaranteed!","This ONE skill will make you ₹50 LPA, guaranteed!",Learn EVERYTHING about coding in 24 hours!,,Two laptops side by side for a spec comparison,English,0.97,,,,Career,hype,Promotion,Beginner,76,CR000005,2025-05-14T15:56:54,0.323,0.72,0.216,0.028,0.201,0.224
CAND000070,Distributed Systems explained simply,Learn distributed systems explained simply in under a minute,"Ee video alli navu Software Engineering bagge nodona. First, software engineering basics, then a quick example with real code.",,Two laptops side by side for a spec comparison,Kannada-English,0.84,,,Express.js,Cybersecurity,tech_educational,Learning,Intermediate,48,CR000007,2025-10-27T20:53:00,0.455,0.297,0.441,0.436,0.292,0.153
CAND000071,Cybersecurity News update (2026),Latest in Cybersecurity News,"If you're preparing for placements, don't just memorize SQL answers - understand how it actually works under the hood.",,Terminal window running SQL commands,English,0.85,SQL,Git|Azure,,Technology News,tech_news,News,Intermediate,17,CR000030,2025-06-11T21:14:15,0.277,0.34,0.152,0.153,0.339,0.226
CAND000072,Lifestyle moment that broke the internet,Lifestyle content - just for laughs,"If you're preparing for placements, don't just memorize Design Patterns answers - understand how it actually works under the hood.",,Dance/lipsync trend clip,Bengali,0.82,,,,Lifestyle,entertainment,Entertainment,Intermediate,26,CR000079,2025-10-27T23:07:29,0.38,0.4,0.163,0.072,0.468,0.934
CAND000073,Music moment that broke the internet,Music content - just for laughs,"Here's how Backend behaves at scale, and the trade-offs engineers make in production systems.",,Movie clip montage with trending audio,English,0.87,,,,Music,entertainment,Entertainment,Advanced,73,CR000026,2025-08-26T08:04:21,0.537,0.239,0.206,0.195,0.463,0.787
CAND000074,You NEED to learn this or you'll be jobless by 2027,You NEED to learn this or you'll be jobless by 2027,You NEED to learn this or you'll be jobless by 2027,,Cybersecurity terminal showing network commands,Telugu-English,0.76,,,,Career,hype,Motivation,Beginner,29,CR000092,2025-11-14T03:55:58,0.758,0.855,0.124,0.227,0.766,0.355
CAND000075,Celebrity Fiction moment that broke the internet,Celebrity Fiction content - just for laughs,"If you're preparing for placements, don't just memorize Networking answers - understand how it actually works under the hood.",,Funny reaction clip with captions,Kannada,0.86,,,,Celebrity Fiction,entertainment,Humor,Intermediate,8,CR000021,2025-11-24T18:49:03,0.426,0.059,0.205,0.267,0.343,0.854
CAND000076,Programming developers be like,POV: debugging Programming at 2am,When your OOP code works on the first try but you have no idea why. Every developer knows this feeling.,,Gaming setup with GPU comparison on screen,English,0.96,,,,Software Engineering,programming_meme,Entertainment,Beginner,15,CR000067,2025-01-22T02:12:59,0.765,0.093,0.0,0.088,0.469,0.806
CAND000077,Comedy moment that broke the internet,Comedy content - just for laughs,"If you're preparing for placements, don't just memorize C answers - understand how it actually works under the hood.",// C example,Funny reaction clip with captions,English,0.98,C,,,Comedy,entertainment,Entertainment,Intermediate,8,CR000099,2025-03-18T14:58:31,0.412,0.864,0.172,0.0,0.328,0.938
CAND000078,AI News update (2026),Latest in AI News,"Let's break down the basics of Ruby step by step, starting from what it actually is.",// Ruby example,Split-screen code and output comparison,English,0.82,Ruby,Docker|Redis,,Technology News,tech_news,News,Beginner,15,CR000047,2025-11-07T05:12:45,0.833,0.355,0.344,0.231,0.814,0.275
CAND000079,Cricket moment that broke the internet,Cricket content - just for laughs,"If you're preparing for placements, don't just memorize Networking answers - understand how it actually works under the hood.",,Dance/lipsync trend clip,English,0.87,,,,Cricket,entertainment,Humor,Intermediate,14,CR000029,2025-08-10T13:16:36,0.52,0.158,0.152,0.107,0.254,0.793
CAND000080,How Database Indexes Speed Up Queries,Learn how database indexes speed up queries in under a minute,"Aaj hum dekhenge ki Swift kaise kaam karta hai. First, swift basics, then a quick example with real code.",// Swift example,Split-screen code and output comparison,Hindi-English,0.82,Swift,MongoDB,,Web Development,tech_educational,Learning,Advanced,86,CR000043,2025-06-07T08:43:07,0.886,0.287,0.948,0.697,0.722,0.288
CAND000081,Memes moment that broke the internet,Memes content - just for laughs,"Here's how Generative AI behaves at scale, and the trade-offs engineers make in production systems.",,Movie clip montage with trending audio,English,0.89,,,,Memes,entertainment,Entertainment,Advanced,73,CR000024,2025-04-14T15:53:14,0.555,0.217,0.171,0.245,0.593,0.78
CAND000082,Gaming moment that broke the internet,Gaming content - just for laughs,"Ee video lo manam Microservices gurinchi chuddam. First, microservices basics, then a quick example with real code.",,Funny reaction clip with captions,Telugu-English,0.85,,,,Gaming,entertainment,Entertainment,Beginner,15,CR000009,2025-08-23T09:01:40,0.843,0.176,0.125,0.139,0.763,0.839
CAND000083,How ML Engineers Deploy Models,Learn how ml engineers deploy models in under a minute,"If you're preparing for placements, don't just memorize Cybersecurity answers - understand how it actually works under the hood.",,Person explaining AWS architecture using a whiteboard,English,0.92,,,Spring Boot,Networking,tech_educational,Learning,Intermediate,9,CR000065,2025-05-25T01:51:24,0.519,0.188,0.579,0.457,0.438,0.129
CAND000084,Music moment that broke the internet,Music content - just for laughs,"Let's break down the basics of Distributed Systems step by step, starting from what it actually is.",,Stadium crowd celebrating a goal/wicket,English,0.98,,,,Music,entertainment,Entertainment,Beginner,77,CR000033,2025-09-06T03:16:38,0.463,0.014,0.142,0.121,0.359,0.929
CAND000085,Rust explained simply,Learn rust explained simply in under a minute,"Here's how Rust behaves at scale, and the trade-offs engineers make in production systems.",let mut v: Vec<i32> = Vec::new();,Split-screen code and output comparison,English,0.88,Rust,Redis,Spring Boot,Software Engineering,tech_educational,Learning,Advanced,69,CR000020,2025-05-31T06:09:43,0.936,0.17,1.0,0.484,0.753,0.262
CAND000086,Explaining Consistent Hashing,Learn explaining consistent hashing in under a minute,"Let's break down the basics of C++ step by step, starting from what it actually is.",,Terminal window running C++ commands,English,0.82,C++,Docker|Kafka,,Career,tech_educational,Project Help,Beginner,23,CR000082,2025-08-12T09:38:55,0.558,0.445,0.541,0.526,0.398,0.261
CAND000087,Music moment that broke the internet,Music content - just for laughs,"Aaj hum dekhenge ki Databases kaise kaam karta hai. First, databases basics, then a quick example with real code.",,Dance/lipsync trend clip,Hindi-English,0.81,,,,Music,entertainment,Entertainment,Intermediate,11,CR000040,2025-05-11T02:46:40,0.483,0.131,0.256,0.063,0.292,0.798
CAND000088,Coding Interviews,Coding Interviews - what nobody tells you,"Aaj hum dekhenge ki Algorithms kaise kaam karta hai. First, algorithms basics, then a quick example with real code.",,Neural network diagram with labeled layers,Hindi-English,0.75,,,,Career,career,Motivation,Intermediate,58,CR000003,2025-10-29T06:32:38,0.208,0.105,0.136,0.666,0.096,0.08
CAND000089,Cloud News update (2026),Latest in Cloud News,"Let's break down the basics of R step by step, starting from what it actually is.",// Ruby example,Split-screen code and output comparison,English,0.87,R|Ruby,Elasticsearch|MongoDB,,Technology News,tech_news,News,Beginner,82,CR000077,2025-07-24T16:31:19,0.443,0.314,0.089,0.21,0.328,0.407
CAND000090,How ML Engineers Deploy Models,Learn how ml engineers deploy models in under a minute,"If you're preparing for placements, don't just memorize JavaScript answers - understand how it actually works under the hood.",const res = await fetch('/api/data');,Terminal window running JavaScript commands,English,0.79,JavaScript,Kubernetes,Angular,Backend,tech_educational,Project Help,Intermediate,49,CR000046,2025-08-05T06:54:27,0.886,0.351,0.751,0.617,0.741,0.332
CAND000091,Music moment that broke the internet,Music content - just for laughs,"If you're preparing for placements, don't just memorize LLD answers - understand how it actually works under the hood.",,Stadium crowd celebrating a goal/wicket,English,0.8,,,,Music,entertainment,Entertainment,Intermediate,24,CR000010,2025-01-26T21:35:07,0.533,0.071,0.073,0.243,0.412,0.829
CAND000092,Scala developers be like,POV: debugging Scala at 2am,When your Scala code works on the first try but you have no idea why. Every developer knows this feeling.,,Laptop screen showing Scala code in an IDE,Telugu,0.95,Scala,,,Software Engineering,programming_meme,Entertainment,Intermediate,88,CR000078,2025-06-09T11:04:25,0.199,0.168,0.176,0.246,0.052,0.84
CAND000093,Movies moment that broke the internet,Movies content - just for laughs,"Here's how Networking behaves at scale, and the trade-offs engineers make in production systems.",,Movie clip montage with trending audio,Bengali,0.85,,,,Movies,entertainment,Humor,Advanced,55,CR000024,2025-04-28T03:08:42,0.659,0.193,0.111,0.317,0.484,0.715
CAND000094,Movies moment that broke the internet,Movies content - just for laughs,"Ee video alli navu Mobile Development bagge nodona. First, mobile development basics, then a quick example with real code.",,Funny reaction clip with captions,Kannada-English,0.85,,,,Movies,entertainment,Humor,Beginner,76,CR000016,2025-02-14T12:01:04,0.846,0.254,0.123,0.043,0.594,0.808
CAND000095,Developer Tools update (2026),Latest in Developer Tools,"Let's break down the basics of Swift step by step, starting from what it actually is.",// Swift example,Laptop screen showing Swift code in an IDE,Tamil,0.84,Swift,Docker|Terraform,,Technology News,tech_news,News,Beginner,22,CR000068,2025-02-05T21:03:17,0.762,0.381,0.321,0.227,0.596,0.121
CAND000096,Football moment that broke the internet,Football content - just for laughs,"Ee video lo manam Mobile Development gurinchi chuddam. First, mobile development basics, then a quick example with real code.",,Funny reaction clip with captions,Telugu-English,0.82,,,,Football,entertainment,Entertainment,Advanced,19,CR000045,2025-01-24T13:04:23,0.294,0.28,0.123,0.055,0.367,0.862
CAND000097,Become an AI Engineer in just 7 days - no experience needed!,Become an AI Engineer in just 7 days - no experience needed!,Top secret AI trick recruiters don't want you to know,,Person explaining AWS architecture using a whiteboard,English,0.89,,,,AI/ML,hype,Promotion,Advanced,89,CR000098,2025-02-21T21:55:24,0.54,0.834,0.231,0.241,0.397,0.183
CAND000098,Become an AI Engineer in just 7 days - no experience needed!,Become an AI Engineer in just 7 days - no experience needed!,10 AI tools that will GUARANTEE you a job in 2027!!!,,Gaming setup with GPU comparison on screen,English,0.88,,,,AI/ML,hype,Motivation,Beginner,68,CR000020,2025-08-29T13:25:12,0.151,0.874,0.171,0.124,0.1,0.312
CAND000099,Data Structures explained simply,Learn data structures explained simply in under a minute,"Let's break down the basics of Microservices step by step, starting from what it actually is.",,Cybersecurity terminal showing network commands,English,0.93,,,TensorFlow,Frontend,tech_educational,Interview Preparation,Beginner,42,CR000023,2025-03-12T00:59:27,0.683,0.291,0.652,0.671,0.428,0.152
CAND000100,Java explained simply,Learn java explained simply in under a minute,"Ee video lo manam Java gurinchi chuddam. First, java basics, then a quick example with real code.",public static void main(String[] args),Split-screen code and output comparison,Telugu-English,0.8,Java,,.NET,Mobile Development,tech_educational,Curiosity,Beginner,11,CR000022,2025-11-22T19:57:30,0.544,0.359,0.441,0.41,0.399,0.329
CAND000101,Cricket moment that broke the internet,Cricket content - just for laughs,"If you're preparing for placements, don't just memorize JavaScript answers - understand how it actually works under the hood.",,Movie clip montage with trending audio,Telugu,0.88,JavaScript,,,Cricket,entertainment,Entertainment,Intermediate,73,CR000066,2025-09-24T08:32:13,0.412,0.188,0.217,0.106,0.296,0.976
CAND000102,5 tools that will REPLACE every programmer by 2027,5 tools that will REPLACE every programmer by 2027,Learn EVERYTHING about coding in 24 hours!,,Neural network diagram with labeled layers,Telugu,0.81,,,,Career,hype,Promotion,Beginner,41,CR000070,2025-04-17T12:57:35,0.179,0.621,0.175,0.186,0.012,0.199
CAND000103,Movies moment that broke the internet,Movies content - just for laughs,"Here's how HLD behaves at scale, and the trade-offs engineers make in production systems.",,Movie clip montage with trending audio,English,0.96,,,,Movies,entertainment,Humor,Advanced,88,CR000019,2025-02-13T02:32:41,0.386,0.291,0.266,0.065,0.3,0.803
CAND000104,How Database Indexes Speed Up Queries,Learn how database indexes speed up queries in under a minute,"Aaj hum dekhenge ki C# kaise kaam karta hai. First, c# basics, then a quick example with real code.",,Terminal window running C# commands,Hindi-English,0.9,C#|R,,,Cloud,tech_educational,Project Help,Beginner,27,CR000046,2025-07-16T20:31:17,0.746,0.109,0.698,0.586,0.589,0.25
CAND000105,Comedy moment that broke the internet,Comedy content - just for laughs,"Ee video lo manam Data Science gurinchi chuddam. First, data science basics, then a quick example with real code.",,Funny reaction clip with captions,Telugu-English,0.79,,,,Comedy,entertainment,Humor,Beginner,41,CR000011,2025-09-20T01:13:49,0.642,0.191,0.195,0.136,0.362,0.907
CAND000106,Programming developers be like,POV: debugging Programming at 2am,When your Databases code works on the first try but you have no idea why. Every developer knows this feeling.,,Cybersecurity terminal showing network commands,Kannada,0.87,,,,Software Engineering,programming_meme,Entertainment,Beginner,30,CR000054,2025-09-28T20:19:35,0.682,0.179,0.108,0.221,0.586,0.832
CAND000107,Music moment that broke the internet,Music content - just for laughs,"Let's break down the basics of Generative AI step by step, starting from what it actually is.",,Funny reaction clip with captions,English,0.8,,,,Music,entertainment,Humor,Beginner,37,CR000080,2025-05-27T08:53:09,0.798,0.253,0.207,0.025,0.646,0.744
CAND000108,Resume Tips,Resume Tips - what nobody tells you,"Indha video la naam R pathi parkalam. First, r basics, then a quick example with real code.",// R example,Whiteboard diagram explaining system architecture,Tamil-English,0.91,R,,,Career,career,Career,Intermediate,33,CR000051,2025-01-08T16:09:29,0.728,0.199,0.144,0.643,0.658,0.255
CAND000109,Placement Prep,Placement Prep - what nobody tells you,"If you're preparing for placements, don't just memorize Java answers - understand how it actually works under the hood.",,Split-screen code and output comparison,English,0.96,Java,,,Career,career,Motivation,Intermediate,37,CR000050,2025-04-14T06:33:59,0.465,0.036,0.168,0.674,0.431,0.274
CAND000110,Football moment that broke the internet,Football content - just for laughs,"Here's how Load Balancing behaves at scale, and the trade-offs engineers make in production systems.",,Movie clip montage with trending audio,English,0.82,,,,Football,entertainment,Entertainment,Advanced,70,CR000012,2025-02-21T17:12:19,0.595,0.196,0.239,0.195,0.39,0.792
CAND000111,Technical Interviews,Technical Interviews - what nobody tells you,"If you're preparing for placements, don't just memorize Deep Learning answers - understand how it actually works under the hood.",,Person explaining AWS architecture using a whiteboard,English,0.89,,,,Career,career,Interview Preparation,Intermediate,22,CR000038,2025-10-21T22:37:33,0.728,0.319,0.088,0.822,0.607,0.203
CAND000112,Why Rust's Ownership Model Prevents Memory Bugs,Learn why rust's ownership model prevents memory bugs in under a minute,"Ee video lo manam System Design gurinchi chuddam. First, system design basics, then a quick example with real code.",,Neural network diagram with labeled layers,Telugu-English,0.88,,,FastAPI,Web Development,tech_educational,Interview Preparation,Beginner,26,CR000096,2025-05-23T16:57:34,0.618,0.412,0.643,0.478,0.438,0.136
CAND000113,Comedy moment that broke the internet,Comedy content - just for laughs,"If you're preparing for placements, don't just memorize Scala answers - understand how it actually works under the hood.",// Scala example,Dance/lipsync trend clip,English,0.87,Scala,,,Comedy,entertainment,Humor,Intermediate,21,CR000085,2025-01-06T19:37:29,0.498,0.205,0.293,0.169,0.439,0.801
CAND000114,Gaming moment that broke the internet,Gaming content - just for laughs,"Here's how Rust behaves at scale, and the trade-offs engineers make in production systems.",,Movie clip montage with trending audio,English,0.98,Rust,,,Gaming,entertainment,Entertainment,Advanced,59,CR000100,2025-07-15T02:14:48,0.592,0.373,0.123,0.115,0.51,0.864
CAND000115,Movies moment that broke the internet,Movies content - just for laughs,"Ee video lo manam Ruby gurinchi chuddam. First, ruby basics, then a quick example with real code.",,Dance/lipsync trend clip,Telugu-English,0.98,Ruby,,,Movies,entertainment,Entertainment,Advanced,85,CR000012,2025-01-20T18:48:47,0.615,0.86,0.116,0.155,0.447,0.901
CAND000116,Programming Language Updates update (2025),Latest in Programming Language Updates,"Let's break down the basics of Kotlin step by step, starting from what it actually is.",// Kotlin example,Split-screen code and output comparison,English,0.94,Kotlin,MongoDB|AWS,,Technology News,tech_news,News,Beginner,79,CR000014,2025-07-13T14:48:57,0.246,0.042,0.133,0.066,0.099,0.315
CAND000117,Programming developers be like,POV: debugging Programming at 2am,When your OOP code works on the first try but you have no idea why. Every developer knows this feeling.,,Person explaining AWS architecture using a whiteboard,Tamil,0.99,,,,Software Engineering,programming_meme,Entertainment,Intermediate,15,CR000026,2025-11-15T03:16:06,0.435,0.237,0.295,0.043,0.371,0.873
CAND000118,Top secret AI trick recruiters don't want you to know,Top secret AI trick recruiters don't want you to know,Become an AI Engineer in just 7 days - no experience needed!,,Cybersecurity terminal showing network commands,English,0.92,,,,AI/ML,hype,Promotion,Beginner,76,CR000095,2025-03-12T12:22:28,0.473,0.868,0.242,0.059,0.25,0.338
CAND000119,Python explained simply,Learn python explained simply in under a minute,"If you're preparing for placements, don't just memorize Python answers - understand how it actually works under the hood.",def train_model(data): ...,Split-screen code and output comparison,English,0.98,Python,,FastAPI,Software Engineering,tech_educational,Project Help,Intermediate,69,CR000082,2025-09-24T05:16:39,0.836,0.059,0.851,0.568,0.938,0.165
CAND000120,Music moment that broke the internet,Music content - just for laughs,"If you're preparing for placements, don't just memorize Cybersecurity answers - understand how it actually works under the hood.",,Stadium crowd celebrating a goal/wicket,English,0.81,,,,Music,entertainment,Entertainment,Intermediate,36,CR000006,2025-10-26T20:59:37,0.453,0.315,0.088,0.096,0.406,0.965
CAND000121,Programming Language Updates update (2026),Latest in Programming Language Updates,"Let's break down the basics of SQL step by step, starting from what it actually is.",SELECT * FROM students;,Split-screen code and output comparison,English,0.76,SQL,Azure|Redis,,Technology News,tech_news,News,Beginner,39,CR000037,2025-04-04T00:34:32,0.352,0.368,0.314,0.293,0.148,0.235
CAND000122,How Kubernetes Schedules Pods,Learn how kubernetes schedules pods in under a minute,"If you're preparing for placements, don't just memorize Swift answers - understand how it actually works under the hood.",// Swift example,Whiteboard diagram explaining system architecture,Telugu,0.77,Swift,,,Hardware,tech_educational,Project Help,Intermediate,40,CR000074,2025-09-26T10:30:52,0.86,0.365,0.822,0.409,0.696,0.235
CAND000123,Programming developers be like,POV: debugging Programming at 2am,When your Web Development code works on the first try but you have no idea why. Every developer knows this feeling.,,Gaming setup with GPU comparison on screen,English,0.77,,,,Software Engineering,programming_meme,Entertainment,Advanced,78,CR000075,2025-08-12T04:10:17,0.425,0.353,0.061,0.0,0.254,0.89
CAND000124,Lifestyle moment that broke the internet,Lifestyle content - just for laughs,"Let's break down the basics of Data Structures step by step, starting from what it actually is.",,Funny reaction clip with captions,English,0.89,,,,Lifestyle,entertainment,Entertainment,Beginner,88,CR000067,2025-05-18T22:13:26,0.517,0.034,0.203,0.218,0.382,0.743
CAND000125,Football moment that broke the internet,Football content - just for laughs,"If you're preparing for placements, don't just memorize Mobile Development answers - understand how it actually works under the hood.",,Funny reaction clip with captions,English,0.91,,,,Football,entertainment,Humor,Intermediate,19,CR000058,2025-06-26T14:09:34,0.365,0.195,0.302,0.244,0.33,0.744
CAND000126,Internship Advice,Internship Advice - what nobody tells you,"If you're preparing for placements, don't just memorize Kotlin answers - understand how it actually works under the hood.",// Kotlin example,Split-screen code and output comparison,English,0.91,Kotlin,,,Career,career,Motivation,Intermediate,78,CR000065,2025-01-11T07:20:08,0.731,0.027,0.272,0.709,0.586,0.238
CAND000127,Java developers be like,POV: debugging Java at 2am,When your Java code works on the first try but you have no idea why. Every developer knows this feeling.,public static void main(String[] args),Whiteboard diagram explaining system architecture,Telugu-English,0.86,Java,,,Software Engineering,programming_meme,Entertainment,Beginner,77,CR000074,2025-06-28T23:03:21,0.22,0.563,0.259,0.112,0.146,0.919
CAND000128,Become an AI Engineer in just 7 days - no experience needed!,Become an AI Engineer in just 7 days - no experience needed!,10 AI tools that will GUARANTEE you a job in 2027!!!,,Two laptops side by side for a spec comparison,Telugu,0.84,,,,AI/ML,hype,Promotion,Beginner,83,CR000038,2025-06-01T10:35:57,0.387,0.947,0.176,0.022,0.244,0.146
CAND000129,Lifestyle moment that broke the internet,Lifestyle content - just for laughs,"If you're preparing for placements, don't just memorize Blockchain answers - understand how it actually works under the hood.",,Stadium crowd celebrating a goal/wicket,Kannada,0.89,,,,Lifestyle,entertainment,Entertainment,Intermediate,75,CR000051,2025-02-05T21:06:33,0.422,0.177,0.185,0.046,0.398,0.896
CAND000130,Gaming moment that broke the internet,Gaming content - just for laughs,"Indha video la naam C# pathi parkalam. First, c# basics, then a quick example with real code.",// C# example,Dance/lipsync trend clip,Tamil-English,0.82,C#,,,Gaming,entertainment,Entertainment,Intermediate,37,CR000096,2025-01-11T18:17:51,0.796,0.574,0.262,0.171,0.775,0.845
CAND000131,Go developers be like,POV: debugging Go at 2am,When your Go code works on the first try but you have no idea why. Every developer knows this feeling.,,Whiteboard diagram explaining system architecture,Kannada-English,0.8,Go|C,,,Software Engineering,programming_meme,Entertainment,Intermediate,41,CR000004,2025-01-18T11:31:58,0.532,0.386,0.31,0.124,0.441,0.926
CAND000132,Celebrity Fiction moment that broke the internet,Celebrity Fiction content - just for laughs,"If you're preparing for placements, don't just memorize Concurrency answers - understand how it actually works under the hood.",,Stadium crowd celebrating a goal/wicket,English,0.79,,,,Celebrity Fiction,entertainment,Entertainment,Intermediate,10,CR000049,2025-01-09T23:56:31,0.097,0.389,0.135,0.178,0.0,0.804
CAND000133,Lifestyle moment that broke the internet,Lifestyle content - just for laughs,"If you're preparing for placements, don't just memorize Distributed Systems answers - understand how it actually works under the hood.",,Dance/lipsync trend clip,English,0.77,,,,Lifestyle,entertainment,Entertainment,Intermediate,30,CR000048,2025-02-10T18:51:52,0.287,0.251,0.099,0.153,0.136,0.958
CAND000134,Understanding Vector Databases,Learn understanding vector databases in under a minute,"Aaj hum dekhenge ki R kaise kaam karta hai. First, r basics, then a quick example with real code.",// R example,Whiteboard diagram explaining system architecture,Hindi-English,0.99,R,,React,Blockchain,tech_educational,Interview Preparation,Advanced,47,CR000017,2025-04-11T06:22:16,0.863,0.025,0.757,0.69,0.648,0.254
CAND000135,Gaming moment that broke the internet,Gaming content - just for laughs,"Aaj hum dekhenge ki Java kaise kaam karta hai. First, java basics, then a quick example with real code.",public static void main(String[] args),Funny reaction clip with captions,Hindi-English,0.87,Java,,,Gaming,entertainment,Humor,Intermediate,74,CR000092,2025-08-13T07:05:13,0.573,0.422,0.138,0.376,0.278,0.781
CAND000136,Cybersecurity News update (2026),Latest in Cybersecurity News,"Let's break down the basics of JavaScript step by step, starting from what it actually is.",,Split-screen code and output comparison,Malayalam,0.85,JavaScript,Nginx|Kubernetes,,Technology News,tech_news,News,Beginner,12,CR000048,2025-01-13T02:13:31,0.261,0.337,0.176,0.187,0.26,0.322
CAND000137,Resume Tips,Resume Tips - what nobody tells you,"Let's break down the basics of Swift step by step, starting from what it actually is.",// Swift example,Whiteboard diagram explaining system architecture,English,0.86,Swift|Scala,,,Career,career,Interview Preparation,Beginner,15,CR000016,2025-07-06T13:34:04,0.344,0.255,0.147,0.715,0.288,0.162
CAND000138,How Load Balancers Actually Work,Learn how load balancers actually work in under a minute,"If you're preparing for placements, don't just memorize Scala answers - understand how it actually works under the hood.",// Scala example,Whiteboard diagram explaining system architecture,English,0.86,Scala,PostgreSQL,,Backend,tech_educational,Learning,Intermediate,40,CR000063,2025-02-10T17:50:30,0.824,0.353,0.828,0.406,0.645,0.352
CAND000139,Programming developers be like,POV: debugging Programming at 2am,When your Concurrency code works on the first try but you have no idea why. Every developer knows this feeling.,,Cybersecurity terminal showing network commands,Hindi-English,0.82,,,,Software Engineering,programming_meme,Entertainment,Intermediate,23,CR000088,2025-08-26T19:38:44,0.327,0.444,0.354,0.15,0.287,0.871
CAND000140,Football moment that broke the internet,Football content - just for laughs,"Let's break down the basics of Databases step by step, starting from what it actually is.",,Funny reaction clip with captions,English,0.81,,,,Football,entertainment,Humor,Beginner,15,CR000057,2025-01-27T12:20:37,0.773,0.049,0.188,0.139,0.571,0.856
CAND000141,JavaScript developers be like,POV: debugging JavaScript at 2am,When your JavaScript code works on the first try but you have no idea why. Every developer knows this feeling.,,Split-screen code and output comparison,English,0.9,JavaScript,,,Software Engineering,programming_meme,Entertainment,Beginner,61,CR000011,2025-09-02T13:41:30,0.779,0.423,0.248,0.271,0.548,0.847
CAND000142,Java explained simply,Learn java explained simply in under a minute,"Ee video alli navu Java bagge nodona. First, java basics, then a quick example with real code.",public static void main(String[] args),Terminal window running Java commands,Kannada-English,0.87,Java,,Laravel,Web Development,tech_educational,Project Help,Intermediate,86,CR000065,2025-09-05T16:04:00,0.787,0.296,0.752,0.578,0.659,0.117
CAND000143,Placement Prep,Placement Prep - what nobody tells you,"Here's how SQL behaves at scale, and the trade-offs engineers make in production systems.",SELECT * FROM students;,Whiteboard diagram explaining system architecture,English,0.8,SQL,,,Career,career,Career,Advanced,84,CR000013,2025-10-29T04:59:03,0.868,0.183,0.25,0.874,0.758,0.216
CAND000144,How Kubernetes Schedules Pods,Learn how kubernetes schedules pods in under a minute,"Let's break down the basics of C++ step by step, starting from what it actually is.",,Whiteboard diagram explaining system architecture,Telugu,0.92,C++,AWS|Kubernetes,,Generative AI,tech_educational,Interview Preparation,Beginner,16,CR000100,2025-06-08T06:58:38,0.487,0.15,0.525,0.558,0.235,0.112
CAND000145,Lifestyle moment that broke the internet,Lifestyle content - just for laughs,"Aaj hum dekhenge ki APIs kaise kaam karta hai. First, apis basics, then a quick example with real code.",,Dance/lipsync trend clip,Hindi-English,0.83,,,,Lifestyle,entertainment,Entertainment,Beginner,86,CR000060,2025-07-31T22:14:24,0.686,0.315,0.225,0.097,0.588,0.891
CAND000146,AI News update (2026),Latest in AI News,"Ee video lo manam DSA gurinchi chuddam. First, dsa basics, then a quick example with real code.",,Two laptops side by side for a spec comparison,Telugu-English,0.88,,GraphQL|Elasticsearch,,Technology News,tech_news,News,Intermediate,85,CR000073,2025-02-12T01:26:09,0.499,0.414,0.11,0.21,0.28,0.201
CAND000147,Coding Interviews,Coding Interviews - what nobody tells you,"Here's how Caching behaves at scale, and the trade-offs engineers make in production systems.",,Two laptops side by side for a spec comparison,English,0.82,,,,Career,career,Interview Preparation,Advanced,12,CR000087,2025-02-11T16:19:18,0.408,0.38,0.27,0.757,0.319,0.222
CAND000148,Career Roadmaps,Career Roadmaps - what nobody tells you,"Indha video la naam Design Patterns pathi parkalam. First, design patterns basics, then a quick example with real code.",,Cybersecurity terminal showing network commands,Tamil-English,0.98,,,,Career,career,Career,Beginner,82,CR000079,2025-01-22T07:00:03,0.475,0.086,0.261,0.662,0.438,0.185
CAND000149,Comedy moment that broke the internet,Comedy content - just for laughs,"Let's break down the basics of System Design step by step, starting from what it actually is.",,Movie clip montage with trending audio,English,0.99,,,,Comedy,entertainment,Humor,Beginner,78,CR000058,2025-06-12T21:01:10,0.417,0.324,0.17,0.104,0.243,0.786
CAND000150,TypeScript explained simply,Learn typescript explained simply in under a minute,"Let's break down the basics of TypeScript step by step, starting from what it actually is.",// TypeScript example,Terminal window running TypeScript commands,English,0.89,TypeScript,,Django,Blockchain,tech_educational,Interview Preparation,Beginner,90,CR000061,2025-06-05T21:38:36,0.32,0.189,0.222,0.483,0.234,0.164
CAND000151,How Load Balancers Actually Work,Learn how load balancers actually work in under a minute,"Here's how JavaScript behaves at scale, and the trade-offs engineers make in production systems.",const res = await fetch('/api/data');,Terminal window running JavaScript commands,English,0.81,JavaScript,,Spring Boot,Data Science,tech_educational,Project Help,Advanced,51,CR000006,2025-01-20T20:14:29,0.562,0.069,0.657,0.508,0.33,0.143
CAND000152,Music moment that broke the internet,Music content - just for laughs,"If you're preparing for placements, don't just memorize Java answers - understand how it actually works under the hood.",,Dance/lipsync trend clip,English,0.86,Java,,,Music,entertainment,Humor,Intermediate,18,CR000087,2025-01-03T12:54:19,0.553,0.129,0.341,0.176,0.226,0.856
CAND000153,10 AI tools that will GUARANTEE you a job in 2027!!!,10 AI tools that will GUARANTEE you a job in 2027!!!,Learn EVERYTHING about coding in 24 hours!,,Gaming setup with GPU comparison on screen,Kannada-English,0.77,,,,AI/ML,hype,Promotion,Beginner,23,CR000090,2025-10-04T13:33:24,0.675,0.845,0.258,0.262,0.434,0.265
CAND000154,Comedy moment that broke the internet,Comedy content - just for laughs,"Let's break down the basics of SQL step by step, starting from what it actually is.",,Movie clip montage with trending audio,English,0.76,SQL,,,Comedy,entertainment,Entertainment,Beginner,77,CR000029,2025-01-31T04:56:24,0.829,0.116,0.268,0.0,0.824,0.866
CAND000155,C++ developers be like,POV: debugging C++ at 2am,When your C++ code works on the first try but you have no idea why. Every developer knows this feeling.,"int main() { std::cout << ""hi""; }",Whiteboard diagram explaining system architecture,Telugu-English,0.86,C++|C|Python,,,Software Engineering,programming_meme,Entertainment,Beginner,66,CR000083,2025-10-30T17:40:36,0.643,0.169,0.108,0.04,0.581,0.866
CAND000156,Cricket moment that broke the internet,Cricket content - just for laughs,"Ee video alli navu Kotlin bagge nodona. First, kotlin basics, then a quick example with real code.",,Dance/lipsync trend clip,Kannada-English,0.84,Kotlin,,,Cricket,entertainment,Humor,Beginner,77,CR000072,2025-09-13T03:56:13,0.375,0.38,0.122,0.183,0.254,0.828
CAND000157,Comedy moment that broke the internet,Comedy content - just for laughs,"Here's how C# behaves at scale, and the trade-offs engineers make in production systems.",// C# example,Stadium crowd celebrating a goal/wicket,English,0.79,C#,,,Comedy,entertainment,Humor,Advanced,81,CR000050,2025-02-02T00:14:20,0.28,0.072,0.257,0.163,0.086,0.871
CAND000158,LLD explained simply,Learn lld explained simply in under a minute,"If you're preparing for placements, don't just memorize Mobile Development answers - understand how it actually works under the hood.",,Two laptops side by side for a spec comparison,English,0.98,,Terraform,,Frontend,tech_educational,Curiosity,Intermediate,88,CR000058,2025-01-21T00:53:13,0.764,0.075,0.805,0.407,0.636,0.307
CAND000159,Caching explained simply,Learn caching explained simply in under a minute,"Aaj hum dekhenge ki Generative AI kaise kaam karta hai. First, generative ai basics, then a quick example with real code.",,Person explaining AWS architecture using a whiteboard,Hindi-English,0.86,,,,Software Engineering,tech_educational,Project Help,Beginner,30,CR000031,2025-08-01T07:11:07,0.554,0.045,0.61,0.62,0.311,0.205
CAND000160,Memes moment that broke the internet,Memes content - just for laughs,"Let's break down the basics of Dart step by step, starting from what it actually is.",// Dart example,Funny reaction clip with captions,Hindi,0.88,Dart,,,Memes,entertainment,Humor,Beginner,17,CR000053,2025-10-23T08:27:43,0.405,0.456,0.152,0.096,0.312,0.875
CAND000161,Java explained simply,Learn java explained simply in under a minute,"Ee video lo manam Java gurinchi chuddam. First, java basics, then a quick example with real code.",const res = await fetch('/api/data');,Whiteboard diagram explaining system architecture,Telugu-English,0.89,Java|JavaScript,Jenkins,Django,Web Development,tech_educational,Project Help,Beginner,37,CR000065,2025-10-23T21:01:00,0.763,0.305,0.644,0.658,0.559,0.123
CAND000162,Ruby explained simply,Learn ruby explained simply in under a minute,"Let's break down the basics of Ruby step by step, starting from what it actually is.",// Ruby example,Laptop screen showing Ruby code in an IDE,English,0.86,Ruby,,,Software Engineering,tech_educational,Learning,Beginner,42,CR000028,2025-03-12T12:57:51,0.788,0.201,0.832,0.537,0.708,0.236
CAND000163,AI News update (2026),Latest in AI News,"Indha video la naam Distributed Systems pathi parkalam. First, distributed systems basics, then a quick example with real code.",,Person explaining AWS architecture using a whiteboard,Tamil-English,0.81,,Kubernetes|GraphQL,,Technology News,tech_news,News,Intermediate,8,CR000097,2025-05-14T06:02:07,0.618,0.604,0.121,0.0,0.62,0.251
CAND000164,JavaScript explained simply,Learn javascript explained simply in under a minute,"Let's break down the basics of JavaScript step by step, starting from what it actually is.",const res = await fetch('/api/data');,Terminal window running JavaScript commands,English,0.75,JavaScript,GraphQL|Terraform,,Backend,tech_educational,Curiosity,Beginner,15,CR000038,2025-01-31T17:24:42,0.724,0.238,0.699,0.561,0.632,0.154
CAND000165,Gaming moment that broke the internet,Gaming content - just for laughs,"Let's break down the basics of Career step by step, starting from what it actually is.",,Dance/lipsync trend clip,Malayalam,0.92,,,,Gaming,entertainment,Humor,Beginner,54,CR000033,2025-03-07T05:59:39,0.676,0.239,0.296,0.193,0.468,0.857
CAND000166,Music moment that broke the internet,Music content - just for laughs,"If you're preparing for placements, don't just memorize SQL answers - understand how it actually works under the hood.",SELECT * FROM students;,Stadium crowd celebrating a goal/wicket,English,0.77,SQL,,,Music,entertainment,Entertainment,Intermediate,8,CR000036,2025-07-21T18:06:59,0.324,0.244,0.343,0.117,0.243,0.821
CAND000167,Kotlin explained simply,Learn kotlin explained simply in under a minute,"Aaj hum dekhenge ki Kotlin kaise kaam karta hai. First, kotlin basics, then a quick example with real code.",,Whiteboard diagram explaining system architecture,Hindi-English,0.8,Kotlin|Python,GraphQL,FastAPI,Data Science,tech_educational,Project Help,Beginner,43,CR000071,2025-11-05T13:27:27,0.747,0.285,0.743,0.611,0.577,0.222
CAND000168,Swift developers be like,POV: debugging Swift at 2am,When your Swift code works on the first try but you have no idea why. Every developer knows this feeling.,,Whiteboard diagram explaining system architecture,English,0.91,Swift,,,Software Engineering,programming_meme,Entertainment,Beginner,14,CR000043,2025-03-02T00:39:18,0.411,0.253,0.273,0.19,0.311,0.734
CAND000169,Memes moment that broke the internet,Memes content - just for laughs,"Ee video alli navu Data Structures bagge nodona. First, data structures basics, then a quick example with real code.",,Movie clip montage with trending audio,Kannada-English,0.77,,,,Memes,entertainment,Humor,Advanced,72,CR000049,2025-02-23T02:57:55,0.377,0.071,0.229,0.222,0.185,0.787
CAND000170,AI News update (2026),Latest in AI News,"Let's break down the basics of Python step by step, starting from what it actually is.",,Laptop screen showing Python code in an IDE,English,0.95,Python,Redis|Kafka,,Technology News,tech_news,News,Beginner,10,CR000020,2025-02-11T03:14:30,0.411,0.451,0.202,0.133,0.429,0.265
CAND000171,Internship Advice,Internship Advice - what nobody tells you,"Ee video lo manam Caching gurinchi chuddam. First, caching basics, then a quick example with real code.",,Two laptops side by side for a spec comparison,Telugu-English,0.88,,,,Career,career,Career,Beginner,73,CR000069,2025-04-26T22:23:54,0.793,0.117,0.151,0.717,0.61,0.278
CAND000172,Ruby explained simply,Learn ruby explained simply in under a minute,"Let's break down the basics of Ruby step by step, starting from what it actually is.",,Laptop screen showing Ruby code in an IDE,English,0.75,Ruby,Redis,,Cybersecurity,tech_educational,Learning,Beginner,32,CR000077,2025-09-29T10:06:31,0.692,0.15,0.658,0.488,0.62,0.215
CAND000173,Learn EVERYTHING about coding in 24 hours!,Learn EVERYTHING about coding in 24 hours!,Learn EVERYTHING about coding in 24 hours!,,Cybersecurity terminal showing network commands,English,0.92,,,,Career,hype,Motivation,Advanced,56,CR000033,2025-10-20T09:10:27,0.608,0.863,0.069,0.111,0.599,0.319
CAND000174,How Kubernetes Schedules Pods,Learn how kubernetes schedules pods in under a minute,"Ee video lo manam C gurinchi chuddam. First, c basics, then a quick example with real code.",,Laptop screen showing C code in an IDE,Telugu-English,0.77,C,MongoDB,,Web Development,tech_educational,Learning,Beginner,79,CR000044,2025-06-29T01:40:16,0.606,0.547,0.665,0.407,0.432,0.281
CAND000175,Memes moment that broke the internet,Memes content - just for laughs,"Let's break down the basics of Kotlin step by step, starting from what it actually is.",// Kotlin example,Stadium crowd celebrating a goal/wicket,English,0.82,Kotlin,,,Memes,entertainment,Entertainment,Beginner,16,CR000067,2025-04-30T13:26:16,0.368,0.426,0.22,0.051,0.209,0.95
CAND000176,Career Roadmaps,Career Roadmaps - what nobody tells you,"Indha video la naam Scala pathi parkalam. First, scala basics, then a quick example with real code.",,Laptop screen showing Scala code in an IDE,Tamil-English,0.98,Scala,,,Career,career,Career,Intermediate,42,CR000043,2025-02-12T13:37:33,0.713,0.459,0.176,0.581,0.609,0.393
CAND000177,Algorithms explained simply,Learn algorithms explained simply in under a minute,"Aaj hum dekhenge ki DevOps kaise kaam karta hai. First, devops basics, then a quick example with real code.",,Gaming setup with GPU comparison on screen,Hindi-English,0.91,,,FastAPI,Cloud,tech_educational,Learning,Advanced,9,CR000079,2025-05-07T13:03:05,0.721,0.276,0.788,0.486,0.534,0.214
CAND000178,"This ONE skill will make you ₹50 LPA, guaranteed!","This ONE skill will make you ₹50 LPA, guaranteed!",Become an AI Engineer in just 7 days - no experience needed!,,Person explaining AWS architecture using a whiteboard,Kannada,0.96,,,,Career,hype,Motivation,Intermediate,38,CR000031,2025-07-07T10:22:10,0.321,0.797,0.108,0.171,0.266,0.285
CAND000179,Ruby developers be like,POV: debugging Ruby at 2am,When your Ruby code works on the first try but you have no idea why. Every developer knows this feeling.,,Laptop screen showing Ruby code in an IDE,English,0.77,Ruby,,,Software Engineering,programming_meme,Entertainment,Beginner,10,CR000018,2025-08-26T04:40:36,0.404,0.254,0.261,0.191,0.358,0.815
CAND000180,Designing a Scalable Backend API: From Code to Cloud,Learn designing a scalable backend api: from code to cloud in under a minute,"Ee video alli navu Frontend bagge nodona. First, frontend basics, then a quick example with real code.",,Person explaining AWS architecture using a whiteboard,Kannada-English,0.89,,,,AI/ML,tech_educational,Learning,Beginner,77,CR000050,2025-10-24T18:11:39,0.468,0.313,0.297,0.626,0.275,0.145
CAND000181,10 AI tools that will GUARANTEE you a job in 2027!!!,10 AI tools that will GUARANTEE you a job in 2027!!!,Learn EVERYTHING about coding in 24 hours!,,Two laptops side by side for a spec comparison,English,0.87,,,,AI/ML,hype,Motivation,Advanced,8,CR000049,2025-03-13T21:30:12,0.156,0.724,0.343,0.2,0.081,0.3
CAND000182,C++ developers be like,POV: debugging C++ at 2am,When your C++ code works on the first try but you have no idea why. Every developer knows this feeling.,"int main() { std::cout << ""hi""; }",Terminal window running C++ commands,Kannada-English,0.88,C++,,,Software Engineering,programming_meme,Entertainment,Intermediate,49,CR000051,2025-10-04T22:14:03,0.408,0.418,0.287,0.006,0.301,0.844
CAND000183,10 AI tools that will GUARANTEE you a job in 2027!!!,10 AI tools that will GUARANTEE you a job in 2027!!!,5 tools that will REPLACE every programmer by 2027,,Person explaining AWS architecture using a whiteboard,English,0.95,,,,AI/ML,hype,Promotion,Advanced,78,CR000053,2025-11-08T12:49:35,0.474,0.956,0.213,0.148,0.358,0.207
CAND000184,Concurrency explained simply,Learn concurrency explained simply in under a minute,"Let's break down the basics of Generative AI step by step, starting from what it actually is.",,Person explaining AWS architecture using a whiteboard,Tamil,0.85,,Elasticsearch|Git,React,Frontend,tech_educational,Interview Preparation,Beginner,56,CR000011,2025-08-20T12:40:19,0.937,0.664,0.987,0.493,0.715,0.265
CAND000185,"This ONE skill will make you ₹50 LPA, guaranteed!","This ONE skill will make you ₹50 LPA, guaranteed!",Learn EVERYTHING about coding in 24 hours!,,Two laptops side by side for a spec comparison,English,0.89,,,,Career,hype,Motivation,Intermediate,65,CR000056,2025-06-09T16:17:37,0.413,0.872,0.274,0.035,0.273,0.246
CAND000186,Understanding Vector Databases,Learn understanding vector databases in under a minute,"If you're preparing for placements, don't just memorize Python answers - understand how it actually works under the hood.",def train_model(data): ...,Whiteboard diagram explaining system architecture,English,0.76,Python,,Spring Boot,Web Development,tech_educational,Interview Preparation,Intermediate,80,CR000086,2025-11-15T20:05:38,0.708,0.161,0.62,0.454,0.535,0.138
CAND000187,Understanding Vector Databases,Learn understanding vector databases in under a minute,"Let's break down the basics of LLD step by step, starting from what it actually is.",,Two laptops side by side for a spec comparison,English,0.75,,Linux,Ktor,Deep Learning,tech_educational,Learning,Beginner,68,CR000029,2025-07-17T04:35:42,0.837,0.207,0.859,0.453,0.791,0.205
CAND000188,JavaScript developers be like,POV: debugging JavaScript at 2am,When your JavaScript code works on the first try but you have no idea why. Every developer knows this feeling.,let mut v: Vec<i32> = Vec::new();,Terminal window running JavaScript commands,English,0.76,JavaScript|Rust|Ruby,,,Software Engineering,programming_meme,Entertainment,Intermediate,33,CR000020,2025-01-18T03:09:06,0.458,0.354,0.071,0.066,0.417,0.968
CAND000189,Football moment that broke the internet,Football content - just for laughs,"If you're preparing for placements, don't just memorize AI/ML answers - understand how it actually works under the hood.",,Funny reaction clip with captions,Hindi,0.84,,,,Football,entertainment,Humor,Intermediate,18,CR000032,2025-04-01T12:34:39,0.135,0.376,0.257,0.298,0.223,0.796
CAND000190,Cybersecurity News update (2026),Latest in Cybersecurity News,"If you're preparing for placements, don't just memorize Rust answers - understand how it actually works under the hood.",let mut v: Vec<i32> = Vec::new();,Whiteboard diagram explaining system architecture,Tamil,0.95,Rust,GCP|Elasticsearch,,Technology News,tech_news,News,Intermediate,69,CR000082,2025-04-01T03:58:56,0.81,0.401,0.268,0.21,0.656,0.134
CAND000191,AI News update (2026),Latest in AI News,"Let's break down the basics of Kotlin step by step, starting from what it actually is.",,Laptop screen showing Kotlin code in an IDE,English,0.82,Kotlin|Dart,GraphQL|MongoDB,,Technology News,tech_news,News,Beginner,45,CR000019,2025-10-11T20:33:26,0.583,0.312,0.28,0.121,0.489,0.263
CAND000192,Technical Interviews,Technical Interviews - what nobody tells you,"Let's break down the basics of Go step by step, starting from what it actually is.",,Whiteboard diagram explaining system architecture,English,0.89,Go,,,Career,career,Interview Preparation,Beginner,13,CR000063,2025-01-10T15:38:32,0.444,0.064,0.213,0.723,0.428,0.23
CAND000193,C# developers be like,POV: debugging C# at 2am,When your C# code works on the first try but you have no idea why. Every developer knows this feeling.,// C# example,Laptop screen showing C# code in an IDE,English,0.98,C#,,,Software Engineering,programming_meme,Entertainment,Intermediate,37,CR000056,2025-10-15T19:44:24,0.286,0.478,0.255,0.235,0.172,0.904
CAND000194,5 tools that will REPLACE every programmer by 2026,5 tools that will REPLACE every programmer by 2026,You NEED to learn this or you'll be jobless by 2026,,Gaming setup with GPU comparison on screen,Telugu-English,0.83,,,,Career,hype,Motivation,Intermediate,56,CR000069,2025-11-17T01:35:42,0.261,0.87,0.35,0.17,0.257,0.327
CAND000195,C++ explained simply,Learn c++ explained simply in under a minute,"If you're preparing for placements, don't just memorize C++ answers - understand how it actually works under the hood.","int main() { std::cout << ""hi""; }",Terminal window running C++ commands,English,0.79,C++|C,GCP,Spring Boot,Networking,tech_educational,Interview Preparation,Intermediate,33,CR000054,2025-05-28T03:56:33,0.351,0.045,0.33,0.488,0.251,0.229
CAND000196,Placement Prep,Placement Prep - what nobody tells you,"Ee video alli navu Go bagge nodona. First, go basics, then a quick example with real code.","func main() { fmt.Println(""hello"") }",Terminal window running Go commands,Kannada-English,0.78,Go,,,Career,career,Career,Intermediate,67,CR000041,2025-09-22T16:26:17,0.639,0.519,0.158,0.866,0.568,0.198
CAND000197,Ruby explained simply,Learn ruby explained simply in under a minute,"Let's break down the basics of Ruby step by step, starting from what it actually is.",// Ruby example,Laptop screen showing Ruby code in an IDE,English,0.86,Ruby,,Laravel,Generative AI,tech_educational,Curiosity,Beginner,8,CR000082,2025-10-25T22:46:11,0.654,0.167,0.696,0.456,0.703,0.179
CAND000198,C++ explained simply,Learn c++ explained simply in under a minute,"Let's break down the basics of C++ step by step, starting from what it actually is.","int main() { std::cout << ""hi""; }",Split-screen code and output comparison,Tamil,0.77,C++,Docker|Nginx,Angular,AI/ML,tech_educational,Learning,Beginner,31,CR000041,2025-01-04T05:56:42,0.722,0.16,0.665,0.566,0.521,0.148
CAND000199,Lifestyle moment that broke the internet,Lifestyle content - just for laughs,"Let's break down the basics of C++ step by step, starting from what it actually is.","int main() { std::cout << ""hi""; }",Dance/lipsync trend clip,English,0.88,C++,,,Lifestyle,entertainment,Entertainment,Beginner,30,CR000049,2025-11-12T01:11:18,0.208,0.395,0.252,0.228,0.179,0.856
CAND000200,Gaming moment that broke the internet,Gaming content - just for laughs,"If you're preparing for placements, don't just memorize Ruby answers - understand how it actually works under the hood.",,Funny reaction clip with captions,English,0.9,Ruby,,,Gaming,entertainment,Entertainment,Intermediate,81,CR000013,2025-04-08T06:23:06,0.519,0.31,0.269,0.169,0.358,0.901
CAND000201,Football moment that broke the internet,Football content - just for laughs,"Let's break down the basics of Cloud step by step, starting from what it actually is.",,Funny reaction clip with captions,English,0.81,,,,Football,entertainment,Entertainment,Beginner,13,CR000046,2025-10-03T17:18:01,0.563,0.172,0.237,0.215,0.405,0.828
CAND000202,Comedy moment that broke the internet,Comedy content - just for laughs,"Let's break down the basics of Kotlin step by step, starting from what it actually is.",,Funny reaction clip with captions,English,0.86,Kotlin,,,Comedy,entertainment,Entertainment,Beginner,45,CR000038,2025-09-29T23:30:42,0.249,0.129,0.12,0.235,0.209,0.926
CAND000203,Placement Prep,Placement Prep - what nobody tells you,"Here's how C behaves at scale, and the trade-offs engineers make in production systems.",,Whiteboard diagram explaining system architecture,English,0.95,C,,,Career,career,Motivation,Advanced,21,CR000053,2025-07-03T19:26:54,0.857,0.68,0.081,0.653,0.639,0.21
CAND000204,Gaming moment that broke the internet,Gaming content - just for laughs,"Aaj hum dekhenge ki SQL kaise kaam karta hai. First, sql basics, then a quick example with real code.","int main() { std::cout << ""hi""; }",Stadium crowd celebrating a goal/wicket,Hindi-English,0.81,SQL|C++,,,Gaming,entertainment,Entertainment,Intermediate,15,CR000031,2025-06-14T10:39:55,0.686,0.315,0.095,0.172,0.607,0.861
CAND000205,SQL developers be like,POV: debugging SQL at 2am,When your SQL code works on the first try but you have no idea why. Every developer knows this feeling.,SELECT * FROM students;,Terminal window running SQL commands,English,0.97,SQL|Dart|Java,,,Software Engineering,programming_meme,Entertainment,Beginner,64,CR000017,2025-08-29T22:39:30,0.254,0.148,0.144,0.255,0.312,0.661
CAND000206,SQL explained simply,Learn sql explained simply in under a minute,"Let's break down the basics of SQL step by step, starting from what it actually is.",,Whiteboard diagram explaining system architecture,Telugu,0.88,SQL,Terraform,,Data Science,tech_educational,Learning,Beginner,84,CR000070,2025-08-02T17:19:12,0.166,0.104,0.255,0.59,0.188,0.294
CAND000207,Memes moment that broke the internet,Memes content - just for laughs,"If you're preparing for placements, don't just memorize Networking answers - understand how it actually works under the hood.",,Dance/lipsync trend clip,English,0.84,,,,Memes,entertainment,Entertainment,Intermediate,49,CR000005,2025-09-07T12:05:24,0.653,0.535,0.199,0.107,0.482,0.79
CAND000208,Programming developers be like,POV: debugging Programming at 2am,When your DevOps code works on the first try but you have no idea why. Every developer knows this feeling.,,Neural network diagram with labeled layers,Kannada-English,0.97,,,,Software Engineering,programming_meme,Entertainment,Beginner,25,CR000040,2025-08-24T19:01:24,0.567,0.128,0.076,0.27,0.568,0.9
CAND000209,Movies moment that broke the internet,Movies content - just for laughs,"Ee video lo manam Data Science gurinchi chuddam. First, data science basics, then a quick example with real code.",,Stadium crowd celebrating a goal/wicket,Telugu-English,0.97,,,,Movies,entertainment,Humor,Intermediate,8,CR000064,2025-10-25T04:13:32,0.552,0.197,0.195,0.158,0.396,0.753
CAND000210,Resume Tips,Resume Tips - what nobody tells you,"If you're preparing for placements, don't just memorize R answers - understand how it actually works under the hood.",,Whiteboard diagram explaining system architecture,English,0.87,R,,,Career,career,Career,Intermediate,48,CR000032,2025-03-16T00:09:27,0.794,0.31,0.163,0.729,0.567,0.263
CAND000211,Gaming moment that broke the internet,Gaming content - just for laughs,"Aaj hum dekhenge ki Ruby kaise kaam karta hai. First, ruby basics, then a quick example with real code.",// Ruby example,Dance/lipsync trend clip,Hindi-English,0.92,Ruby,,,Gaming,entertainment,Entertainment,Advanced,28,CR000056,2025-10-28T15:25:20,0.288,0.182,0.254,0.067,0.199,0.894
CAND000212,Lifestyle moment that broke the internet,Lifestyle content - just for laughs,"Let's break down the basics of Algorithms step by step, starting from what it actually is.",,Movie clip montage with trending audio,English,0.93,,,,Lifestyle,entertainment,Humor,Beginner,39,CR000025,2025-09-17T19:58:32,0.48,0.312,0.227,0.158,0.295,0.738
CAND000213,Cybersecurity News update (2025),Latest in Cybersecurity News,"If you're preparing for placements, don't just memorize C answers - understand how it actually works under the hood.",// C example,Split-screen code and output comparison,English,0.8,C|C++|Swift,Redis|GraphQL,,Technology News,tech_news,News,Intermediate,51,CR000036,2025-10-25T11:24:37,0.687,0.63,0.121,0.227,0.649,0.281
CAND000214,Become an AI Engineer in just 7 days - no experience needed!,Become an AI Engineer in just 7 days - no experience needed!,10 AI tools that will GUARANTEE you a job in 2027!!!,,Cybersecurity terminal showing network commands,English,0.9,,,,AI/ML,hype,Motivation,Beginner,66,CR000055,2025-04-03T00:22:54,0.202,0.619,0.248,0.092,0.097,0.341
CAND000215,Software Engineering Careers,Software Engineering Careers - what nobody tells you,"Here's how C behaves at scale, and the trade-offs engineers make in production systems.",// C example,Split-screen code and output comparison,English,0.83,C,,,Career,career,Interview Preparation,Advanced,90,CR000081,2025-10-13T15:56:33,0.521,0.441,0.182,0.628,0.473,0.321
CAND000216,C# explained simply,Learn c# explained simply in under a minute,"Let's break down the basics of C# step by step, starting from what it actually is.",,Terminal window running C# commands,English,0.75,C#,AWS,,Generative AI,tech_educational,Learning,Beginner,55,CR000043,2025-07-18T11:21:57,0.501,0.2,0.429,0.465,0.357,0.378
CAND000217,Programming Language Updates update (2026),Latest in Programming Language Updates,"If you're preparing for placements, don't just memorize TypeScript answers - understand how it actually works under the hood.",// TypeScript example,Whiteboard diagram explaining system architecture,English,0.97,TypeScript,GCP|Redis,,Technology News,tech_news,News,Intermediate,53,CR000084,2025-09-12T17:30:16,0.373,0.25,0.16,0.072,0.386,0.277
CAND000218,Placement Prep,Placement Prep - what nobody tells you,"If you're preparing for placements, don't just memorize C# answers - understand how it actually works under the hood.",// C# example,Whiteboard diagram explaining system architecture,English,0.8,C#,,,Career,career,Interview Preparation,Intermediate,24,CR000039,2025-03-04T16:51:30,0.608,0.557,0.29,0.556,0.301,0.205
CAND000219,JavaScript explained simply,Learn javascript explained simply in under a minute,"Aaj hum dekhenge ki JavaScript kaise kaam karta hai. First, javascript basics, then a quick example with real code.",,Whiteboard diagram explaining system architecture,Hindi-English,0.9,JavaScript,,,AI/ML,tech_educational,Project Help,Beginner,9,CR000002,2025-04-17T04:16:07,0.744,0.275,0.759,0.579,0.446,0.23
CAND000220,Programming developers be like,POV: debugging Programming at 2am,When your Algorithms code works on the first try but you have no idea why. Every developer knows this feeling.,,Gaming setup with GPU comparison on screen,English,0.98,,,,Software Engineering,programming_meme,Entertainment,Intermediate,85,CR000064,2025-11-24T14:15:57,0.29,0.199,0.297,0.247,0.296,0.874
CAND000221,Football moment that broke the internet,Football content - just for laughs,"If you're preparing for placements, don't just memorize Career answers - understand how it actually works under the hood.",,Movie clip montage with trending audio,English,0.91,,,,Football,entertainment,Humor,Intermediate,41,CR000022,2025-07-26T18:02:34,0.571,0.24,0.299,0.048,0.404,0.839
CAND000222,Internship Advice,Internship Advice - what nobody tells you,"If you're preparing for placements, don't just memorize Databases answers - understand how it actually works under the hood.",,Cybersecurity terminal showing network commands,English,0.84,,,,Career,career,Career,Intermediate,85,CR000087,2025-04-30T08:35:58,0.524,0.296,0.192,0.714,0.519,0.182
CAND000223,Internship Advice,Internship Advice - what nobody tells you,"If you're preparing for placements, don't just memorize Web Development answers - understand how it actually works under the hood.",,Cybersecurity terminal showing network commands,English,0.89,,,,Career,career,Interview Preparation,Intermediate,71,CR000048,2025-06-18T09:43:04,0.425,0.28,0.195,0.71,0.238,0.155
CAND000224,Software Engineering Careers,Software Engineering Careers - what nobody tells you,"If you're preparing for placements, don't just memorize Rust answers - understand how it actually works under the hood.","int main() { std::cout << ""hi""; }",Laptop screen showing Rust code in an IDE,Telugu,0.85,Rust|C++|Scala,,,Career,career,Motivation,Intermediate,36,CR000007,2025-05-11T09:40:31,0.583,0.531,0.154,0.697,0.485,0.41
CAND000225,Career Roadmaps,Career Roadmaps - what nobody tells you,"Ee video lo manam Dart gurinchi chuddam. First, dart basics, then a quick example with real code.",// Dart example,Split-screen code and output comparison,Telugu-English,0.82,Dart,,,Career,career,Interview Preparation,Intermediate,49,CR000087,2025-11-24T17:25:08,0.749,0.129,0.441,0.758,0.468,0.505
CAND000226,AI News update (2026),Latest in AI News,"Ee video lo manam Swift gurinchi chuddam. First, swift basics, then a quick example with real code.",,Whiteboard diagram explaining system architecture,Telugu-English,0.99,Swift|Dart,GraphQL|Terraform,,Technology News,tech_news,News,Beginner,38,CR000011,2025-10-11T14:30:28,0.407,0.377,0.102,0.143,0.546,0.207
CAND000227,Football moment that broke the internet,Football content - just for laughs,"If you're preparing for placements, don't just memorize DevOps answers - understand how it actually works under the hood.",,Movie clip montage with trending audio,Hindi,0.93,,,,Football,entertainment,Humor,Intermediate,47,CR000077,2025-08-31T15:17:02,0.621,0.012,0.254,0.034,0.472,0.878
CAND000228,Kotlin developers be like,POV: debugging Kotlin at 2am,When your Kotlin code works on the first try but you have no idea why. Every developer knows this feeling.,// Kotlin example,Terminal window running Kotlin commands,Hindi-English,0.97,Kotlin,,,Software Engineering,programming_meme,Entertainment,Beginner,55,CR000057,2025-07-03T00:37:00,0.829,0.457,0.169,0.159,0.556,0.955
CAND000229,Cloud News update (2026),Latest in Cloud News,"If you're preparing for placements, don't just memorize Kotlin answers - understand how it actually works under the hood.",// Kotlin example,Terminal window running Kotlin commands,English,0.93,Kotlin,Docker|PostgreSQL,,Technology News,tech_news,News,Intermediate,50,CR000021,2025-01-27T02:45:23,0.662,0.284,0.226,0.147,0.415,0.254
CAND000230,Internship Advice,Internship Advice - what nobody tells you,"Let's break down the basics of SQL step by step, starting from what it actually is.",,Laptop screen showing SQL code in an IDE,Malayalam,0.88,SQL,,,Career,career,Motivation,Beginner,22,CR000090,2025-05-01T10:00:23,0.83,0.236,0.274,0.845,0.73,0.325
CAND000231,R explained simply,Learn r explained simply in under a minute,"Ee video alli navu R bagge nodona. First, r basics, then a quick example with real code.",// R example,Terminal window running R commands,Kannada-English,0.95,R|C++,,Svelte,Deep Learning,tech_educational,Learning,Beginner,73,CR000049,2025-02-25T22:53:06,0.779,0.109,0.743,0.504,0.461,0.368
CAND000232,Lifestyle moment that broke the internet,Lifestyle content - just for laughs,"Aaj hum dekhenge ki Software Engineering kaise kaam karta hai. First, software engineering basics, then a quick example with real code.",,Dance/lipsync trend clip,Hindi-English,0.83,,,,Lifestyle,entertainment,Humor,Beginner,29,CR000059,2025-07-15T19:28:10,0.839,0.724,0.234,0.209,0.782,0.709
CAND000233,Career Roadmaps,Career Roadmaps - what nobody tells you,"Let's break down the basics of C step by step, starting from what it actually is.",// C example,Split-screen code and output comparison,English,0.89,C,,,Career,career,Interview Preparation,Beginner,48,CR000018,2025-11-08T23:49:26,0.781,0.265,0.179,0.844,0.431,0.293
CAND000234,Become an AI Engineer in just 7 days - no experience needed!,Become an AI Engineer in just 7 days - no experience needed!,10 AI tools that will GUARANTEE you a job in 2027!!!,,Gaming setup with GPU comparison on screen,Hindi-English,0.96,,,,AI/ML,hype,Promotion,Beginner,71,CR000054,2025-05-24T18:30:28,0.668,0.732,0.184,0.158,0.537,0.388
CAND000235,Scala explained simply,Learn scala explained simply in under a minute,"Aaj hum dekhenge ki Scala kaise kaam karta hai. First, scala basics, then a quick example with real code.",// Scala example,Laptop screen showing Scala code in an IDE,Hindi-English,0.98,Scala,Linux|Git,Laravel,Hardware,tech_educational,Curiosity,Advanced,49,CR000085,2025-07-02T14:14:29,0.474,0.264,0.461,0.614,0.411,0.156
CAND000236,Scala developers be like,POV: debugging Scala at 2am,When your Scala code works on the first try but you have no idea why. Every developer knows this feeling.,// Scala example,Laptop screen showing Scala code in an IDE,English,0.88,Scala,,,Software Engineering,programming_meme,Entertainment,Beginner,88,CR000069,2025-09-10T22:16:50,0.572,0.047,0.224,0.116,0.435,0.914
CAND000237,Java explained simply,Learn java explained simply in under a minute,"If you're preparing for placements, don't just memorize Java answers - understand how it actually works under the hood.",public static void main(String[] args),Whiteboard diagram explaining system architecture,English,0.97,Java,PostgreSQL,,Networking,tech_educational,Interview Preparation,Intermediate,14,CR000070,2025-06-22T09:06:28,0.902,0.539,0.96,0.532,0.709,0.17
CAND000238,Python developers be like,POV: debugging Python at 2am,When your Python code works on the first try but you have no idea why. Every developer knows this feeling.,def train_model(data): ...,Whiteboard diagram explaining system architecture,Tamil,0.78,Python,,,Software Engineering,programming_meme,Entertainment,Advanced,23,CR000036,2025-02-06T03:50:29,0.795,0.146,0.335,0.218,0.651,0.816
CAND000239,REST vs GraphQL: What to Use When,Learn rest vs graphql: what to use when in under a minute,"If you're preparing for placements, don't just memorize APIs answers - understand how it actually works under the hood.",,Neural network diagram with labeled layers,Tamil,0.77,,,Node.js,Software Engineering,tech_educational,Curiosity,Intermediate,46,CR000003,2025-02-24T00:04:08,0.573,0.476,0.604,0.57,0.397,0.253
CAND000240,Career Roadmaps,Career Roadmaps - what nobody tells you,"Ee video lo manam OOP gurinchi chuddam. First, oop basics, then a quick example with real code.",,Cybersecurity terminal showing network commands,Telugu-English,0.92,,,,Career,career,Motivation,Beginner,22,CR000064,2025-01-21T09:35:34,0.66,0.13,0.247,0.754,0.514,0.358
CAND000241,Cybersecurity News update (2025),Latest in Cybersecurity News,"If you're preparing for placements, don't just memorize R answers - understand how it actually works under the hood.",,Laptop screen showing R code in an IDE,English,0.81,R,Kubernetes|AWS,,Technology News,tech_news,News,Intermediate,26,CR000007,2025-05-21T11:55:56,0.52,0.349,0.061,0.167,0.433,0.357
CAND000242,Java explained simply,Learn java explained simply in under a minute,"Ee video alli navu Java bagge nodona. First, java basics, then a quick example with real code.",,Whiteboard diagram explaining system architecture,Kannada-English,0.79,Java|Kotlin,,,AI/ML,tech_educational,Curiosity,Beginner,18,CR000044,2025-07-10T05:37:49,0.831,0.214,0.777,0.422,0.576,0.06
CAND000243,Memes moment that broke the internet,Memes content - just for laughs,"Let's break down the basics of System Design step by step, starting from what it actually is.",,Dance/lipsync trend clip,English,0.78,,,,Memes,entertainment,Entertainment,Beginner,64,CR000073,2025-08-14T10:58:20,0.651,0.198,0.164,0.024,0.421,0.808
CAND000244,How Database Indexes Speed Up Queries,Learn how database indexes speed up queries in under a minute,"Let's break down the basics of Python step by step, starting from what it actually is.",,Whiteboard diagram explaining system architecture,English,0.95,Python,,,AI/ML,tech_educational,Project Help,Beginner,26,CR000075,2025-05-13T21:28:26,0.872,0.144,0.941,0.462,0.7,0.154
CAND000245,10 AI tools that will GUARANTEE you a job in 2026!!!,10 AI tools that will GUARANTEE you a job in 2026!!!,Learn EVERYTHING about coding in 24 hours!,,Cybersecurity terminal showing network commands,Tamil-English,0.82,,,,AI/ML,hype,Motivation,Intermediate,72,CR000073,2025-09-14T20:00:31,0.398,0.704,0.138,0.1,0.341,0.152
CAND000246,C# explained simply,Learn c# explained simply in under a minute,"If you're preparing for placements, don't just memorize C# answers - understand how it actually works under the hood.",// C# example,Split-screen code and output comparison,English,0.84,C#,,Vue,Hardware,tech_educational,Learning,Intermediate,88,CR000049,2025-03-26T04:32:11,0.821,0.192,0.669,0.597,0.668,0.197
CAND000247,Cricket moment that broke the internet,Cricket content - just for laughs,"Ee video lo manam Blockchain gurinchi chuddam. First, blockchain basics, then a quick example with real code.",,Movie clip montage with trending audio,Telugu-English,0.88,,,,Cricket,entertainment,Humor,Intermediate,27,CR000049,2025-04-24T16:45:17,0.283,0.176,0.265,0.088,0.171,0.82
CAND000248,Ruby developers be like,POV: debugging Ruby at 2am,When your Ruby code works on the first try but you have no idea why. Every developer knows this feeling.,// Ruby example,Terminal window running Ruby commands,Telugu-English,0.86,Ruby,,,Software Engineering,programming_meme,Entertainment,Beginner,49,CR000044,2025-04-26T02:29:19,0.475,0.196,0.232,0.319,0.307,0.73
CAND000249,Swift explained simply,Learn swift explained simply in under a minute,"Let's break down the basics of Swift step by step, starting from what it actually is.",,Whiteboard diagram explaining system architecture,English,0.78,Swift,,Flask,Networking,tech_educational,Curiosity,Beginner,47,CR000023,2025-07-01T12:32:59,0.684,0.266,0.639,0.577,0.649,0.237
CAND000250,Music moment that broke the internet,Music content - just for laughs,"Let's break down the basics of TypeScript step by step, starting from what it actually is.",,Funny reaction clip with captions,English,0.87,TypeScript,,,Music,entertainment,Humor,Beginner,45,CR000022,2025-02-06T06:38:56,0.482,0.084,0.085,0.092,0.382,0.992
CAND000251,10 AI tools that will GUARANTEE you a job in 2027!!!,10 AI tools that will GUARANTEE you a job in 2027!!!,You NEED to learn this or you'll be jobless by 2027,,Two laptops side by side for a spec comparison,English,0.9,,,,AI/ML,hype,Promotion,Beginner,27,CR000002,2025-05-30T11:10:43,0.29,0.799,0.111,0.041,0.192,0.34
CAND000252,Become an AI Engineer in just 7 days - no experience needed!,Become an AI Engineer in just 7 days - no experience needed!,Become an AI Engineer in just 7 days - no experience needed!,,Two laptops side by side for a spec comparison,English,0.78,,,,AI/ML,hype,Motivation,Intermediate,76,CR000047,2025-05-07T08:44:18,0.279,0.771,0.155,0.065,0.258,0.141
CAND000253,HLD explained simply,Learn hld explained simply in under a minute,"Let's break down the basics of Data Structures step by step, starting from what it actually is.",,Neural network diagram with labeled layers,Malayalam,0.9,,,,Web Development,tech_educational,Project Help,Beginner,73,CR000095,2025-05-12T09:05:38,0.921,0.171,0.967,0.485,0.702,0.296
CAND000254,Dart developers be like,POV: debugging Dart at 2am,When your Dart code works on the first try but you have no idea why. Every developer knows this feeling.,// Dart example,Split-screen code and output comparison,English,0.88,Dart,,,Software Engineering,programming_meme,Entertainment,Beginner,10,CR000093,2025-01-05T08:52:48,0.252,0.168,0.226,0.157,0.383,0.907
CAND000255,Football moment that broke the internet,Football content - just for laughs,"If you're preparing for placements, don't just memorize Web Development answers - understand how it actually works under the hood.",,Dance/lipsync trend clip,Hindi,0.78,,,,Football,entertainment,Entertainment,Intermediate,71,CR000092,2025-09-16T20:33:36,0.335,0.116,0.164,0.135,0.239,0.746
CAND000256,Cybersecurity News update (2025),Latest in Cybersecurity News,"If you're preparing for placements, don't just memorize Design Patterns answers - understand how it actually works under the hood.",,Cybersecurity terminal showing network commands,English,0.77,,Nginx|Git,,Technology News,tech_news,News,Intermediate,67,CR000001,2025-06-28T07:39:33,0.583,0.22,0.194,0.196,0.475,0.167
CAND000257,Python explained simply,Learn python explained simply in under a minute,"If you're preparing for placements, don't just memorize Python answers - understand how it actually works under the hood.",def train_model(data): ...,Terminal window running Python commands,English,0.9,Python,,,Hardware,tech_educational,Curiosity,Intermediate,87,CR000066,2025-02-05T04:56:18,0.752,0.393,0.844,0.519,0.706,0.106
CAND000258,Movies moment that broke the internet,Movies content - just for laughs,"Indha video la naam Blockchain pathi parkalam. First, blockchain basics, then a quick example with real code.",,Movie clip montage with trending audio,Tamil-English,0.86,,,,Movies,entertainment,Entertainment,Advanced,30,CR000019,2025-08-24T07:17:00,0.554,0.289,0.29,0.213,0.343,0.836
CAND000259,Movies moment that broke the internet,Movies content - just for laughs,"Let's break down the basics of Frontend step by step, starting from what it actually is.",,Stadium crowd celebrating a goal/wicket,English,0.78,,,,Movies,entertainment,Entertainment,Beginner,83,CR000015,2025-05-28T20:57:20,0.289,0.502,0.285,0.166,0.244,0.988
CAND000260,PHP explained simply,Learn php explained simply in under a minute,"Ee video lo manam PHP gurinchi chuddam. First, php basics, then a quick example with real code.",,Split-screen code and output comparison,Telugu-English,0.84,PHP|Kotlin|SQL,Terraform,Next.js,Web Development,tech_educational,Learning,Intermediate,22,CR000024,2025-06-15T20:59:18,0.612,0.111,0.447,0.447,0.473,0.078
CAND000261,Football moment that broke the internet,Football content - just for laughs,"Ee video alli navu AI/ML bagge nodona. First, ai/ml basics, then a quick example with real code.",,Dance/lipsync trend clip,Kannada-English,0.97,,,,Football,entertainment,Entertainment,Beginner,67,CR000092,2025-04-19T09:52:49,0.806,0.071,0.291,0.181,0.668,0.818
CAND000262,Comedy moment that broke the internet,Comedy content - just for laughs,"Aaj hum dekhenge ki R kaise kaam karta hai. First, r basics, then a quick example with real code.",,Dance/lipsync trend clip,Hindi-English,0.98,R|Python|PHP,,,Comedy,entertainment,Humor,Intermediate,68,CR000029,2025-09-05T00:06:22,0.36,0.377,0.15,0.114,0.259,1.0
CAND000263,Lifestyle moment that broke the internet,Lifestyle content - just for laughs,"Here's how Scala behaves at scale, and the trade-offs engineers make in production systems.",// Scala example,Stadium crowd celebrating a goal/wicket,Telugu,0.84,Scala,,,Lifestyle,entertainment,Humor,Advanced,9,CR000099,2025-01-19T10:56:48,0.52,0.235,0.264,0.056,0.382,0.762
CAND000264,Cloud News update (2025),Latest in Cloud News,"Aaj hum dekhenge ki Data Structures kaise kaam karta hai. First, data structures basics, then a quick example with real code.",,Cybersecurity terminal showing network commands,Hindi-English,0.9,,GraphQL|MongoDB,,Technology News,tech_news,News,Beginner,70,CR000030,2025-02-13T18:54:24,0.554,0.167,0.214,0.168,0.475,0.228
CAND000265,DSA explained simply,Learn dsa explained simply in under a minute,"Let's break down the basics of Algorithms step by step, starting from what it actually is.",,Gaming setup with GPU comparison on screen,English,0.97,,,TensorFlow,Software Engineering,tech_educational,Project Help,Beginner,83,CR000028,2025-09-01T13:52:46,0.395,0.068,0.506,0.546,0.367,0.344
CAND000266,Cybersecurity News update (2026),Latest in Cybersecurity News,"Let's break down the basics of C step by step, starting from what it actually is.",public static void main(String[] args),Terminal window running C commands,English,0.87,C|Java,Azure|Terraform,,Technology News,tech_news,News,Beginner,20,CR000021,2025-01-20T06:03:27,0.365,0.102,0.234,0.0,0.326,0.33
CAND000267,Technical Interviews,Technical Interviews - what nobody tells you,"Here's how Ruby behaves at scale, and the trade-offs engineers make in production systems.",,Laptop screen showing Ruby code in an IDE,English,0.8,Ruby,,,Career,career,Motivation,Advanced,78,CR000007,2025-11-21T09:15:36,0.28,0.344,0.177,0.639,0.168,0.213
CAND000268,How Load Balancers Actually Work,Learn how load balancers actually work in under a minute,"Aaj hum dekhenge ki AI/ML kaise kaam karta hai. First, ai/ml basics, then a quick example with real code.",,Two laptops side by side for a spec comparison,Hindi-English,0.96,,AWS|Docker,,Blockchain,tech_educational,Learning,Beginner,29,CR000052,2025-06-06T02:28:42,0.388,0.108,0.46,0.511,0.143,0.239
CAND000269,REST vs GraphQL: What to Use When,Learn rest vs graphql: what to use when in under a minute,"If you're preparing for placements, don't just memorize Distributed Systems answers - understand how it actually works under the hood.",,Person explaining AWS architecture using a whiteboard,English,0.8,,Jenkins,Next.js,AI/ML,tech_educational,Project Help,Intermediate,81,CR000021,2025-10-24T07:04:39,0.482,0.125,0.412,0.456,0.417,0.118
CAND000270,Memes moment that broke the internet,Memes content - just for laughs,"Ee video lo manam DSA gurinchi chuddam. First, dsa basics, then a quick example with real code.",,Movie clip montage with trending audio,Telugu-English,0.96,,,,Memes,entertainment,Entertainment,Beginner,85,CR000074,2025-04-09T01:43:56,0.626,0.219,0.123,0.064,0.457,0.718
CAND000271,Microservices explained simply,Learn microservices explained simply in under a minute,"Aaj hum dekhenge ki Cloud kaise kaam karta hai. First, cloud basics, then a quick example with real code.",,Person explaining AWS architecture using a whiteboard,Hindi-English,0.82,,Elasticsearch,,Frontend,tech_educational,Learning,Beginner,43,CR000014,2025-03-27T03:20:42,0.452,0.458,0.498,0.453,0.281,0.317
CAND000272,Music moment that broke the internet,Music content - just for laughs,"Let's break down the basics of System Design step by step, starting from what it actually is.",,Funny reaction clip with captions,Kannada,0.86,,,,Music,entertainment,Entertainment,Beginner,39,CR000008,2025-05-05T21:05:33,0.383,0.126,0.236,0.13,0.258,0.792
CAND000273,Football moment that broke the internet,Football content - just for laughs,"Here's how Networking behaves at scale, and the trade-offs engineers make in production systems.",,Stadium crowd celebrating a goal/wicket,Bengali,0.86,,,,Football,entertainment,Humor,Advanced,55,CR000099,2025-07-26T18:45:43,0.769,0.208,0.338,0.137,0.545,0.895
CAND000274,Cricket moment that broke the internet,Cricket content - just for laughs,"If you're preparing for placements, don't just memorize JavaScript answers - understand how it actually works under the hood.",const res = await fetch('/api/data');,Dance/lipsync trend clip,English,0.85,JavaScript,,,Cricket,entertainment,Humor,Intermediate,72,CR000080,2025-08-28T00:36:04,0.417,0.186,0.225,0.131,0.35,0.811
CAND000275,Swift developers be like,POV: debugging Swift at 2am,When your Swift code works on the first try but you have no idea why. Every developer knows this feeling.,,Terminal window running Swift commands,English,0.75,Swift,,,Software Engineering,programming_meme,Entertainment,Beginner,62,CR000084,2025-02-16T04:19:18,0.692,0.284,0.038,0.116,0.451,0.827
CAND000276,Learn EVERYTHING about coding in 24 hours!,Learn EVERYTHING about coding in 24 hours!,Top secret AI trick recruiters don't want you to know,,Person explaining AWS architecture using a whiteboard,Hindi,0.78,,,,Career,hype,Promotion,Beginner,76,CR000058,2025-08-09T04:34:42,0.311,0.892,0.354,0.314,0.221,0.358
CAND000277,Hardware Launches update (2026),Latest in Hardware Launches,"Let's break down the basics of C++ step by step, starting from what it actually is.",,Whiteboard diagram explaining system architecture,English,0.87,C++|Scala,MongoDB|AWS,,Technology News,tech_news,News,Beginner,50,CR000100,2025-05-18T22:17:53,0.556,0.231,0.255,0.225,0.433,0.424
CAND000278,DSA explained simply,Learn dsa explained simply in under a minute,"Let's break down the basics of AI/ML step by step, starting from what it actually is.",,Cybersecurity terminal showing network commands,English,0.82,,Kafka|Redis,,DevOps,tech_educational,Project Help,Beginner,26,CR000002,2025-10-07T19:57:57,0.282,0.122,0.273,0.567,0.329,0.291
CAND000279,System Design explained simply,Learn system design explained simply in under a minute,"Let's break down the basics of Backend step by step, starting from what it actually is.",,Neural network diagram with labeled layers,English,0.82,,,Django,Data Science,tech_educational,Learning,Beginner,60,CR000051,2025-04-07T18:28:50,0.64,0.032,0.543,0.603,0.501,0.329
CAND000280,Software Engineering Careers,Software Engineering Careers - what nobody tells you,"Let's break down the basics of C++ step by step, starting from what it actually is.",,Terminal window running C++ commands,English,0.86,C++,,,Career,career,Career,Beginner,18,CR000081,2025-10-10T03:00:58,0.646,0.355,0.105,0.673,0.515,0.359
CAND000281,LLD explained simply,Learn lld explained simply in under a minute,"Let's break down the basics of Distributed Systems step by step, starting from what it actually is.",,Neural network diagram with labeled layers,English,0.8,,Kubernetes|Jenkins,,Career,tech_educational,Interview Preparation,Beginner,43,CR000076,2025-08-12T11:25:41,0.408,0.363,0.429,0.489,0.401,0.218
CAND000282,Hardware Launches update (2025),Latest in Hardware Launches,"Let's break down the basics of DevOps step by step, starting from what it actually is.",,Gaming setup with GPU comparison on screen,Kannada,0.87,,Azure|Redis,,Technology News,tech_news,News,Beginner,68,CR000008,2025-01-08T06:08:41,0.867,0.28,0.273,0.195,0.707,0.344
CAND000283,Football moment that broke the internet,Football content - just for laughs,"Indha video la naam REST pathi parkalam. First, rest basics, then a quick example with real code.",,Dance/lipsync trend clip,Tamil-English,0.93,,,,Football,entertainment,Humor,Intermediate,32,CR000027,2025-07-09T00:41:43,0.621,0.242,0.183,0.225,0.566,0.945
CAND000284,How Database Indexes Speed Up Queries,Learn how database indexes speed up queries in under a minute,"If you're preparing for placements, don't just memorize Scala answers - understand how it actually works under the hood.",,Terminal window running Scala commands,Tamil,0.79,Scala,Git|Docker,,DevOps,tech_educational,Interview Preparation,Intermediate,80,CR000059,2025-11-27T02:20:01,0.906,0.213,0.804,0.496,0.72,0.321
CAND000285,HLD explained simply,Learn hld explained simply in under a minute,"If you're preparing for placements, don't just memorize DevOps answers - understand how it actually works under the hood.",,Neural network diagram with labeled layers,English,0.95,,GCP,.NET,Data Science,tech_educational,Interview Preparation,Intermediate,85,CR000003,2025-02-12T00:38:02,0.359,0.214,0.331,0.623,0.278,0.302
CAND000286,PHP developers be like,POV: debugging PHP at 2am,When your PHP code works on the first try but you have no idea why. Every developer knows this feeling.,// PHP example,Laptop screen showing PHP code in an IDE,English,0.81,PHP,,,Software Engineering,programming_meme,Entertainment,Beginner,27,CR000085,2025-08-06T04:54:31,0.504,0.366,0.178,0.192,0.355,0.714
CAND000287,Learn EVERYTHING about coding in 24 hours!,Learn EVERYTHING about coding in 24 hours!,Become an AI Engineer in just 7 days - no experience needed!,,Gaming setup with GPU comparison on screen,English,0.92,,,,Career,hype,Promotion,Beginner,27,CR000036,2025-02-16T07:52:27,0.321,0.631,0.258,0.175,0.375,0.294
CAND000288,Lifestyle moment that broke the internet,Lifestyle content - just for laughs,"Ee video alli navu Concurrency bagge nodona. First, concurrency basics, then a quick example with real code.",,Stadium crowd celebrating a goal/wicket,Kannada-English,0.89,,,,Lifestyle,entertainment,Humor,Advanced,79,CR000042,2025-09-04T13:45:45,0.142,0.562,0.221,0.103,0.196,0.841
CAND000289,Go explained simply,Learn go explained simply in under a minute,"Let's break down the basics of Go step by step, starting from what it actually is.",,Laptop screen showing Go code in an IDE,Malayalam,0.96,Go,,.NET,Web Development,tech_educational,Curiosity,Beginner,20,CR000099,2025-08-20T09:39:55,0.471,0.239,0.382,0.436,0.411,0.162
CAND000290,Comedy moment that broke the internet,Comedy content - just for laughs,"If you're preparing for placements, don't just memorize Data Science answers - understand how it actually works under the hood.",,Funny reaction clip with captions,English,0.93,,,,Comedy,entertainment,Entertainment,Intermediate,72,CR000045,2025-08-16T06:40:51,0.69,0.292,0.059,0.083,0.444,0.741
CAND000291,Memes moment that broke the internet,Memes content - just for laughs,"Let's break down the basics of Caching step by step, starting from what it actually is.",,Movie clip montage with trending audio,English,0.75,,,,Memes,entertainment,Entertainment,Beginner,61,CR000086,2025-08-04T18:30:17,0.258,0.465,0.285,0.059,0.273,0.868
CAND000292,Comedy moment that broke the internet,Comedy content - just for laughs,"Here's how Blockchain behaves at scale, and the trade-offs engineers make in production systems.",,Dance/lipsync trend clip,English,0.85,,,,Comedy,entertainment,Humor,Advanced,60,CR000073,2025-05-22T17:24:01,0.615,0.312,0.276,0.277,0.44,0.737
CAND000293,Placement Prep,Placement Prep - what nobody tells you,"If you're preparing for placements, don't just memorize Swift answers - understand how it actually works under the hood.",// Scala example,Whiteboard diagram explaining system architecture,Tamil,0.82,Swift|Scala,,,Career,career,Interview Preparation,Intermediate,84,CR000055,2025-07-18T00:40:30,0.9,0.321,0.214,0.754,0.712,0.097
CAND000294,10 AI tools that will GUARANTEE you a job in 2027!!!,10 AI tools that will GUARANTEE you a job in 2027!!!,"This ONE skill will make you ₹50 LPA, guaranteed!",,Neural network diagram with labeled layers,English,0.76,,,,AI/ML,hype,Promotion,Intermediate,54,CR000054,2025-09-22T17:01:21,0.203,0.915,0.195,0.16,0.15,0.346
CAND000295,Cricket moment that broke the internet,Cricket content - just for laughs,"Let's break down the basics of Data Science step by step, starting from what it actually is.",,Funny reaction clip with captions,English,0.96,,,,Cricket,entertainment,Humor,Beginner,10,CR000026,2025-05-09T07:24:26,0.62,0.421,0.107,0.2,0.495,0.978
CAND000296,Lifestyle moment that broke the internet,Lifestyle content - just for laughs,"Ee video lo manam C gurinchi chuddam. First, c basics, then a quick example with real code.",// C example,Dance/lipsync trend clip,Telugu-English,0.99,C,,,Lifestyle,entertainment,Entertainment,Intermediate,85,CR000038,2025-02-11T10:53:35,0.709,0.245,0.115,0.163,0.57,0.886
CAND000297,Software Engineering Careers,Software Engineering Careers - what nobody tells you,"If you're preparing for placements, don't just memorize Load Balancing answers - understand how it actually works under the hood.",,Person explaining AWS architecture using a whiteboard,English,0.77,,,,Career,career,Career,Intermediate,48,CR000076,2025-11-04T23:16:40,0.376,0.214,0.248,0.679,0.278,0.352
CAND000298,TypeScript explained simply,Learn typescript explained simply in under a minute,"Let's break down the basics of TypeScript step by step, starting from what it actually is.",// TypeScript example,Terminal window running TypeScript commands,English,0.86,TypeScript,,Flask,Frontend,tech_educational,Interview Preparation,Beginner,35,CR000061,2025-06-07T13:13:33,0.477,0.197,0.407,0.456,0.426,0.351
CAND000299,Lifestyle moment that broke the internet,Lifestyle content - just for laughs,"If you're preparing for placements, don't just memorize System Design answers - understand how it actually works under the hood.",,Dance/lipsync trend clip,English,0.85,,,,Lifestyle,entertainment,Humor,Intermediate,77,CR000060,2025-11-13T16:31:44,0.301,0.22,0.183,0.269,0.193,0.827
CAND000300,Dart explained simply,Learn dart explained simply in under a minute,"Here's how Dart behaves at scale, and the trade-offs engineers make in production systems.",,Split-screen code and output comparison,English,0.93,Dart|Rust,Kubernetes,Node.js,DevOps,tech_educational,Interview Preparation,Advanced,85,CR000012,2025-11-21T00:06:01,0.657,0.492,0.684,0.428,0.52,0.152
CAND000301,Learn EVERYTHING about coding in 24 hours!,Learn EVERYTHING about coding in 24 hours!,You NEED to learn this or you'll be jobless by 2027,,Two laptops side by side for a spec comparison,Hindi-English,0.83,,,,Career,hype,Motivation,Advanced,35,CR000006,2025-06-30T12:34:55,0.278,0.406,0.109,0.125,0.186,0.247
CAND000302,Rust developers be like,POV: debugging Rust at 2am,When your Rust code works on the first try but you have no idea why. Every developer knows this feeling.,let mut v: Vec<i32> = Vec::new();,Laptop screen showing Rust code in an IDE,Telugu-English,0.81,Rust,,,Software Engineering,programming_meme,Entertainment,Beginner,9,CR000091,2025-01-31T12:44:10,0.632,0.419,0.085,0.268,0.49,0.999
CAND000303,Cricket moment that broke the internet,Cricket content - just for laughs,"If you're preparing for placements, don't just memorize OOP answers - understand how it actually works under the hood.",,Dance/lipsync trend clip,English,0.94,,,,Cricket,entertainment,Humor,Intermediate,65,CR000080,2025-02-07T17:25:39,0.552,0.178,0.244,0.169,0.483,0.729
CAND000304,Memes moment that broke the internet,Memes content - just for laughs,"If you're preparing for placements, don't just memorize Blockchain answers - understand how it actually works under the hood.",,Funny reaction clip with captions,English,0.88,,,,Memes,entertainment,Humor,Intermediate,68,CR000084,2025-10-06T12:53:32,0.683,0.491,0.162,0.102,0.495,0.829
CAND000305,Movies moment that broke the internet,Movies content - just for laughs,"Let's break down the basics of DevOps step by step, starting from what it actually is.",,Dance/lipsync trend clip,English,0.99,,,,Movies,entertainment,Entertainment,Beginner,13,CR000080,2025-07-12T11:16:56,0.581,0.524,0.099,0.049,0.366,0.781
CAND000306,Programming developers be like,POV: debugging Programming at 2am,When your Generative AI code works on the first try but you have no idea why. Every developer knows this feeling.,,Person explaining AWS architecture using a whiteboard,Kannada-English,0.98,,,,Software Engineering,programming_meme,Entertainment,Beginner,76,CR000008,2025-06-07T11:10:23,0.824,0.116,0.12,0.156,0.592,0.839
CAND000307,Explaining Consistent Hashing,Learn explaining consistent hashing in under a minute,"Ee video alli navu R bagge nodona. First, r basics, then a quick example with real code.",// R example,Split-screen code and output comparison,Kannada-English,0.85,R,,Ktor,DevOps,tech_educational,Curiosity,Beginner,31,CR000088,2025-07-29T22:39:50,0.208,0.148,0.302,0.445,0.097,0.277
CAND000308,System Design: Designing a URL Shortener,Learn system design: designing a url shortener in under a minute,"If you're preparing for placements, don't just memorize Web Development answers - understand how it actually works under the hood.",,Cybersecurity terminal showing network commands,Telugu,0.94,,,Node.js,Deep Learning,tech_educational,Interview Preparation,Intermediate,13,CR000064,2025-07-26T20:37:10,0.515,0.2,0.471,0.577,0.508,0.494
CAND000309,DSA explained simply,Learn dsa explained simply in under a minute,"Let's break down the basics of Hardware step by step, starting from what it actually is.",,Cybersecurity terminal showing network commands,Malayalam,0.88,,,,DevOps,tech_educational,Interview Preparation,Beginner,83,CR000083,2025-04-10T15:37:41,0.618,0.206,0.566,0.597,0.575,0.229
CAND000310,10 AI tools that will GUARANTEE you a job in 2026!!!,10 AI tools that will GUARANTEE you a job in 2026!!!,You NEED to learn this or you'll be jobless by 2026,,Neural network diagram with labeled layers,English,0.89,,,,AI/ML,hype,Promotion,Beginner,8,CR000044,2025-11-13T03:25:55,0.32,0.78,0.397,0.196,0.217,0.245
CAND000311,Become an AI Engineer in just 7 days - no experience needed!,Become an AI Engineer in just 7 days - no experience needed!,10 AI tools that will GUARANTEE you a job in 2027!!!,,Two laptops side by side for a spec comparison,English,0.8,,,,AI/ML,hype,Promotion,Intermediate,46,CR000033,2025-06-22T04:54:39,0.474,0.723,0.216,0.119,0.419,0.216
CAND000312,Movies moment that broke the internet,Movies content - just for laughs,"Aaj hum dekhenge ki System Design kaise kaam karta hai. First, system design basics, then a quick example with real code.",,Dance/lipsync trend clip,Hindi-English,0.96,,,,Movies,entertainment,Humor,Beginner,18,CR000074,2025-10-16T23:09:58,0.47,0.2,0.262,0.297,0.549,0.837
CAND000313,Developer Tools update (2025),Latest in Developer Tools,"If you're preparing for placements, don't just memorize Ruby answers - understand how it actually works under the hood.",,Laptop screen showing Ruby code in an IDE,English,0.89,Ruby,Kubernetes|MongoDB,,Technology News,tech_news,News,Intermediate,18,CR000087,2025-10-01T01:04:48,0.47,0.461,0.275,0.208,0.405,0.389
CAND000314,Football moment that broke the internet,Football content - just for laughs,"Let's break down the basics of APIs step by step, starting from what it actually is.",,Stadium crowd celebrating a goal/wicket,English,0.83,,,,Football,entertainment,Entertainment,Beginner,44,CR000039,2025-11-20T00:28:07,0.381,0.516,0.194,0.0,0.284,0.73
CAND000315,Gaming moment that broke the internet,Gaming content - just for laughs,"Let's break down the basics of Frontend step by step, starting from what it actually is.",,Movie clip montage with trending audio,Hindi,0.92,,,,Gaming,entertainment,Entertainment,Beginner,71,CR000054,2025-09-19T03:21:08,0.593,0.253,0.17,0.126,0.495,0.907
CAND000316,Comedy moment that broke the internet,Comedy content - just for laughs,"If you're preparing for placements, don't just memorize Dart answers - understand how it actually works under the hood.",// Dart example,Funny reaction clip with captions,English,0.78,Dart,,,Comedy,entertainment,Humor,Intermediate,10,CR000061,2025-10-17T17:25:37,0.591,0.182,0.255,0.0,0.396,0.994
CAND000317,Designing a Scalable Backend API: From Code to Cloud,Learn designing a scalable backend api: from code to cloud in under a minute,"If you're preparing for placements, don't just memorize Ruby answers - understand how it actually works under the hood.",let mut v: Vec<i32> = Vec::new();,Laptop screen showing Ruby code in an IDE,English,0.77,Ruby|Scala|Rust,,TensorFlow,Networking,tech_educational,Curiosity,Intermediate,23,CR000064,2025-02-16T22:31:09,0.481,0.225,0.337,0.466,0.218,0.248
CAND000318,Memory Management explained simply,Learn memory management explained simply in under a minute,"Let's break down the basics of System Design step by step, starting from what it actually is.",,Two laptops side by side for a spec comparison,English,0.76,,,Vue,Networking,tech_educational,Project Help,Beginner,21,CR000005,2025-08-22T00:46:28,0.884,0.12,0.98,0.385,0.78,0.36
CAND000319,Python developers be like,POV: debugging Python at 2am,When your Python code works on the first try but you have no idea why. Every developer knows this feeling.,,Whiteboard diagram explaining system architecture,English,0.86,Python|Scala,,,Software Engineering,programming_meme,Entertainment,Beginner,55,CR000053,2025-06-28T03:32:13,0.245,0.553,0.287,0.108,0.27,0.792
CAND000320,Become an AI Engineer in just 7 days - no experience needed!,Become an AI Engineer in just 7 days - no experience needed!,Top secret AI trick recruiters don't want you to know,,Person explaining AWS architecture using a whiteboard,Telugu,0.82,,,,AI/ML,hype,Motivation,Advanced,73,CR000080,2025-11-21T18:10:08,0.451,0.918,0.246,0.093,0.414,0.327
CAND000321,C developers be like,POV: debugging C at 2am,When your C code works on the first try but you have no idea why. Every developer knows this feeling.,// C example,Whiteboard diagram explaining system architecture,Telugu-English,0.86,C,,,Software Engineering,programming_meme,Entertainment,Beginner,24,CR000025,2025-02-10T07:56:46,0.525,0.433,0.241,0.115,0.426,0.779
CAND000322,Comedy moment that broke the internet,Comedy content - just for laughs,"Indha video la naam Swift pathi parkalam. First, swift basics, then a quick example with real code.",,Funny reaction clip with captions,Tamil-English,0.87,Swift|C,,,Comedy,entertainment,Humor,Intermediate,59,CR000034,2025-11-03T10:12:51,0.461,0.406,0.154,0.169,0.287,0.765
CAND000323,AI News update (2025),Latest in AI News,"Let's break down the basics of C# step by step, starting from what it actually is.",,Split-screen code and output comparison,English,0.88,C#,Kubernetes|PostgreSQL,,Technology News,tech_news,News,Beginner,38,CR000076,2025-03-11T00:40:52,0.451,0.376,0.19,0.203,0.49,0.335
CAND000324,Gaming moment that broke the internet,Gaming content - just for laughs,"If you're preparing for placements, don't just memorize Backend answers - understand how it actually works under the hood.",,Movie clip montage with trending audio,English,0.77,,,,Gaming,entertainment,Humor,Intermediate,60,CR000028,2025-08-04T10:45:16,0.849,0.723,0.226,0.187,0.628,0.765
CAND000325,Cybersecurity News update (2026),Latest in Cybersecurity News,"Indha video la naam Rust pathi parkalam. First, rust basics, then a quick example with real code.",,Terminal window running Rust commands,Tamil-English,0.77,Rust|C,Terraform|PostgreSQL,,Technology News,tech_news,News,Beginner,20,CR000099,2025-11-25T21:58:55,0.521,0.165,0.1,0.194,0.322,0.222
CAND000326,Kotlin explained simply,Learn kotlin explained simply in under a minute,"Indha video la naam Kotlin pathi parkalam. First, kotlin basics, then a quick example with real code.",// Kotlin example,Terminal window running Kotlin commands,Tamil-English,0.79,Kotlin,Azure|Redis,,Data Science,tech_educational,Learning,Intermediate,30,CR000080,2025-03-11T23:36:07,0.667,0.137,0.436,0.413,0.62,0.301
CAND000327,Algorithms explained simply,Learn algorithms explained simply in under a minute,"Let's break down the basics of Career step by step, starting from what it actually is.",,Person explaining AWS architecture using a whiteboard,Telugu,0.81,,,Node.js,Cloud,tech_educational,Project Help,Beginner,28,CR000073,2025-05-09T14:25:15,0.452,0.147,0.338,0.567,0.349,0.171
CAND000328,Design Patterns explained simply,Learn design patterns explained simply in under a minute,"Let's break down the basics of System Design step by step, starting from what it actually is.",,Person explaining AWS architecture using a whiteboard,English,0.84,,,Ktor,Web Development,tech_educational,Curiosity,Beginner,69,CR000028,2025-02-15T12:04:46,0.736,0.3,0.769,0.416,0.637,0.289
CAND000329,Hardware Launches update (2026),Latest in Hardware Launches,"If you're preparing for placements, don't just memorize Ruby answers - understand how it actually works under the hood.",// Ruby example,Split-screen code and output comparison,English,0.91,Ruby,Git|PostgreSQL,,Technology News,tech_news,News,Intermediate,23,CR000056,2025-10-18T15:37:51,0.328,0.133,0.089,0.154,0.301,0.179
CAND000330,C++ developers be like,POV: debugging C++ at 2am,When your C++ code works on the first try but you have no idea why. Every developer knows this feeling.,"int main() { std::cout << ""hi""; }",Terminal window running C++ commands,Hindi-English,0.8,C++,,,Software Engineering,programming_meme,Entertainment,Intermediate,46,CR000094,2025-10-18T19:26:25,0.677,0.327,0.188,0.033,0.486,0.938
CAND000331,How Load Balancers Actually Work,Learn how load balancers actually work in under a minute,"Ee video lo manam Java gurinchi chuddam. First, java basics, then a quick example with real code.",,Whiteboard diagram explaining system architecture,Telugu-English,0.87,Java,,Next.js,Career,tech_educational,Interview Preparation,Beginner,15,CR000056,2025-11-05T02:11:09,0.599,0.342,0.513,0.555,0.457,0.144
CAND000332,Lifestyle moment that broke the internet,Lifestyle content - just for laughs,"If you're preparing for placements, don't just memorize Load Balancing answers - understand how it actually works under the hood.",,Stadium crowd celebrating a goal/wicket,Malayalam,0.76,,,,Lifestyle,entertainment,Entertainment,Intermediate,43,CR000080,2025-05-20T22:45:07,0.78,0.359,0.149,0.158,0.483,0.929
CAND000333,Music moment that broke the internet,Music content - just for laughs,"Ee video alli navu Databases bagge nodona. First, databases basics, then a quick example with real code.",,Dance/lipsync trend clip,Kannada-English,0.89,,,,Music,entertainment,Humor,Beginner,26,CR000096,2025-02-20T08:59:35,0.431,0.362,0.341,0.14,0.323,0.834
CAND000334,Cloud News update (2026),Latest in Cloud News,"If you're preparing for placements, don't just memorize Load Balancing answers - understand how it actually works under the hood.",,Cybersecurity terminal showing network commands,English,0.96,,PostgreSQL|Terraform,,Technology News,tech_news,News,Intermediate,19,CR000070,2025-09-23T18:59:55,0.783,0.101,0.114,0.22,0.503,0.177
CAND000335,Resume Tips,Resume Tips - what nobody tells you,"Ee video lo manam DSA gurinchi chuddam. First, dsa basics, then a quick example with real code.",,Neural network diagram with labeled layers,Telugu-English,0.79,,,,Career,career,Career,Intermediate,58,CR000060,2025-10-13T08:51:28,0.568,0.088,0.273,0.632,0.419,0.227
CAND000336,Cricket moment that broke the internet,Cricket content - just for laughs,"Let's break down the basics of Java step by step, starting from what it actually is.",public static void main(String[] args),Dance/lipsync trend clip,Tamil,0.92,Java,,,Cricket,entertainment,Entertainment,Beginner,15,CR000087,2025-02-24T04:36:38,0.637,0.083,0.035,0.042,0.605,0.83
CAND000337,Internship Advice,Internship Advice - what nobody tells you,"Let's break down the basics of PHP step by step, starting from what it actually is.",,Laptop screen showing PHP code in an IDE,English,0.89,PHP,,,Career,career,Career,Beginner,63,CR000069,2025-04-26T10:48:23,0.647,0.288,0.155,0.711,0.513,0.297
CAND000338,Music moment that broke the internet,Music content - just for laughs,"Ee video lo manam Swift gurinchi chuddam. First, swift basics, then a quick example with real code.",,Dance/lipsync trend clip,Telugu-English,0.8,Swift,,,Music,entertainment,Humor,Advanced,52,CR000045,2025-03-07T08:01:09,0.465,0.432,0.234,0.108,0.343,0.775
CAND000339,Memes moment that broke the internet,Memes content - just for laughs,"Aaj hum dekhenge ki LLD kaise kaam karta hai. First, lld basics, then a quick example with real code.",,Funny reaction clip with captions,Hindi-English,0.98,,,,Memes,entertainment,Entertainment,Beginner,55,CR000008,2025-05-15T17:20:10,0.496,0.486,0.166,0.237,0.404,0.871
CAND000340,Rust explained simply,Learn rust explained simply in under a minute,"Here's how Rust behaves at scale, and the trade-offs engineers make in production systems.",,Split-screen code and output comparison,English,0.97,Rust,,,DevOps,tech_educational,Curiosity,Advanced,73,CR000089,2025-08-27T17:47:56,0.669,0.208,0.602,0.458,0.397,0.283
CAND000341,Placement Prep,Placement Prep - what nobody tells you,"Let's break down the basics of TypeScript step by step, starting from what it actually is.",,Whiteboard diagram explaining system architecture,English,0.92,TypeScript,,,Career,career,Interview Preparation,Beginner,60,CR000046,2025-01-03T17:35:16,0.655,0.266,0.205,0.647,0.538,0.254
CAND000342,Memes moment that broke the internet,Memes content - just for laughs,"If you're preparing for placements, don't just memorize LLD answers - understand how it actually works under the hood.",,Movie clip montage with trending audio,English,0.84,,,,Memes,entertainment,Humor,Intermediate,88,CR000097,2025-10-12T12:14:59,0.391,0.27,0.047,0.196,0.291,0.888
CAND000343,Python explained simply,Learn python explained simply in under a minute,"Here's how Python behaves at scale, and the trade-offs engineers make in production systems.",,Whiteboard diagram explaining system architecture,English,0.91,Python,,,Deep Learning,tech_educational,Learning,Advanced,56,CR000066,2025-03-17T12:16:19,0.521,0.376,0.507,0.559,0.443,0.137
CAND000344,DSA explained simply,Learn dsa explained simply in under a minute,"If you're preparing for placements, don't just memorize Distributed Systems answers - understand how it actually works under the hood.",,Neural network diagram with labeled layers,English,0.88,,,Svelte,Data Science,tech_educational,Learning,Intermediate,35,CR000028,2025-03-21T15:44:23,0.329,0.229,0.376,0.672,0.213,0.287
CAND000345,TypeScript explained simply,Learn typescript explained simply in under a minute,"If you're preparing for placements, don't just memorize TypeScript answers - understand how it actually works under the hood.",// TypeScript example,Terminal window running TypeScript commands,Telugu,0.89,TypeScript,,Vue,Networking,tech_educational,Interview Preparation,Intermediate,19,CR000056,2025-07-30T22:47:44,0.411,0.404,0.31,0.535,0.405,0.289
CAND000346,Designing a Scalable Backend API: From Code to Cloud,Learn designing a scalable backend api: from code to cloud in under a minute,"Let's break down the basics of R step by step, starting from what it actually is.",,Laptop screen showing R code in an IDE,English,0.91,R,,Angular,Deep Learning,tech_educational,Project Help,Beginner,17,CR000020,2025-06-06T23:21:18,0.566,0.189,0.587,0.546,0.27,0.265
CAND000347,SQL explained simply,Learn sql explained simply in under a minute,"Let's break down the basics of SQL step by step, starting from what it actually is.",// Scala example,Whiteboard diagram explaining system architecture,English,0.92,SQL|R|Scala,,,Generative AI,tech_educational,Project Help,Beginner,72,CR000070,2025-07-02T18:32:32,0.343,0.501,0.302,0.554,0.201,0.412
CAND000348,Resume Tips,Resume Tips - what nobody tells you,"Let's break down the basics of Generative AI step by step, starting from what it actually is.",,Neural network diagram with labeled layers,English,0.98,,,,Career,career,Career,Beginner,74,CR000048,2025-10-17T13:16:39,0.206,0.423,0.128,0.779,0.208,0.254
CAND000349,How ML Engineers Deploy Models,Learn how ml engineers deploy models in under a minute,"Let's break down the basics of C step by step, starting from what it actually is.",// C example,Whiteboard diagram explaining system architecture,Kannada,0.96,C,Jenkins|Redis,,Networking,tech_educational,Interview Preparation,Beginner,67,CR000049,2025-03-02T00:01:10,0.81,0.164,0.832,0.438,0.69,0.21
CAND000350,Programming developers be like,POV: debugging Programming at 2am,When your Networking code works on the first try but you have no idea why. Every developer knows this feeling.,,Cybersecurity terminal showing network commands,Kannada-English,0.75,,,,Software Engineering,programming_meme,Entertainment,Beginner,51,CR000051,2025-08-16T23:12:33,0.566,0.248,0.25,0.0,0.461,0.841
CAND000351,Resume Tips,Resume Tips - what nobody tells you,"If you're preparing for placements, don't just memorize Microservices answers - understand how it actually works under the hood.",,Neural network diagram with labeled layers,English,0.89,,,,Career,career,Interview Preparation,Intermediate,37,CR000098,2025-10-01T08:10:12,0.331,0.143,0.336,0.735,0.346,0.245
CAND000352,Go explained simply,Learn go explained simply in under a minute,"Aaj hum dekhenge ki Go kaise kaam karta hai. First, go basics, then a quick example with real code.","func main() { fmt.Println(""hello"") }",Whiteboard diagram explaining system architecture,Hindi-English,0.76,Go|C++,,,Mobile Development,tech_educational,Curiosity,Intermediate,13,CR000079,2025-06-01T20:44:46,0.972,0.027,1.0,0.666,0.609,0.258
CAND000353,Swift explained simply,Learn swift explained simply in under a minute,"Let's break down the basics of Swift step by step, starting from what it actually is.",// Swift example,Laptop screen showing Swift code in an IDE,English,0.86,Swift,,,Blockchain,tech_educational,Interview Preparation,Beginner,72,CR000065,2025-01-27T06:29:26,0.402,0.167,0.368,0.578,0.393,0.278
CAND000354,Movies moment that broke the internet,Movies content - just for laughs,"Let's break down the basics of C step by step, starting from what it actually is.",// C example,Dance/lipsync trend clip,English,0.84,C,,,Movies,entertainment,Entertainment,Beginner,72,CR000008,2025-02-24T08:10:36,0.521,0.521,0.231,0.117,0.471,0.865
CAND000355,Design Patterns explained simply,Learn design patterns explained simply in under a minute,"If you're preparing for placements, don't just memorize Algorithms answers - understand how it actually works under the hood.",,Cybersecurity terminal showing network commands,English,0.98,,,,Software Engineering,tech_educational,Curiosity,Intermediate,50,CR000098,2025-11-04T11:01:42,0.873,0.243,0.992,0.606,0.89,0.1
CAND000356,Football moment that broke the internet,Football content - just for laughs,"Ee video lo manam Cybersecurity gurinchi chuddam. First, cybersecurity basics, then a quick example with real code.",,Dance/lipsync trend clip,Telugu-English,0.97,,,,Football,entertainment,Entertainment,Intermediate,52,CR000059,2025-01-29T01:55:58,0.549,0.291,0.071,0.199,0.344,0.934
CAND000357,Lifestyle moment that broke the internet,Lifestyle content - just for laughs,"Indha video la naam Generative AI pathi parkalam. First, generative ai basics, then a quick example with real code.",,Stadium crowd celebrating a goal/wicket,Tamil-English,0.88,,,,Lifestyle,entertainment,Humor,Intermediate,41,CR000092,2025-11-30T13:22:08,0.317,0.372,0.202,0.263,0.281,0.664
CAND000358,Movies moment that broke the internet,Movies content - just for laughs,"If you're preparing for placements, don't just memorize REST answers - understand how it actually works under the hood.",,Dance/lipsync trend clip,English,0.8,,,,Movies,entertainment,Entertainment,Intermediate,82,CR000054,2025-02-08T07:24:02,0.771,0.439,0.221,0.261,0.736,0.918
CAND000359,Design Patterns explained simply,Learn design patterns explained simply in under a minute,"Indha video la naam Design Patterns pathi parkalam. First, design patterns basics, then a quick example with real code.",,Gaming setup with GPU comparison on screen,Tamil-English,0.91,,MongoDB,,DevOps,tech_educational,Curiosity,Intermediate,71,CR000005,2025-11-17T13:48:41,0.547,0.304,0.64,0.505,0.43,0.334
CAND000360,Go developers be like,POV: debugging Go at 2am,When your Go code works on the first try but you have no idea why. Every developer knows this feeling.,"func main() { fmt.Println(""hello"") }",Split-screen code and output comparison,Telugu-English,0.82,Go|C,,,Software Engineering,programming_meme,Entertainment,Beginner,12,CR000073,2025-06-08T04:15:45,0.913,0.16,0.404,0.101,0.703,0.797
CAND000361,Become an AI Engineer in just 7 days - no experience needed!,Become an AI Engineer in just 7 days - no experience needed!,You NEED to learn this or you'll be jobless by 2027,,Two laptops side by side for a spec comparison,English,0.93,,,,AI/ML,hype,Motivation,Advanced,28,CR000023,2025-03-12T08:25:31,0.484,0.614,0.257,0.193,0.204,0.182
CAND000362,Memes moment that broke the internet,Memes content - just for laughs,"Let's break down the basics of Microservices step by step, starting from what it actually is.",,Movie clip montage with trending audio,English,0.9,,,,Memes,entertainment,Humor,Beginner,66,CR000077,2025-05-04T12:52:00,0.841,0.086,0.277,0.19,0.597,0.996
CAND000363,Programming developers be like,POV: debugging Programming at 2am,When your Blockchain code works on the first try but you have no idea why. Every developer knows this feeling.,,Person explaining AWS architecture using a whiteboard,English,0.91,,,,Software Engineering,programming_meme,Entertainment,Beginner,16,CR000048,2025-09-09T21:01:44,0.463,0.202,0.202,0.154,0.351,0.891
CAND000364,Gaming moment that broke the internet,Gaming content - just for laughs,"Ee video lo manam Memory Management gurinchi chuddam. First, memory management basics, then a quick example with real code.",,Dance/lipsync trend clip,Telugu-English,0.94,,,,Gaming,entertainment,Humor,Beginner,25,CR000097,2025-04-08T11:41:55,0.566,0.729,0.246,0.072,0.484,0.923
CAND000365,Why Rust's Ownership Model Prevents Memory Bugs,Learn why rust's ownership model prevents memory bugs in under a minute,"Let's break down the basics of Design Patterns step by step, starting from what it actually is.",,Two laptops side by side for a spec comparison,Bengali,0.83,,Kafka|Docker,,Data Science,tech_educational,Curiosity,Beginner,48,CR000059,2025-09-20T15:46:34,0.642,0.329,0.602,0.392,0.561,0.21
CAND000366,C explained simply,Learn c explained simply in under a minute,"If you're preparing for placements, don't just memorize C answers - understand how it actually works under the hood.",// Ruby example,Laptop screen showing C code in an IDE,English,0.98,C|Ruby|Dart,Azure,,DevOps,tech_educational,Learning,Intermediate,71,CR000079,2025-05-18T03:37:35,0.938,0.055,0.892,0.537,0.612,0.266
CAND000367,Celebrity Fiction moment that broke the internet,Celebrity Fiction content - just for laughs,"Let's break down the basics of Software Engineering step by step, starting from what it actually is.",,Dance/lipsync trend clip,Kannada,0.82,,,,Celebrity Fiction,entertainment,Entertainment,Beginner,76,CR000045,2025-09-30T02:30:11,0.567,0.357,0.317,0.072,0.375,0.926
CAND000368,Programming developers be like,POV: debugging Programming at 2am,When your Software Engineering code works on the first try but you have no idea why. Every developer knows this feeling.,,Neural network diagram with labeled layers,English,0.93,,,,Software Engineering,programming_meme,Entertainment,Beginner,33,CR000071,2025-03-07T05:58:44,0.209,0.2,0.175,0.239,0.233,0.841
CAND000369,Football moment that broke the internet,Football content - just for laughs,"Let's break down the basics of Software Engineering step by step, starting from what it actually is.",,Stadium crowd celebrating a goal/wicket,English,0.83,,,,Football,entertainment,Entertainment,Beginner,63,CR000049,2025-09-23T13:56:56,0.323,0.495,0.069,0.16,0.164,0.998
CAND000370,Java explained simply,Learn java explained simply in under a minute,"Let's break down the basics of Java step by step, starting from what it actually is.",public static void main(String[] args),Split-screen code and output comparison,English,0.8,Java,GCP,Vue,Blockchain,tech_educational,Curiosity,Beginner,51,CR000030,2025-01-21T17:28:28,0.929,0.389,1.0,0.554,0.733,0.222
CAND000371,Celebrity Fiction moment that broke the internet,Celebrity Fiction content - just for laughs,"If you're preparing for placements, don't just memorize Memory Management answers - understand how it actually works under the hood.",,Movie clip montage with trending audio,English,0.79,,,,Celebrity Fiction,entertainment,Entertainment,Intermediate,24,CR000018,2025-07-18T09:23:35,0.35,0.273,0.14,0.123,0.38,0.863
CAND000372,Comedy moment that broke the internet,Comedy content - just for laughs,"If you're preparing for placements, don't just memorize Distributed Systems answers - understand how it actually works under the hood.",,Stadium crowd celebrating a goal/wicket,English,0.98,,,,Comedy,entertainment,Humor,Intermediate,38,CR000019,2025-01-12T22:29:51,0.228,0.243,0.104,0.155,0.262,0.897
CAND000373,Football moment that broke the internet,Football content - just for laughs,"Ee video alli navu Python bagge nodona. First, python basics, then a quick example with real code.",,Dance/lipsync trend clip,Kannada-English,0.96,Python,,,Football,entertainment,Entertainment,Advanced,43,CR000035,2025-01-24T09:33:55,0.379,0.205,0.117,0.066,0.268,0.804
CAND000374,Learn EVERYTHING about coding in 24 hours!,Learn EVERYTHING about coding in 24 hours!,"This ONE skill will make you ₹50 LPA, guaranteed!",,Person explaining AWS architecture using a whiteboard,Bengali,0.86,,,,Career,hype,Motivation,Intermediate,31,CR000046,2025-05-08T19:24:12,0.679,0.572,0.184,0.166,0.547,0.172
CAND000375,Career Roadmaps,Career Roadmaps - what nobody tells you,"Here's how Rust behaves at scale, and the trade-offs engineers make in production systems.",let mut v: Vec<i32> = Vec::new();,Terminal window running Rust commands,English,0.95,Rust|Kotlin|Scala,,,Career,career,Motivation,Advanced,25,CR000026,2025-02-04T02:11:23,0.728,0.234,0.203,0.693,0.465,0.225
CAND000376,Ruby developers be like,POV: debugging Ruby at 2am,When your Ruby code works on the first try but you have no idea why. Every developer knows this feeling.,// Ruby example,Split-screen code and output comparison,Hindi-English,0.78,Ruby|JavaScript,,,Software Engineering,programming_meme,Entertainment,Beginner,56,CR000092,2025-03-08T17:41:32,0.471,0.206,0.097,0.188,0.358,0.792
CAND000377,Programming developers be like,POV: debugging Programming at 2am,When your APIs code works on the first try but you have no idea why. Every developer knows this feeling.,,Neural network diagram with labeled layers,Telugu,0.86,,,,Software Engineering,programming_meme,Entertainment,Intermediate,19,CR000067,2025-01-25T19:58:24,0.581,0.414,0.0,0.233,0.466,1.0
CAND000378,Comedy moment that broke the internet,Comedy content - just for laughs,"Indha video la naam HLD pathi parkalam. First, hld basics, then a quick example with real code.",,Stadium crowd celebrating a goal/wicket,Tamil-English,0.87,,,,Comedy,entertainment,Humor,Intermediate,87,CR000022,2025-03-18T11:33:50,0.093,0.199,0.325,0.064,0.0,1.0
CAND000379,Football moment that broke the internet,Football content - just for laughs,"If you're preparing for placements, don't just memorize Networking answers - understand how it actually works under the hood.",,Dance/lipsync trend clip,English,0.84,,,,Football,entertainment,Entertainment,Intermediate,36,CR000029,2025-01-31T22:02:20,0.514,0.258,0.075,0.215,0.459,0.77
CAND000380,SQL developers be like,POV: debugging SQL at 2am,When your SQL code works on the first try but you have no idea why. Every developer knows this feeling.,,Terminal window running SQL commands,Hindi-English,0.92,SQL,,,Software Engineering,programming_meme,Entertainment,Intermediate,51,CR000072,2025-06-25T02:11:11,0.621,0.123,0.252,0.079,0.604,0.851
CAND000381,How Load Balancers Actually Work,Learn how load balancers actually work in under a minute,"Let's break down the basics of R step by step, starting from what it actually is.",// R example,Terminal window running R commands,English,0.93,R,MongoDB|PostgreSQL,,Career,tech_educational,Learning,Beginner,66,CR000029,2025-10-26T08:11:18,0.602,0.388,0.597,0.641,0.296,0.163
CAND000382,Python developers be like,POV: debugging Python at 2am,When your Python code works on the first try but you have no idea why. Every developer knows this feeling.,,Terminal window running Python commands,English,0.98,Python|Swift,,,Software Engineering,programming_meme,Entertainment,Beginner,60,CR000017,2025-05-19T19:17:26,0.71,0.197,0.253,0.285,0.443,0.882
CAND000383,Lifestyle moment that broke the internet,Lifestyle content - just for laughs,"Indha video la naam Ruby pathi parkalam. First, ruby basics, then a quick example with real code.",,Stadium crowd celebrating a goal/wicket,Tamil-English,0.77,Ruby,,,Lifestyle,entertainment,Entertainment,Intermediate,21,CR000036,2025-03-03T20:16:13,0.213,0.386,0.219,0.034,0.119,0.864
CAND000384,Dart explained simply,Learn dart explained simply in under a minute,"Ee video alli navu Dart bagge nodona. First, dart basics, then a quick example with real code.",// Dart example,Whiteboard diagram explaining system architecture,Kannada-English,0.86,Dart,MongoDB,Vue,Networking,tech_educational,Project Help,Advanced,56,CR000066,2025-07-13T22:58:01,0.491,0.592,0.393,0.672,0.456,0.176
CAND000385,AI News update (2025),Latest in AI News,"If you're preparing for placements, don't just memorize C answers - understand how it actually works under the hood.",// C example,Laptop screen showing C code in an IDE,English,0.9,C,MongoDB|Terraform,,Technology News,tech_news,News,Intermediate,31,CR000058,2025-05-22T10:24:02,0.549,0.382,0.296,0.064,0.364,0.43
CAND000386,Programming Language Updates update (2026),Latest in Programming Language Updates,"Let's break down the basics of Mobile Development step by step, starting from what it actually is.",,Two laptops side by side for a spec comparison,English,0.84,,GCP|Nginx,,Technology News,tech_news,News,Beginner,27,CR000009,2025-11-03T10:12:16,0.469,0.313,0.204,0.242,0.286,0.231
CAND000387,Celebrity Fiction moment that broke the internet,Celebrity Fiction content - just for laughs,"Let's break down the basics of R step by step, starting from what it actually is.",// R example,Movie clip montage with trending audio,English,0.8,R|Ruby,,,Celebrity Fiction,entertainment,Entertainment,Beginner,66,CR000030,2025-08-20T05:04:00,0.334,0.715,0.286,0.035,0.372,1.0
CAND000388,TypeScript explained simply,Learn typescript explained simply in under a minute,"Let's break down the basics of TypeScript step by step, starting from what it actually is.",// TypeScript example,Terminal window running TypeScript commands,English,0.79,TypeScript,Terraform|Redis,TensorFlow,Career,tech_educational,Project Help,Beginner,68,CR000084,2025-04-25T15:37:26,0.663,0.105,0.809,0.476,0.496,0.28
CAND000389,Programming Language Updates update (2025),Latest in Programming Language Updates,"If you're preparing for placements, don't just memorize Microservices answers - understand how it actually works under the hood.",,Cybersecurity terminal showing network commands,English,0.89,,Git|Kafka,,Technology News,tech_news,News,Intermediate,81,CR000019,2025-08-27T08:06:45,0.329,0.328,0.109,0.18,0.511,0.351
CAND000390,C explained simply,Learn c explained simply in under a minute,"Ee video alli navu C bagge nodona. First, c basics, then a quick example with real code.",// C example,Split-screen code and output comparison,Kannada-English,0.89,C,,,Cloud,tech_educational,Interview Preparation,Intermediate,44,CR000047,2025-07-14T09:33:29,0.918,0.217,0.976,0.556,0.826,0.225
CAND000391,Java explained simply,Learn java explained simply in under a minute,"If you're preparing for placements, don't just memorize Java answers - understand how it actually works under the hood.",public static void main(String[] args),Whiteboard diagram explaining system architecture,English,0.82,Java,,Django,Generative AI,tech_educational,Project Help,Intermediate,10,CR000087,2025-01-24T13:26:43,0.647,0.067,0.742,0.572,0.401,0.344
CAND000392,Comedy moment that broke the internet,Comedy content - just for laughs,"Here's how Algorithms behaves at scale, and the trade-offs engineers make in production systems.",,Funny reaction clip with captions,Hindi,0.78,,,,Comedy,entertainment,Entertainment,Advanced,40,CR000073,2025-09-03T12:02:14,0.586,0.582,0.234,0.24,0.442,0.757
CAND000393,5 tools that will REPLACE every programmer by 2027,5 tools that will REPLACE every programmer by 2027,5 tools that will REPLACE every programmer by 2026,,Neural network diagram with labeled layers,English,0.82,,,,Career,hype,Promotion,Beginner,33,CR000096,2025-03-30T07:23:03,0.536,0.51,0.225,0.123,0.427,0.349
CAND000394,Resume Tips,Resume Tips - what nobody tells you,"Let's break down the basics of APIs step by step, starting from what it actually is.",,Neural network diagram with labeled layers,English,0.93,,,,Career,career,Motivation,Beginner,76,CR000090,2025-04-12T11:13:40,0.62,0.245,0.178,0.801,0.532,0.368
CAND000395,Cloud News update (2025),Latest in Cloud News,"If you're preparing for placements, don't just memorize C answers - understand how it actually works under the hood.",,Whiteboard diagram explaining system architecture,English,0.78,C|Swift,Redis|AWS,,Technology News,tech_news,News,Intermediate,13,CR000073,2025-09-30T00:19:22,0.599,0.319,0.154,0.107,0.521,0.302
CAND000396,Become an AI Engineer in just 7 days - no experience needed!,Become an AI Engineer in just 7 days - no experience needed!,5 tools that will REPLACE every programmer by 2026,,Cybersecurity terminal showing network commands,English,0.78,,,,AI/ML,hype,Motivation,Advanced,57,CR000029,2025-05-12T18:05:35,0.239,0.617,0.251,0.036,0.164,0.163
CAND000397,Gaming moment that broke the internet,Gaming content - just for laughs,"Indha video la naam Networking pathi parkalam. First, networking basics, then a quick example with real code.",,Movie clip montage with trending audio,Tamil-English,0.89,,,,Gaming,entertainment,Humor,Beginner,8,CR000076,2025-03-25T03:14:05,0.518,0.611,0.248,0.159,0.383,0.882
CAND000398,Learn EVERYTHING about coding in 24 hours!,Learn EVERYTHING about coding in 24 hours!,Learn EVERYTHING about coding in 24 hours!,,Cybersecurity terminal showing network commands,English,0.82,,,,Career,hype,Promotion,Intermediate,39,CR000054,2025-03-02T02:28:53,0.557,0.6,0.231,0.175,0.291,0.052
CAND000399,REST explained simply,Learn rest explained simply in under a minute,"Ee video alli navu Distributed Systems bagge nodona. First, distributed systems basics, then a quick example with real code.",,Neural network diagram with labeled layers,Kannada-English,0.75,,Docker|Kafka,,DevOps,tech_educational,Learning,Beginner,35,CR000093,2025-07-04T00:21:25,0.679,0.112,0.716,0.482,0.401,0.258
CAND000400,REST vs GraphQL: What to Use When,Learn rest vs graphql: what to use when in under a minute,"Let's break down the basics of Python step by step, starting from what it actually is.",def train_model(data): ...,Terminal window running Python commands,Malayalam,0.85,Python,Docker,Node.js,Deep Learning,tech_educational,Project Help,Beginner,77,CR000062,2025-02-08T15:47:37,0.737,0.118,0.696,0.712,0.498,0.355
CAND000401,Become an AI Engineer in just 7 days - no experience needed!,Become an AI Engineer in just 7 days - no experience needed!,Become an AI Engineer in just 7 days - no experience needed!,,Cybersecurity terminal showing network commands,English,0.77,,,,AI/ML,hype,Motivation,Beginner,66,CR000088,2025-11-10T13:43:32,0.451,0.542,0.221,0.127,0.486,0.224
CAND000402,AI News update (2025),Latest in AI News,"Let's break down the basics of Kotlin step by step, starting from what it actually is.",// Kotlin example,Split-screen code and output comparison,Hindi,0.77,Kotlin,GraphQL|PostgreSQL,,Technology News,tech_news,News,Beginner,58,CR000010,2025-11-14T20:02:34,0.256,0.441,0.336,0.078,0.272,0.182
CAND000403,Building a Production ML API,Learn building a production ml api in under a minute,"Let's break down the basics of SQL step by step, starting from what it actually is.",,Whiteboard diagram explaining system architecture,English,0.81,SQL,Azure|MongoDB,PyTorch,Software Engineering,tech_educational,Interview Preparation,Beginner,27,CR000008,2025-08-02T23:36:15,0.511,0.139,0.538,0.449,0.437,0.232
CAND000404,Kotlin explained simply,Learn kotlin explained simply in under a minute,"If you're preparing for placements, don't just memorize Kotlin answers - understand how it actually works under the hood.",SELECT * FROM students;,Whiteboard diagram explaining system architecture,English,0.82,Kotlin|SQL,,,Backend,tech_educational,Interview Preparation,Intermediate,17,CR000041,2025-02-13T14:21:27,0.642,0.197,0.758,0.673,0.507,0.34
CAND000405,Developer Tools update (2025),Latest in Developer Tools,"If you're preparing for placements, don't just memorize Swift answers - understand how it actually works under the hood.",// Swift example,Laptop screen showing Swift code in an IDE,English,0.97,Swift,Kubernetes|Azure,,Technology News,tech_news,News,Intermediate,89,CR000076,2025-06-13T13:01:03,0.361,0.223,0.264,0.187,0.317,0.367
CAND000406,PHP developers be like,POV: debugging PHP at 2am,When your PHP code works on the first try but you have no idea why. Every developer knows this feeling.,// Dart example,Whiteboard diagram explaining system architecture,English,0.98,PHP|Dart|Go,,,Software Engineering,programming_meme,Entertainment,Advanced,36,CR000083,2025-10-13T02:31:13,0.389,0.098,0.266,0.222,0.458,0.818
CAND000407,Rust explained simply,Learn rust explained simply in under a minute,"Ee video alli navu Rust bagge nodona. First, rust basics, then a quick example with real code.",let mut v: Vec<i32> = Vec::new();,Laptop screen showing Rust code in an IDE,Kannada-English,0.89,Rust,,Svelte,Networking,tech_educational,Interview Preparation,Beginner,23,CR000055,2025-10-16T09:54:19,0.787,0.129,0.806,0.537,0.553,0.278
CAND000408,Dart developers be like,POV: debugging Dart at 2am,When your Dart code works on the first try but you have no idea why. Every developer knows this feeling.,// Dart example,Laptop screen showing Dart code in an IDE,Hindi-English,0.93,Dart,,,Software Engineering,programming_meme,Entertainment,Advanced,35,CR000051,2025-05-11T17:06:44,0.373,0.26,0.232,0.311,0.357,0.828
CAND000409,Placement Prep,Placement Prep - what nobody tells you,"Let's break down the basics of Ruby step by step, starting from what it actually is.",// Ruby example,Terminal window running Ruby commands,English,0.95,Ruby|R,,,Career,career,Interview Preparation,Beginner,63,CR000091,2025-11-07T13:26:18,0.918,0.135,0.149,0.687,0.633,0.225
CAND000410,SQL explained simply,Learn sql explained simply in under a minute,"Let's break down the basics of SQL step by step, starting from what it actually is.",SELECT * FROM students;,Laptop screen showing SQL code in an IDE,English,0.98,SQL,,,Web Development,tech_educational,Project Help,Beginner,43,CR000003,2025-05-03T20:10:14,0.874,0.236,0.988,0.523,0.647,0.009
CAND000411,Gaming moment that broke the internet,Gaming content - just for laughs,"Let's break down the basics of DSA step by step, starting from what it actually is.",,Funny reaction clip with captions,English,0.76,,,,Gaming,entertainment,Humor,Beginner,67,CR000080,2025-02-19T16:05:19,0.585,0.491,0.267,0.22,0.499,0.922
CAND000412,Programming Language Updates update (2025),Latest in Programming Language Updates,"If you're preparing for placements, don't just memorize JavaScript answers - understand how it actually works under the hood.",const res = await fetch('/api/data');,Laptop screen showing JavaScript code in an IDE,English,0.9,JavaScript,Linux|MongoDB,,Technology News,tech_news,News,Intermediate,15,CR000041,2025-08-07T01:24:20,0.294,0.479,0.124,0.132,0.028,0.203
CAND000413,Cricket moment that broke the internet,Cricket content - just for laughs,"If you're preparing for placements, don't just memorize Mobile Development answers - understand how it actually works under the hood.",,Stadium crowd celebrating a goal/wicket,English,0.97,,,,Cricket,entertainment,Humor,Intermediate,51,CR000075,2025-05-13T15:11:37,0.318,0.369,0.196,0.075,0.341,0.989
CAND000414,Dart developers be like,POV: debugging Dart at 2am,When your Dart code works on the first try but you have no idea why. Every developer knows this feeling.,def train_model(data): ...,Whiteboard diagram explaining system architecture,Bengali,0.86,Dart|Python,,,Software Engineering,programming_meme,Entertainment,Intermediate,8,CR000077,2025-02-15T12:00:55,0.507,0.083,0.243,0.139,0.349,0.835
CAND000415,Developer Tools update (2026),Latest in Developer Tools,"Here's how Python behaves at scale, and the trade-offs engineers make in production systems.",,Whiteboard diagram explaining system architecture,Tamil,0.82,Python|Java|R,Azure|PostgreSQL,,Technology News,tech_news,News,Advanced,74,CR000067,2025-07-17T00:01:28,0.748,0.42,0.147,0.109,0.517,0.333
CAND000416,Cricket moment that broke the internet,Cricket content - just for laughs,"Aaj hum dekhenge ki C kaise kaam karta hai. First, c basics, then a quick example with real code.",// Dart example,Funny reaction clip with captions,Hindi-English,0.77,C|JavaScript|Dart,,,Cricket,entertainment,Humor,Advanced,21,CR000083,2025-06-16T22:02:12,0.773,0.282,0.153,0.133,0.638,0.857
CAND000417,Understanding Vector Databases,Learn understanding vector databases in under a minute,"Let's break down the basics of Dart step by step, starting from what it actually is.",// Dart example,Whiteboard diagram explaining system architecture,English,0.78,Dart,,Vue,Frontend,tech_educational,Project Help,Beginner,58,CR000081,2025-06-09T16:12:41,0.634,0.165,0.579,0.583,0.439,0.196
CAND000418,Design Patterns explained simply,Learn design patterns explained simply in under a minute,"Ee video lo manam Generative AI gurinchi chuddam. First, generative ai basics, then a quick example with real code.",,Neural network diagram with labeled layers,Telugu-English,0.97,,Azure|Git,React,Blockchain,tech_educational,Project Help,Beginner,51,CR000021,2025-02-21T14:02:00,0.468,0.248,0.575,0.386,0.325,0.05
CAND000419,SQL explained simply,Learn sql explained simply in under a minute,"Let's break down the basics of SQL step by step, starting from what it actually is.",,Terminal window running SQL commands,English,0.9,SQL,Nginx|Linux,.NET,Networking,tech_educational,Project Help,Beginner,86,CR000037,2025-09-13T02:03:53,0.43,0.027,0.504,0.395,0.484,0.242
CAND000420,Technical Interviews,Technical Interviews - what nobody tells you,"Let's break down the basics of Dart step by step, starting from what it actually is.",def train_model(data): ...,Laptop screen showing Dart code in an IDE,English,0.78,Dart|Python|Swift,,,Career,career,Motivation,Beginner,74,CR000037,2025-05-23T21:17:20,0.788,0.088,0.301,0.641,0.563,0.243
CAND000421,Memes moment that broke the internet,Memes content - just for laughs,"Let's break down the basics of Algorithms step by step, starting from what it actually is.",,Funny reaction clip with captions,English,0.95,,,,Memes,entertainment,Humor,Beginner,39,CR000079,2025-10-26T16:14:08,0.528,0.496,0.228,0.057,0.531,0.971
CAND000422,C developers be like,POV: debugging C at 2am,When your C code works on the first try but you have no idea why. Every developer knows this feeling.,// C example,Laptop screen showing C code in an IDE,Kannada-English,0.88,C,,,Software Engineering,programming_meme,Entertainment,Beginner,61,CR000058,2025-04-02T23:08:27,0.47,0.125,0.287,0.134,0.225,1.0
CAND000423,Learn EVERYTHING about coding in 24 hours!,Learn EVERYTHING about coding in 24 hours!,You NEED to learn this or you'll be jobless by 2027,,Two laptops side by side for a spec comparison,English,0.86,,,,Career,hype,Motivation,Beginner,50,CR000031,2025-02-03T22:35:44,0.308,0.97,0.16,0.102,0.26,0.2
CAND000424,C developers be like,POV: debugging C at 2am,When your C code works on the first try but you have no idea why. Every developer knows this feeling.,// C example,Whiteboard diagram explaining system architecture,Bengali,0.89,C,,,Software Engineering,programming_meme,Entertainment,Beginner,52,CR000011,2025-06-25T01:32:56,0.654,0.323,0.261,0.043,0.536,0.883
CAND000425,Celebrity Fiction moment that broke the internet,Celebrity Fiction content - just for laughs,"Indha video la naam R pathi parkalam. First, r basics, then a quick example with real code.",,Stadium crowd celebrating a goal/wicket,Tamil-English,0.77,R,,,Celebrity Fiction,entertainment,Entertainment,Beginner,47,CR000085,2025-05-24T23:13:08,0.335,0.09,0.19,0.127,0.266,0.67
CAND000426,Music moment that broke the internet,Music content - just for laughs,"Let's break down the basics of Databases step by step, starting from what it actually is.",,Dance/lipsync trend clip,English,0.77,,,,Music,entertainment,Humor,Beginner,74,CR000002,2025-09-26T08:12:38,0.575,0.411,0.268,0.151,0.502,0.993
CAND000427,R developers be like,POV: debugging R at 2am,When your R code works on the first try but you have no idea why. Every developer knows this feeling.,// R example,Whiteboard diagram explaining system architecture,English,0.78,R|Rust|TypeScript,,,Software Engineering,programming_meme,Entertainment,Advanced,27,CR000086,2025-07-31T05:46:11,0.542,0.218,0.151,0.032,0.428,0.824
CAND000428,Become an AI Engineer in just 7 days - no experience needed!,Become an AI Engineer in just 7 days - no experience needed!,You NEED to learn this or you'll be jobless by 2027,,Person explaining AWS architecture using a whiteboard,English,0.98,,,,AI/ML,hype,Motivation,Beginner,43,CR000013,2025-10-02T16:30:12,0.177,0.702,0.256,0.232,0.06,0.271
CAND000429,You NEED to learn this or you'll be jobless by 2026,You NEED to learn this or you'll be jobless by 2026,5 tools that will REPLACE every programmer by 2027,,Neural network diagram with labeled layers,Telugu-English,0.97,,,,Career,hype,Motivation,Beginner,20,CR000090,2025-08-11T12:34:32,0.545,0.646,0.142,0.204,0.477,0.164
CAND000430,Java explained simply,Learn java explained simply in under a minute,"Let's break down the basics of Java step by step, starting from what it actually is.","int main() { std::cout << ""hi""; }",Whiteboard diagram explaining system architecture,English,0.96,Java|C++,,,Software Engineering,tech_educational,Project Help,Beginner,82,CR000015,2025-09-12T19:59:58,0.858,0.28,0.756,0.416,0.738,0.29
CAND000431,Lifestyle moment that broke the internet,Lifestyle content - just for laughs,"Here's how Hardware behaves at scale, and the trade-offs engineers make in production systems.",,Funny reaction clip with captions,English,0.9,,,,Lifestyle,entertainment,Entertainment,Advanced,30,CR000039,2025-02-06T14:54:26,0.458,0.624,0.212,0.034,0.245,0.847
CAND000432,Cricket moment that broke the internet,Cricket content - just for laughs,"Ee video alli navu Hardware bagge nodona. First, hardware basics, then a quick example with real code.",,Dance/lipsync trend clip,Kannada-English,0.84,,,,Cricket,entertainment,Entertainment,Beginner,40,CR000022,2025-07-08T02:58:31,0.135,0.151,0.193,0.144,0.173,0.86
CAND000433,TypeScript explained simply,Learn typescript explained simply in under a minute,"Here's how TypeScript behaves at scale, and the trade-offs engineers make in production systems.",,Terminal window running TypeScript commands,English,0.98,TypeScript,Nginx,,Software Engineering,tech_educational,Curiosity,Advanced,24,CR000090,2025-01-08T21:23:55,0.771,0.212,0.84,0.484,0.637,0.205
CAND000434,PHP explained simply,Learn php explained simply in under a minute,"Indha video la naam PHP pathi parkalam. First, php basics, then a quick example with real code.",,Whiteboard diagram explaining system architecture,Tamil-English,0.98,PHP,,,Backend,tech_educational,Interview Preparation,Beginner,46,CR000081,2025-06-22T21:14:48,0.731,0.383,0.723,0.469,0.506,0.302
CAND000435,Football moment that broke the internet,Football content - just for laughs,"Let's break down the basics of Microservices step by step, starting from what it actually is.",,Stadium crowd celebrating a goal/wicket,English,0.99,,,,Football,entertainment,Humor,Beginner,12,CR000093,2025-03-20T13:53:46,0.599,0.277,0.052,0.088,0.361,0.698
CAND000436,JavaScript explained simply,Learn javascript explained simply in under a minute,"Aaj hum dekhenge ki JavaScript kaise kaam karta hai. First, javascript basics, then a quick example with real code.",,Split-screen code and output comparison,Hindi-English,0.98,JavaScript|Scala,GraphQL|AWS,,Mobile Development,tech_educational,Learning,Intermediate,49,CR000031,2025-10-26T18:59:21,0.617,0.105,0.649,0.407,0.405,0.34
CAND000437,How Load Balancers Actually Work,Learn how load balancers actually work in under a minute,"If you're preparing for placements, don't just memorize PHP answers - understand how it actually works under the hood.",// PHP example,Terminal window running PHP commands,English,0.88,PHP|Swift,,Svelte,Blockchain,tech_educational,Project Help,Intermediate,78,CR000030,2025-02-21T13:26:24,0.519,0.072,0.445,0.335,0.444,0.201
CAND000438,AI News update (2025),Latest in AI News,"Let's break down the basics of Generative AI step by step, starting from what it actually is.",,Neural network diagram with labeled layers,English,0.82,,Elasticsearch|AWS,,Technology News,tech_news,News,Beginner,9,CR000052,2025-04-07T17:50:17,0.537,0.087,0.271,0.168,0.324,0.227
CAND000439,Programming Language Updates update (2026),Latest in Programming Language Updates,"Let's break down the basics of Dart step by step, starting from what it actually is.",,Whiteboard diagram explaining system architecture,English,0.8,Dart,GCP|GraphQL,,Technology News,tech_news,News,Beginner,65,CR000025,2025-04-30T17:20:53,0.597,0.404,0.364,0.09,0.364,0.157
CAND000440,Programming Language Updates update (2026),Latest in Programming Language Updates,"If you're preparing for placements, don't just memorize R answers - understand how it actually works under the hood.",// Ruby example,Split-screen code and output comparison,Hindi,0.99,R|Ruby,Elasticsearch|AWS,,Technology News,tech_news,News,Intermediate,87,CR000024,2025-08-22T17:14:34,0.495,0.506,0.214,0.138,0.342,0.123
CAND000441,R explained simply,Learn r explained simply in under a minute,"Let's break down the basics of R step by step, starting from what it actually is.",// R example,Split-screen code and output comparison,English,0.88,R,AWS,Ktor,DevOps,tech_educational,Curiosity,Beginner,51,CR000002,2025-03-08T14:17:18,0.454,0.24,0.485,0.522,0.483,0.155
CAND000442,Memes moment that broke the internet,Memes content - just for laughs,"Here's how Hardware behaves at scale, and the trade-offs engineers make in production systems.",,Movie clip montage with trending audio,Malayalam,0.92,,,,Memes,entertainment,Entertainment,Advanced,11,CR000100,2025-02-23T13:08:48,0.41,0.247,0.245,0.18,0.259,0.954
CAND000443,REST explained simply,Learn rest explained simply in under a minute,"If you're preparing for placements, don't just memorize REST answers - understand how it actually works under the hood.",,Two laptops side by side for a spec comparison,Malayalam,0.96,,,,Networking,tech_educational,Project Help,Intermediate,86,CR000059,2025-09-28T18:25:18,0.729,0.361,0.591,0.545,0.699,0.263
CAND000444,Career Roadmaps,Career Roadmaps - what nobody tells you,"If you're preparing for placements, don't just memorize Design Patterns answers - understand how it actually works under the hood.",,Gaming setup with GPU comparison on screen,English,0.78,,,,Career,career,Interview Preparation,Intermediate,46,CR000046,2025-08-15T15:38:03,0.703,0.38,0.134,0.689,0.455,0.218
CAND000445,Programming developers be like,POV: debugging Programming at 2am,When your Frontend code works on the first try but you have no idea why. Every developer knows this feeling.,,Neural network diagram with labeled layers,English,0.93,,,,Software Engineering,programming_meme,Entertainment,Beginner,44,CR000014,2025-06-26T19:42:51,0.582,0.241,0.149,0.165,0.309,0.837
CAND000446,Learn EVERYTHING about coding in 24 hours!,Learn EVERYTHING about coding in 24 hours!,"This ONE skill will make you ₹50 LPA, guaranteed!",,Two laptops side by side for a spec comparison,Kannada-English,0.86,,,,Career,hype,Motivation,Beginner,26,CR000033,2025-09-05T10:27:49,0.463,0.895,0.101,0.182,0.362,0.375
CAND000447,Gaming moment that broke the internet,Gaming content - just for laughs,"Aaj hum dekhenge ki Deep Learning kaise kaam karta hai. First, deep learning basics, then a quick example with real code.",,Dance/lipsync trend clip,Hindi-English,0.97,,,,Gaming,entertainment,Entertainment,Beginner,76,CR000055,2025-10-14T05:52:54,0.334,0.138,0.143,0.108,0.333,0.892
CAND000448,5 tools that will REPLACE every programmer by 2027,5 tools that will REPLACE every programmer by 2027,You NEED to learn this or you'll be jobless by 2026,,Gaming setup with GPU comparison on screen,Telugu-English,0.81,,,,Career,hype,Motivation,Beginner,16,CR000027,2025-05-28T21:23:12,0.11,0.87,0.177,0.16,0.078,0.388
CAND000449,Lifestyle moment that broke the internet,Lifestyle content - just for laughs,"If you're preparing for placements, don't just memorize DevOps answers - understand how it actually works under the hood.",,Funny reaction clip with captions,English,0.93,,,,Lifestyle,entertainment,Entertainment,Intermediate,25,CR000010,2025-07-05T04:20:58,0.467,0.072,0.247,0.047,0.387,0.831
CAND000450,JavaScript developers be like,POV: debugging JavaScript at 2am,When your JavaScript code works on the first try but you have no idea why. Every developer knows this feeling.,,Whiteboard diagram explaining system architecture,English,0.94,JavaScript,,,Software Engineering,programming_meme,Entertainment,Beginner,18,CR000064,2025-10-10T01:22:17,0.72,0.2,0.245,0.224,0.688,0.806
CAND000451,Placement Prep,Placement Prep - what nobody tells you,"Let's break down the basics of Go step by step, starting from what it actually is.",,Whiteboard diagram explaining system architecture,English,0.98,Go,,,Career,career,Motivation,Beginner,50,CR000090,2025-06-29T13:54:17,0.34,0.213,0.21,0.797,0.439,0.276
CAND000452,Celebrity Fiction moment that broke the internet,Celebrity Fiction content - just for laughs,"Ee video lo manam DevOps gurinchi chuddam. First, devops basics, then a quick example with real code.",,Funny reaction clip with captions,Telugu-English,0.85,,,,Celebrity Fiction,entertainment,Entertainment,Intermediate,59,CR000034,2025-02-11T04:12:24,0.572,0.569,0.324,0.109,0.543,0.902
CAND000453,REST vs GraphQL: What to Use When,Learn rest vs graphql: what to use when in under a minute,"Let's break down the basics of DSA step by step, starting from what it actually is.",,Neural network diagram with labeled layers,English,0.98,,,Next.js,Web Development,tech_educational,Learning,Beginner,60,CR000073,2025-09-19T20:47:18,0.8,0.17,0.88,0.439,0.647,0.337
CAND000454,Programming Language Updates update (2026),Latest in Programming Language Updates,"Let's break down the basics of C step by step, starting from what it actually is.",// C example,Whiteboard diagram explaining system architecture,English,0.93,C,Git|MongoDB,,Technology News,tech_news,News,Beginner,18,CR000014,2025-02-21T21:55:02,0.589,0.348,0.268,0.093,0.454,0.249
CAND000455,Resume Tips,Resume Tips - what nobody tells you,"Let's break down the basics of R step by step, starting from what it actually is.",// R example,Laptop screen showing R code in an IDE,English,0.76,R|C++,,,Career,career,Career,Beginner,63,CR000075,2025-09-12T00:28:26,0.663,0.257,0.236,0.783,0.457,0.183
CAND000456,C# developers be like,POV: debugging C# at 2am,When your C# code works on the first try but you have no idea why. Every developer knows this feeling.,// C# example,Whiteboard diagram explaining system architecture,English,0.8,C#,,,Software Engineering,programming_meme,Entertainment,Beginner,75,CR000050,2025-02-01T16:50:48,0.303,0.53,0.191,0.269,0.379,1.0
CAND000457,Swift explained simply,Learn swift explained simply in under a minute,"Here's how Swift behaves at scale, and the trade-offs engineers make in production systems.",,Laptop screen showing Swift code in an IDE,Telugu,0.93,Swift|R,Azure,,Generative AI,tech_educational,Learning,Advanced,9,CR000026,2025-08-04T08:47:05,0.813,0.369,0.879,0.475,0.647,0.198
CAND000458,Resume Tips,Resume Tips - what nobody tells you,"Ee video alli navu TypeScript bagge nodona. First, typescript basics, then a quick example with real code.",// TypeScript example,Split-screen code and output comparison,Kannada-English,0.9,TypeScript,,,Career,career,Motivation,Intermediate,59,CR000061,2025-08-17T04:21:43,0.799,0.135,0.235,0.665,0.639,0.292
CAND000459,JavaScript developers be like,POV: debugging JavaScript at 2am,When your JavaScript code works on the first try but you have no idea why. Every developer knows this feeling.,,Terminal window running JavaScript commands,English,0.86,JavaScript,,,Software Engineering,programming_meme,Entertainment,Advanced,48,CR000021,2025-01-03T21:54:13,0.605,0.153,0.233,0.084,0.499,0.855
CAND000460,10 AI tools that will GUARANTEE you a job in 2027!!!,10 AI tools that will GUARANTEE you a job in 2027!!!,You NEED to learn this or you'll be jobless by 2027,,Two laptops side by side for a spec comparison,Kannada-English,0.9,,,,AI/ML,hype,Promotion,Beginner,17,CR000039,2025-06-07T10:47:44,0.822,0.528,0.183,0.201,0.593,0.238
CAND000461,Top secret AI trick recruiters don't want you to know,Top secret AI trick recruiters don't want you to know,Become an AI Engineer in just 7 days - no experience needed!,,Neural network diagram with labeled layers,English,0.9,,,,AI/ML,hype,Promotion,Beginner,43,CR000029,2025-08-23T22:40:07,0.309,0.635,0.094,0.158,0.39,0.134
CAND000462,How Kubernetes Schedules Pods,Learn how kubernetes schedules pods in under a minute,"Let's break down the basics of Swift step by step, starting from what it actually is.",// Swift example,Whiteboard diagram explaining system architecture,English,0.81,Swift,Git,,AI/ML,tech_educational,Project Help,Beginner,28,CR000094,2025-02-01T18:09:16,0.613,0.154,0.599,0.585,0.554,0.136
CAND000463,Become an AI Engineer in just 7 days - no experience needed!,Become an AI Engineer in just 7 days - no experience needed!,"This ONE skill will make you ₹50 LPA, guaranteed!",,Cybersecurity terminal showing network commands,English,0.94,,,,AI/ML,hype,Promotion,Advanced,32,CR000091,2025-04-14T17:11:48,0.485,0.667,0.214,0.199,0.273,0.249
CAND000464,Technical Interviews,Technical Interviews - what nobody tells you,"Ee video alli navu C++ bagge nodona. First, c++ basics, then a quick example with real code.","int main() { std::cout << ""hi""; }",Whiteboard diagram explaining system architecture,Kannada-English,0.8,C++|Java,,,Career,career,Motivation,Intermediate,55,CR000064,2025-08-14T19:47:20,0.942,0.261,0.217,0.627,0.727,0.184
CAND000465,Databases explained simply,Learn databases explained simply in under a minute,"Indha video la naam Microservices pathi parkalam. First, microservices basics, then a quick example with real code.",,Neural network diagram with labeled layers,Tamil-English,0.94,,Redis,,Software Engineering,tech_educational,Interview Preparation,Advanced,86,CR000040,2025-07-18T13:14:14,0.575,0.253,0.7,0.451,0.566,0.346
CAND000466,Memory Management explained simply,Learn memory management explained simply in under a minute,"Ee video lo manam Mobile Development gurinchi chuddam. First, mobile development basics, then a quick example with real code.",,Neural network diagram with labeled layers,Telugu-English,0.84,,,Laravel,Deep Learning,tech_educational,Project Help,Advanced,26,CR000053,2025-04-14T03:02:28,0.47,0.154,0.475,0.534,0.325,0.253
CAND000467,Java explained simply,Learn java explained simply in under a minute,"If you're preparing for placements, don't just memorize Java answers - understand how it actually works under the hood.",public static void main(String[] args),Laptop screen showing Java code in an IDE,English,0.9,Java|Go,,,Mobile Development,tech_educational,Interview Preparation,Intermediate,35,CR000007,2025-05-26T16:46:54,0.647,0.141,0.698,0.621,0.466,0.11
CAND000468,Scala developers be like,POV: debugging Scala at 2am,When your Scala code works on the first try but you have no idea why. Every developer knows this feeling.,// Scala example,Split-screen code and output comparison,English,0.77,Scala,,,Software Engineering,programming_meme,Entertainment,Beginner,25,CR000050,2025-10-26T12:06:50,0.754,0.392,0.087,0.223,0.636,0.948
CAND000469,Rust explained simply,Learn rust explained simply in under a minute,"Let's break down the basics of Rust step by step, starting from what it actually is.",let mut v: Vec<i32> = Vec::new();,Split-screen code and output comparison,English,0.98,Rust,AWS|Nginx,,Hardware,tech_educational,Project Help,Beginner,71,CR000041,2025-07-26T10:31:46,0.677,0.61,0.664,0.46,0.382,0.286
CAND000470,Become an AI Engineer in just 7 days - no experience needed!,Become an AI Engineer in just 7 days - no experience needed!,You NEED to learn this or you'll be jobless by 2027,,Gaming setup with GPU comparison on screen,Tamil-English,0.86,,,,AI/ML,hype,Promotion,Beginner,62,CR000045,2025-03-02T15:15:38,0.268,0.72,0.25,0.26,0.261,0.4
CAND000471,Become an AI Engineer in just 7 days - no experience needed!,Become an AI Engineer in just 7 days - no experience needed!,"This ONE skill will make you ₹50 LPA, guaranteed!",,Two laptops side by side for a spec comparison,Tamil,0.87,,,,AI/ML,hype,Motivation,Beginner,14,CR000073,2025-01-31T23:53:23,0.593,0.73,0.267,0.294,0.471,0.351
CAND000472,Learn EVERYTHING about coding in 24 hours!,Learn EVERYTHING about coding in 24 hours!,"This ONE skill will make you ₹50 LPA, guaranteed!",,Gaming setup with GPU comparison on screen,Kannada-English,0.9,,,,Career,hype,Motivation,Advanced,64,CR000003,2025-10-14T18:22:37,0.449,0.507,0.223,0.176,0.409,0.166
CAND000473,Programming developers be like,POV: debugging Programming at 2am,When your Web Development code works on the first try but you have no idea why. Every developer knows this feeling.,,Neural network diagram with labeled layers,Kannada-English,0.76,,,,Software Engineering,programming_meme,Entertainment,Intermediate,12,CR000072,2025-11-06T05:28:22,0.578,0.088,0.235,0.028,0.449,0.83
CAND000474,AI News update (2025),Latest in AI News,"If you're preparing for placements, don't just memorize JavaScript answers - understand how it actually works under the hood.",SELECT * FROM students;,Laptop screen showing JavaScript code in an IDE,English,0.98,JavaScript|SQL,Nginx|GCP,,Technology News,tech_news,News,Intermediate,48,CR000018,2025-08-06T20:34:06,0.234,0.26,0.308,0.082,0.178,0.202
CAND000475,C# developers be like,POV: debugging C# at 2am,When your C# code works on the first try but you have no idea why. Every developer knows this feeling.,// C# example,Terminal window running C# commands,Hindi,0.77,C#,,,Software Engineering,programming_meme,Entertainment,Beginner,85,CR000089,2025-08-26T15:34:57,0.559,0.359,0.404,0.037,0.432,0.864
CAND000476,Learn EVERYTHING about coding in 24 hours!,Learn EVERYTHING about coding in 24 hours!,Top secret AI trick recruiters don't want you to know,,Neural network diagram with labeled layers,Kannada,0.95,,,,Career,hype,Motivation,Intermediate,28,CR000037,2025-09-16T18:48:24,0.159,0.96,0.242,0.174,0.015,0.287
CAND000477,Resume Tips,Resume Tips - what nobody tells you,"If you're preparing for placements, don't just memorize PHP answers - understand how it actually works under the hood.",public static void main(String[] args),Terminal window running PHP commands,English,0.9,PHP|Java,,,Career,career,Interview Preparation,Intermediate,20,CR000014,2025-09-25T19:13:10,0.867,0.499,0.225,0.763,0.527,0.231
CAND000478,SQL explained simply,Learn sql explained simply in under a minute,"Let's break down the basics of SQL step by step, starting from what it actually is.",SELECT * FROM students;,Split-screen code and output comparison,English,0.77,SQL,Redis|Nginx,,DevOps,tech_educational,Curiosity,Beginner,68,CR000070,2025-07-23T14:55:02,0.824,0.403,0.816,0.399,0.761,0.325
CAND000479,JavaScript explained simply,Learn javascript explained simply in under a minute,"If you're preparing for placements, don't just memorize JavaScript answers - understand how it actually works under the hood.",,Laptop screen showing JavaScript code in an IDE,English,0.89,JavaScript,,,AI/ML,tech_educational,Learning,Intermediate,64,CR000022,2025-11-10T01:22:23,0.746,0.254,0.675,0.494,0.566,0.344
CAND000480,REST vs GraphQL: What to Use When,Learn rest vs graphql: what to use when in under a minute,"Ee video alli navu R bagge nodona. First, r basics, then a quick example with real code.",,Split-screen code and output comparison,Kannada-English,0.95,R,,,Cloud,tech_educational,Learning,Beginner,52,CR000026,2025-03-07T22:33:50,0.777,0.394,0.865,0.51,0.565,0.187
CAND000481,Cybersecurity News update (2025),Latest in Cybersecurity News,"Aaj hum dekhenge ki PHP kaise kaam karta hai. First, php basics, then a quick example with real code.",// PHP example,Terminal window running PHP commands,Hindi-English,0.93,PHP,AWS|PostgreSQL,,Technology News,tech_news,News,Beginner,77,CR000040,2025-06-23T05:31:11,0.451,0.492,0.214,0.229,0.396,0.267
CAND000482,Top secret AI trick recruiters don't want you to know,Top secret AI trick recruiters don't want you to know,You NEED to learn this or you'll be jobless by 2026,,Two laptops side by side for a spec comparison,Tamil-English,0.88,,,,AI/ML,hype,Motivation,Beginner,67,CR000056,2025-06-08T03:39:31,0.198,0.883,0.226,0.192,0.117,0.204
CAND000483,Football moment that broke the internet,Football content - just for laughs,"Ee video alli navu Generative AI bagge nodona. First, generative ai basics, then a quick example with real code.",,Movie clip montage with trending audio,Kannada-English,0.77,,,,Football,entertainment,Entertainment,Intermediate,67,CR000084,2025-07-18T16:22:23,0.421,0.414,0.295,0.184,0.12,0.872
CAND000484,Explaining Consistent Hashing,Learn explaining consistent hashing in under a minute,"Let's break down the basics of C step by step, starting from what it actually is.",public static void main(String[] args),Laptop screen showing C code in an IDE,Bengali,0.89,C|Java,Docker,,Backend,tech_educational,Interview Preparation,Beginner,33,CR000059,2025-07-24T13:41:14,0.829,0.501,0.853,0.456,0.718,0.267
CAND000485,Scala explained simply,Learn scala explained simply in under a minute,"If you're preparing for placements, don't just memorize Scala answers - understand how it actually works under the hood.",,Terminal window running Scala commands,Kannada,0.79,Scala,Nginx|Azure,PyTorch,Software Engineering,tech_educational,Curiosity,Intermediate,89,CR000011,2025-09-22T02:34:38,0.712,0.207,0.691,0.491,0.658,0.26
CAND000486,APIs explained simply,Learn apis explained simply in under a minute,"Aaj hum dekhenge ki Microservices kaise kaam karta hai. First, microservices basics, then a quick example with real code.",,Gaming setup with GPU comparison on screen,Hindi-English,0.95,,,Flask,Career,tech_educational,Curiosity,Intermediate,21,CR000076,2025-10-04T01:12:47,0.824,0.253,0.749,0.517,0.544,0.224
CAND000487,Programming developers be like,POV: debugging Programming at 2am,When your Deep Learning code works on the first try but you have no idea why. Every developer knows this feeling.,,Cybersecurity terminal showing network commands,English,0.91,,,,Software Engineering,programming_meme,Entertainment,Intermediate,77,CR000011,2025-05-12T11:34:04,0.596,0.391,0.133,0.053,0.5,0.835
CAND000488,C explained simply,Learn c explained simply in under a minute,"Let's break down the basics of C step by step, starting from what it actually is.",// C example,Terminal window running C commands,English,0.98,C,Docker|Kafka,,Frontend,tech_educational,Learning,Beginner,34,CR000034,2025-04-23T06:46:44,0.747,0.311,0.854,0.417,0.551,0.325
CAND000489,Gaming moment that broke the internet,Gaming content - just for laughs,"Ee video alli navu Mobile Development bagge nodona. First, mobile development basics, then a quick example with real code.",,Movie clip montage with trending audio,Kannada-English,0.78,,,,Gaming,entertainment,Entertainment,Intermediate,83,CR000015,2025-07-23T14:40:24,0.625,0.069,0.083,0.098,0.612,0.828
CAND000490,Caching explained simply,Learn caching explained simply in under a minute,"Here's how Design Patterns behaves at scale, and the trade-offs engineers make in production systems.",,Neural network diagram with labeled layers,English,0.82,,Elasticsearch|Kafka,,Mobile Development,tech_educational,Interview Preparation,Advanced,89,CR000017,2025-09-26T19:12:46,0.868,0.152,0.987,0.422,0.761,0.198
CAND000491,Cybersecurity News update (2026),Latest in Cybersecurity News,"Let's break down the basics of SQL step by step, starting from what it actually is.",SELECT * FROM students;,Laptop screen showing SQL code in an IDE,Hindi,0.9,SQL,GraphQL|Docker,,Technology News,tech_news,News,Beginner,73,CR000085,2025-09-22T17:11:00,0.434,0.543,0.092,0.135,0.315,0.333
CAND000492,TypeScript explained simply,Learn typescript explained simply in under a minute,"Ee video lo manam TypeScript gurinchi chuddam. First, typescript basics, then a quick example with real code.",// TypeScript example,Whiteboard diagram explaining system architecture,Telugu-English,0.76,TypeScript|Swift,Kubernetes,Ktor,Generative AI,tech_educational,Learning,Intermediate,66,CR000027,2025-06-24T15:54:19,0.288,0.177,0.171,0.474,0.163,0.312
CAND000493,Placement Prep,Placement Prep - what nobody tells you,"If you're preparing for placements, don't just memorize Ruby answers - understand how it actually works under the hood.",SELECT * FROM students;,Whiteboard diagram explaining system architecture,English,0.81,Ruby|SQL,,,Career,career,Interview Preparation,Intermediate,80,CR000066,2025-11-08T08:51:59,0.788,0.098,0.17,0.629,0.578,0.354
CAND000494,Software Engineering Careers,Software Engineering Careers - what nobody tells you,"Let's break down the basics of C++ step by step, starting from what it actually is.",,Whiteboard diagram explaining system architecture,English,0.9,C++,,,Career,career,Motivation,Beginner,29,CR000053,2025-10-07T11:40:02,0.14,0.318,0.103,0.539,0.058,0.247
CAND000495,SQL explained simply,Learn sql explained simply in under a minute,"Let's break down the basics of SQL step by step, starting from what it actually is.",SELECT * FROM students;,Terminal window running SQL commands,Hindi,0.77,SQL|Java,,,Deep Learning,tech_educational,Learning,Beginner,28,CR000029,2025-08-17T20:02:31,0.747,0.396,0.754,0.435,0.6,0.185
CAND000496,"This ONE skill will make you ₹50 LPA, guaranteed!","This ONE skill will make you ₹50 LPA, guaranteed!",Top secret AI trick recruiters don't want you to know,,Two laptops side by side for a spec comparison,English,0.97,,,,Career,hype,Promotion,Beginner,31,CR000053,2025-09-12T07:39:42,0.463,0.898,0.032,0.163,0.295,0.247
CAND000497,Learn EVERYTHING about coding in 24 hours!,Learn EVERYTHING about coding in 24 hours!,10 AI tools that will GUARANTEE you a job in 2027!!!,,Neural network diagram with labeled layers,English,0.77,,,,Career,hype,Promotion,Beginner,89,CR000062,2025-03-21T02:25:49,0.192,0.719,0.112,0.17,0.145,0.278
CAND000498,How Database Indexes Speed Up Queries,Learn how database indexes speed up queries in under a minute,"Let's break down the basics of Rust step by step, starting from what it actually is.",,Whiteboard diagram explaining system architecture,Hindi,0.88,Rust,Linux,Django,Data Science,tech_educational,Interview Preparation,Beginner,20,CR000034,2025-06-11T02:10:07,0.771,0.244,0.775,0.45,0.718,0.309
CAND000499,Programming developers be like,POV: debugging Programming at 2am,When your Microservices code works on the first try but you have no idea why. Every developer knows this feeling.,,Person explaining AWS architecture using a whiteboard,English,0.93,,,,Software Engineering,programming_meme,Entertainment,Intermediate,28,CR000066,2025-10-10T20:02:58,0.672,0.17,0.218,0.134,0.627,0.818
CAND000500,C# explained simply,Learn c# explained simply in under a minute,"Indha video la naam C# pathi parkalam. First, c# basics, then a quick example with real code.",// C# example,Split-screen code and output comparison,Tamil-English,0.78,C#,Elasticsearch,,Cloud,tech_educational,Learning,Intermediate,51,CR000031,2025-02-27T09:11:48,0.539,0.175,0.567,0.513,0.473,0.14
CAND000501,Ruby developers be like,POV: debugging Ruby at 2am,When your Ruby code works on the first try but you have no idea why. Every developer knows this feeling.,// Ruby example,Terminal window running Ruby commands,English,0.82,Ruby,,,Software Engineering,programming_meme,Entertainment,Intermediate,26,CR000085,2025-11-21T03:25:49,0.618,0.362,0.147,0.128,0.513,0.877
CAND000502,Comedy moment that broke the internet,Comedy content - just for laughs,"Indha video la naam Caching pathi parkalam. First, caching basics, then a quick example with real code.",,Funny reaction clip with captions,Tamil-English,0.8,,,,Comedy,entertainment,Humor,Intermediate,27,CR000030,2025-09-18T08:48:55,0.522,0.648,0.222,0.22,0.395,0.988
CAND000503,5 tools that will REPLACE every programmer by 2026,5 tools that will REPLACE every programmer by 2026,You NEED to learn this or you'll be jobless by 2027,,Two laptops side by side for a spec comparison,English,0.81,,,,Career,hype,Motivation,Advanced,51,CR000078,2025-08-12T17:01:18,0.032,0.842,0.179,0.148,0.0,0.245
CAND000504,You NEED to learn this or you'll be jobless by 2027,You NEED to learn this or you'll be jobless by 2027,5 tools that will REPLACE every programmer by 2027,,Gaming setup with GPU comparison on screen,Telugu,0.93,,,,Career,hype,Promotion,Beginner,75,CR000074,2025-10-04T04:02:56,0.424,0.908,0.157,0.207,0.417,0.425
CAND000505,Software Engineering Careers,Software Engineering Careers - what nobody tells you,"Ee video alli navu AI/ML bagge nodona. First, ai/ml basics, then a quick example with real code.",,Person explaining AWS architecture using a whiteboard,Kannada-English,0.89,,,,Career,career,Interview Preparation,Beginner,76,CR000033,2025-06-06T16:43:30,0.514,0.088,0.222,0.779,0.382,0.259
CAND000506,Programming developers be like,POV: debugging Programming at 2am,When your Data Structures code works on the first try but you have no idea why. Every developer knows this feeling.,,Two laptops side by side for a spec comparison,Telugu-English,0.96,,,,Software Engineering,programming_meme,Entertainment,Beginner,31,CR000004,2025-10-10T18:01:58,0.776,0.397,0.298,0.152,0.615,0.855
CAND000507,SQL explained simply,Learn sql explained simply in under a minute,"Aaj hum dekhenge ki SQL kaise kaam karta hai. First, sql basics, then a quick example with real code.",,Terminal window running SQL commands,Hindi-English,0.93,SQL|R,,,Frontend,tech_educational,Learning,Advanced,28,CR000024,2025-02-10T09:47:23,0.537,0.336,0.58,0.47,0.48,0.404
CAND000508,Cricket moment that broke the internet,Cricket content - just for laughs,"Here's how PHP behaves at scale, and the trade-offs engineers make in production systems.",// PHP example,Stadium crowd celebrating a goal/wicket,English,0.91,PHP,,,Cricket,entertainment,Entertainment,Advanced,39,CR000071,2025-07-21T12:07:07,0.203,0.114,0.247,0.139,0.168,0.938
CAND000509,Swift explained simply,Learn swift explained simply in under a minute,"If you're preparing for placements, don't just memorize Swift answers - understand how it actually works under the hood.",,Terminal window running Swift commands,English,0.89,Swift,Elasticsearch|Jenkins,Flask,Deep Learning,tech_educational,Interview Preparation,Intermediate,74,CR000046,2025-09-21T09:16:03,0.247,0.304,0.316,0.517,0.18,0.242
CAND000510,5 tools that will REPLACE every programmer by 2026,5 tools that will REPLACE every programmer by 2026,You NEED to learn this or you'll be jobless by 2027,,Person explaining AWS architecture using a whiteboard,English,0.83,,,,Career,hype,Motivation,Intermediate,66,CR000083,2025-06-12T17:13:40,0.536,0.804,0.168,0.101,0.394,0.198
CAND000511,TypeScript developers be like,POV: debugging TypeScript at 2am,When your TypeScript code works on the first try but you have no idea why. Every developer knows this feeling.,// TypeScript example,Split-screen code and output comparison,Tamil-English,0.76,TypeScript,,,Software Engineering,programming_meme,Entertainment,Intermediate,25,CR000041,2025-08-21T13:44:17,0.232,0.286,0.072,0.208,0.044,0.774
CAND000512,Building a Production ML API,Learn building a production ml api in under a minute,"Indha video la naam Dart pathi parkalam. First, dart basics, then a quick example with real code.",// Dart example,Laptop screen showing Dart code in an IDE,Tamil-English,0.78,Dart,,,DevOps,tech_educational,Interview Preparation,Advanced,84,CR000094,2025-10-27T05:06:33,0.811,0.135,0.816,0.55,0.664,0.155
CAND000513,R explained simply,Learn r explained simply in under a minute,"Let's break down the basics of R step by step, starting from what it actually is.",// R example,Whiteboard diagram explaining system architecture,English,0.88,R,Elasticsearch,Ktor,Generative AI,tech_educational,Curiosity,Beginner,27,CR000059,2025-03-06T07:30:40,0.903,0.041,0.945,0.501,0.755,0.354
CAND000514,Comedy moment that broke the internet,Comedy content - just for laughs,"Indha video la naam Mobile Development pathi parkalam. First, mobile development basics, then a quick example with real code.",,Funny reaction clip with captions,Tamil-English,0.78,,,,Comedy,entertainment,Humor,Intermediate,24,CR000088,2025-07-05T14:07:19,0.656,0.17,0.137,0.123,0.516,0.928
CAND000515,Memes moment that broke the internet,Memes content - just for laughs,"Aaj hum dekhenge ki Databases kaise kaam karta hai. First, databases basics, then a quick example with real code.",,Funny reaction clip with captions,Hindi-English,0.94,,,,Memes,entertainment,Entertainment,Intermediate,35,CR000015,2025-11-23T09:33:56,0.415,0.483,0.337,0.254,0.314,0.763
CAND000516,C# explained simply,Learn c# explained simply in under a minute,"Ee video lo manam C# gurinchi chuddam. First, c# basics, then a quick example with real code.",// C# example,Terminal window running C# commands,Telugu-English,0.75,C#|C|Ruby,Nginx,Laravel,Backend,tech_educational,Project Help,Beginner,39,CR000038,2025-07-26T11:54:44,0.492,0.493,0.498,0.559,0.532,0.269
CAND000517,Celebrity Fiction moment that broke the internet,Celebrity Fiction content - just for laughs,"If you're preparing for placements, don't just memorize Caching answers - understand how it actually works under the hood.",,Dance/lipsync trend clip,English,0.92,,,,Celebrity Fiction,entertainment,Entertainment,Intermediate,17,CR000096,2025-02-01T11:14:36,0.351,0.4,0.315,0.127,0.346,0.998
CAND000518,JavaScript developers be like,POV: debugging JavaScript at 2am,When your JavaScript code works on the first try but you have no idea why. Every developer knows this feeling.,,Whiteboard diagram explaining system architecture,English,0.88,JavaScript,,,Software Engineering,programming_meme,Entertainment,Beginner,80,CR000022,2025-11-17T22:22:19,0.588,0.34,0.108,0.329,0.406,0.924
CAND000519,Movies moment that broke the internet,Movies content - just for laughs,"Aaj hum dekhenge ki Go kaise kaam karta hai. First, go basics, then a quick example with real code.","func main() { fmt.Println(""hello"") }",Movie clip montage with trending audio,Hindi-English,0.77,Go,,,Movies,entertainment,Entertainment,Beginner,17,CR000005,2025-07-12T04:32:53,0.318,0.166,0.227,0.182,0.114,0.913
CAND000520,Cybersecurity News update (2025),Latest in Cybersecurity News,"Let's break down the basics of Go step by step, starting from what it actually is.","func main() { fmt.Println(""hello"") }",Laptop screen showing Go code in an IDE,Kannada,0.9,Go,AWS|Nginx,,Technology News,tech_news,News,Beginner,27,CR000059,2025-04-02T02:13:57,0.532,0.342,0.183,0.143,0.475,0.25
CAND000521,System Design: Designing a URL Shortener,Learn system design: designing a url shortener in under a minute,"Let's break down the basics of PHP step by step, starting from what it actually is.",// PHP example,Laptop screen showing PHP code in an IDE,English,0.98,PHP,,Ktor,Backend,tech_educational,Learning,Beginner,24,CR000020,2025-01-12T02:49:15,0.593,0.381,0.542,0.653,0.54,0.248
CAND000522,Developer Tools update (2026),Latest in Developer Tools,"Ee video alli navu JavaScript bagge nodona. First, javascript basics, then a quick example with real code.",,Terminal window running JavaScript commands,Kannada-English,0.92,JavaScript,Jenkins|Git,,Technology News,tech_news,News,Advanced,46,CR000067,2025-09-26T05:00:14,0.381,0.265,0.242,0.133,0.292,0.317
CAND000523,5 tools that will REPLACE every programmer by 2027,5 tools that will REPLACE every programmer by 2027,5 tools that will REPLACE every programmer by 2026,,Gaming setup with GPU comparison on screen,English,0.77,,,,Career,hype,Promotion,Beginner,68,CR000029,2025-07-12T12:51:36,0.665,0.858,0.09,0.065,0.56,0.243
CAND000524,Cybersecurity News update (2026),Latest in Cybersecurity News,"Aaj hum dekhenge ki Kotlin kaise kaam karta hai. First, kotlin basics, then a quick example with real code.",,Whiteboard diagram explaining system architecture,Hindi-English,0.95,Kotlin,Kafka|Git,,Technology News,tech_news,News,Beginner,68,CR000084,2025-08-30T16:05:29,0.351,0.037,0.0,0.079,0.316,0.14
CAND000525,Java developers be like,POV: debugging Java at 2am,When your Java code works on the first try but you have no idea why. Every developer knows this feeling.,public static void main(String[] args),Split-screen code and output comparison,English,0.98,Java,,,Software Engineering,programming_meme,Entertainment,Intermediate,53,CR000084,2025-11-21T00:31:23,0.85,0.292,0.216,0.165,0.643,0.726
CAND000526,Celebrity Fiction moment that broke the internet,Celebrity Fiction content - just for laughs,"Aaj hum dekhenge ki TypeScript kaise kaam karta hai. First, typescript basics, then a quick example with real code.",,Funny reaction clip with captions,Hindi-English,0.98,TypeScript|Dart,,,Celebrity Fiction,entertainment,Humor,Beginner,67,CR000085,2025-08-10T19:01:14,0.474,0.192,0.265,0.099,0.33,0.882
CAND000527,5 tools that will REPLACE every programmer by 2027,5 tools that will REPLACE every programmer by 2027,10 AI tools that will GUARANTEE you a job in 2026!!!,,Cybersecurity terminal showing network commands,English,0.92,,,,Career,hype,Motivation,Intermediate,32,CR000055,2025-09-21T22:22:32,0.501,0.747,0.125,0.225,0.401,0.186
CAND000528,Caching explained simply,Learn caching explained simply in under a minute,"Indha video la naam Backend pathi parkalam. First, backend basics, then a quick example with real code.",,Neural network diagram with labeled layers,Tamil-English,0.86,,MongoDB|GCP,Spring Boot,Mobile Development,tech_educational,Curiosity,Intermediate,15,CR000040,2025-09-11T06:18:31,0.452,0.161,0.36,0.535,0.465,0.285
CAND000529,Comedy moment that broke the internet,Comedy content - just for laughs,"If you're preparing for placements, don't just memorize Dart answers - understand how it actually works under the hood.",,Dance/lipsync trend clip,Telugu,0.91,Dart,,,Comedy,entertainment,Humor,Intermediate,59,CR000082,2025-02-19T01:06:06,0.722,0.43,0.266,0.072,0.632,1.0
CAND000530,Internship Advice,Internship Advice - what nobody tells you,"If you're preparing for placements, don't just memorize C answers - understand how it actually works under the hood.",// C example,Whiteboard diagram explaining system architecture,English,0.81,C,,,Career,career,Interview Preparation,Intermediate,57,CR000071,2025-01-17T23:14:56,0.471,0.594,0.133,0.783,0.493,0.313
CAND000531,Technical Interviews,Technical Interviews - what nobody tells you,"If you're preparing for placements, don't just memorize C++ answers - understand how it actually works under the hood.",,Whiteboard diagram explaining system architecture,Telugu,0.98,C++|C#,,,Career,career,Career,Intermediate,21,CR000005,2025-11-27T08:39:10,0.293,0.251,0.089,0.731,0.266,0.213
CAND000532,R explained simply,Learn r explained simply in under a minute,"If you're preparing for placements, don't just memorize R answers - understand how it actually works under the hood.",,Terminal window running R commands,English,0.78,R,,Angular,Cybersecurity,tech_educational,Curiosity,Intermediate,86,CR000084,2025-07-12T15:38:12,0.865,0.1,0.834,0.423,0.576,0.293
CAND000533,APIs explained simply,Learn apis explained simply in under a minute,"If you're preparing for placements, don't just memorize HLD answers - understand how it actually works under the hood.",,Two laptops side by side for a spec comparison,English,0.94,,,,Networking,tech_educational,Interview Preparation,Intermediate,52,CR000046,2025-11-28T15:27:38,0.708,0.174,0.728,0.427,0.497,0.268
CAND000534,Music moment that broke the internet,Music content - just for laughs,"Ee video alli navu Concurrency bagge nodona. First, concurrency basics, then a quick example with real code.",,Movie clip montage with trending audio,Kannada-English,0.97,,,,Music,entertainment,Entertainment,Beginner,17,CR000012,2025-10-28T20:55:43,0.729,0.25,0.173,0.089,0.641,0.808
CAND000535,C# explained simply,Learn c# explained simply in under a minute,"Let's break down the basics of C# step by step, starting from what it actually is.",// Kotlin example,Whiteboard diagram explaining system architecture,Kannada,0.77,C#|Kotlin,MongoDB,Ktor,Software Engineering,tech_educational,Learning,Beginner,21,CR000042,2025-09-03T02:24:13,0.61,0.221,0.823,0.623,0.498,0.207
CAND000536,Rust explained simply,Learn rust explained simply in under a minute,"Let's break down the basics of Rust step by step, starting from what it actually is.",let mut v: Vec<i32> = Vec::new();,Laptop screen showing Rust code in an IDE,English,0.92,Rust,,,Cybersecurity,tech_educational,Interview Preparation,Beginner,9,CR000036,2025-02-10T06:00:51,0.801,0.259,0.86,0.523,0.65,0.361
CAND000537,Hardware Launches update (2025),Latest in Hardware Launches,"Let's break down the basics of Rust step by step, starting from what it actually is.",let mut v: Vec<i32> = Vec::new();,Split-screen code and output comparison,English,0.79,Rust,GraphQL|Azure,,Technology News,tech_news,News,Beginner,25,CR000099,2025-01-22T10:14:10,0.524,0.221,0.126,0.168,0.406,0.313
CAND000538,Developer Tools update (2026),Latest in Developer Tools,"Let's break down the basics of Rust step by step, starting from what it actually is.",,Terminal window running Rust commands,English,0.82,Rust|PHP|SQL,PostgreSQL|MongoDB,,Technology News,tech_news,News,Beginner,35,CR000035,2025-08-28T21:52:54,0.596,0.186,0.204,0.068,0.403,0.182
CAND000539,Football moment that broke the internet,Football content - just for laughs,"If you're preparing for placements, don't just memorize Mobile Development answers - understand how it actually works under the hood.",,Funny reaction clip with captions,English,0.78,,,,Football,entertainment,Entertainment,Intermediate,90,CR000088,2025-06-09T23:37:38,0.212,0.459,0.26,0.146,0.204,0.826
CAND000540,Become an AI Engineer in just 7 days - no experience needed!,Become an AI Engineer in just 7 days - no experience needed!,You NEED to learn this or you'll be jobless by 2026,,Two laptops side by side for a spec comparison,English,0.8,,,,AI/ML,hype,Motivation,Beginner,86,CR000019,2025-03-02T00:36:00,0.229,0.535,0.073,0.313,0.297,0.094
CAND000541,Rust developers be like,POV: debugging Rust at 2am,When your Rust code works on the first try but you have no idea why. Every developer knows this feeling.,let mut v: Vec<i32> = Vec::new();,Split-screen code and output comparison,English,0.85,Rust,,,Software Engineering,programming_meme,Entertainment,Intermediate,72,CR000091,2025-11-03T01:44:31,0.813,0.548,0.087,0.173,0.57,0.998
CAND000542,Music moment that broke the internet,Music content - just for laughs,"Let's break down the basics of Design Patterns step by step, starting from what it actually is.",,Movie clip montage with trending audio,Bengali,0.93,,,,Music,entertainment,Humor,Beginner,80,CR000032,2025-09-05T09:59:35,0.492,0.211,0.196,0.0,0.245,0.719
CAND000543,Celebrity Fiction moment that broke the internet,Celebrity Fiction content - just for laughs,"Here's how Blockchain behaves at scale, and the trade-offs engineers make in production systems.",,Dance/lipsync trend clip,English,0.91,,,,Celebrity Fiction,entertainment,Entertainment,Advanced,89,CR000076,2025-08-18T02:19:43,0.386,0.265,0.203,0.201,0.416,0.926
CAND000544,Hardware Launches update (2025),Latest in Hardware Launches,"Ee video alli navu Dart bagge nodona. First, dart basics, then a quick example with real code.",// Dart example,Whiteboard diagram explaining system architecture,Kannada-English,0.95,Dart,Git|Elasticsearch,,Technology News,tech_news,News,Beginner,26,CR000086,2025-03-12T11:51:47,0.509,0.229,0.107,0.095,0.457,0.14
CAND000545,Football moment that broke the internet,Football content - just for laughs,"Here's how Data Science behaves at scale, and the trade-offs engineers make in production systems.",,Dance/lipsync trend clip,Malayalam,0.98,,,,Football,entertainment,Entertainment,Advanced,32,CR000086,2025-06-07T18:02:51,0.489,0.253,0.28,0.175,0.428,0.842
CAND000546,5 tools that will REPLACE every programmer by 2027,5 tools that will REPLACE every programmer by 2027,Top secret AI trick recruiters don't want you to know,,Two laptops side by side for a spec comparison,English,0.96,,,,Career,hype,Promotion,Intermediate,27,CR000070,2025-04-24T00:30:34,0.44,0.919,0.172,0.173,0.315,0.215
CAND000547,Gaming moment that broke the internet,Gaming content - just for laughs,"If you're preparing for placements, don't just memorize Data Structures answers - understand how it actually works under the hood.",,Stadium crowd celebrating a goal/wicket,English,0.83,,,,Gaming,entertainment,Entertainment,Intermediate,44,CR000075,2025-06-26T03:25:16,0.5,0.601,0.175,0.149,0.306,0.883
CAND000548,Cricket moment that broke the internet,Cricket content - just for laughs,"If you're preparing for placements, don't just memorize TypeScript answers - understand how it actually works under the hood.",// TypeScript example,Stadium crowd celebrating a goal/wicket,Telugu,0.86,TypeScript,,,Cricket,entertainment,Humor,Intermediate,44,CR000012,2025-08-29T11:49:20,0.671,0.19,0.164,0.172,0.46,0.911
CAND000549,Lifestyle moment that broke the internet,Lifestyle content - just for laughs,"If you're preparing for placements, don't just memorize System Design answers - understand how it actually works under the hood.",,Funny reaction clip with captions,English,0.78,,,,Lifestyle,entertainment,Entertainment,Intermediate,81,CR000014,2025-06-01T22:44:10,0.438,0.084,0.048,0.032,0.463,0.943
CAND000550,Comedy moment that broke the internet,Comedy content - just for laughs,"Ee video lo manam Algorithms gurinchi chuddam. First, algorithms basics, then a quick example with real code.",,Movie clip montage with trending audio,Telugu-English,0.88,,,,Comedy,entertainment,Entertainment,Beginner,25,CR000015,2025-09-25T03:57:40,0.741,0.399,0.191,0.224,0.677,0.927
CAND000551,DSA explained simply,Learn dsa explained simply in under a minute,"Indha video la naam System Design pathi parkalam. First, system design basics, then a quick example with real code.",,Gaming setup with GPU comparison on screen,Tamil-English,0.87,,AWS,Next.js,Generative AI,tech_educational,Interview Preparation,Beginner,43,CR000033,2025-02-01T11:30:41,0.411,0.315,0.398,0.57,0.422,0.175
CAND000552,Music moment that broke the internet,Music content - just for laughs,"Ee video alli navu Mobile Development bagge nodona. First, mobile development basics, then a quick example with real code.",,Movie clip montage with trending audio,Kannada-English,0.77,,,,Music,entertainment,Entertainment,Intermediate,47,CR000056,2025-06-07T10:53:02,0.508,0.504,0.264,0.108,0.346,0.935
CAND000553,Internship Advice,Internship Advice - what nobody tells you,"If you're preparing for placements, don't just memorize Web Development answers - understand how it actually works under the hood.",,Two laptops side by side for a spec comparison,English,0.9,,,,Career,career,Motivation,Intermediate,22,CR000027,2025-01-12T11:34:30,0.613,0.26,0.27,0.78,0.525,0.354
CAND000554,Why Rust's Ownership Model Prevents Memory Bugs,Learn why rust's ownership model prevents memory bugs in under a minute,"Ee video alli navu TypeScript bagge nodona. First, typescript basics, then a quick example with real code.",,Laptop screen showing TypeScript code in an IDE,Kannada-English,0.81,TypeScript,MongoDB|Linux,Ktor,Backend,tech_educational,Project Help,Advanced,53,CR000092,2025-01-01T08:29:45,0.779,0.028,0.808,0.488,0.626,0.205
CAND000555,Top secret AI trick recruiters don't want you to know,Top secret AI trick recruiters don't want you to know,Top secret AI trick recruiters don't want you to know,,Gaming setup with GPU comparison on screen,Hindi-English,0.75,,,,AI/ML,hype,Promotion,Intermediate,9,CR000075,2025-07-10T03:27:23,0.36,0.832,0.214,0.289,0.363,0.275
CAND000556,Movies moment that broke the internet,Movies content - just for laughs,"Let's break down the basics of Frontend step by step, starting from what it actually is.",,Funny reaction clip with captions,English,0.8,,,,Movies,entertainment,Entertainment,Beginner,52,CR000068,2025-04-11T19:04:40,0.336,0.088,0.129,0.172,0.361,0.78
CAND000557,System Design: Designing a URL Shortener,Learn system design: designing a url shortener in under a minute,"Here's how Rust behaves at scale, and the trade-offs engineers make in production systems.",,Split-screen code and output comparison,English,0.83,Rust,,TensorFlow,Frontend,tech_educational,Project Help,Advanced,40,CR000022,2025-09-12T06:11:55,0.656,0.464,0.76,0.475,0.544,0.161
CAND000558,Technical Interviews,Technical Interviews - what nobody tells you,"If you're preparing for placements, don't just memorize Python answers - understand how it actually works under the hood.",def train_model(data): ...,Laptop screen showing Python code in an IDE,English,0.86,Python,,,Career,career,Career,Intermediate,24,CR000040,2025-03-03T11:16:43,0.932,0.479,0.223,0.632,0.687,0.367
CAND000559,Understanding Vector Databases,Learn understanding vector databases in under a minute,"Aaj hum dekhenge ki JavaScript kaise kaam karta hai. First, javascript basics, then a quick example with real code.",,Terminal window running JavaScript commands,Hindi-English,0.98,JavaScript,GraphQL,,Data Science,tech_educational,Learning,Intermediate,48,CR000054,2025-08-10T02:19:24,0.769,0.058,0.718,0.409,0.626,0.142
CAND000560,SQL explained simply,Learn sql explained simply in under a minute,"Indha video la naam SQL pathi parkalam. First, sql basics, then a quick example with real code.",SELECT * FROM students;,Split-screen code and output comparison,Tamil-English,0.87,SQL,,Next.js,Data Science,tech_educational,Project Help,Intermediate,49,CR000015,2025-11-11T18:57:54,0.696,0.145,0.837,0.589,0.499,0.322
CAND000561,Memes moment that broke the internet,Memes content - just for laughs,"Let's break down the basics of Cybersecurity step by step, starting from what it actually is.",,Funny reaction clip with captions,English,0.95,,,,Memes,entertainment,Entertainment,Beginner,54,CR000071,2025-09-05T09:25:38,0.741,0.409,0.178,0.23,0.499,0.818
CAND000562,REST explained simply,Learn rest explained simply in under a minute,"If you're preparing for placements, don't just memorize Concurrency answers - understand how it actually works under the hood.",,Two laptops side by side for a spec comparison,English,0.92,,,FastAPI,Mobile Development,tech_educational,Learning,Intermediate,20,CR000003,2025-02-06T02:12:20,0.91,0.22,0.857,0.573,0.63,0.184
CAND000563,Career Roadmaps,Career Roadmaps - what nobody tells you,"Aaj hum dekhenge ki DevOps kaise kaam karta hai. First, devops basics, then a quick example with real code.",,Person explaining AWS architecture using a whiteboard,Hindi-English,0.96,,,,Career,career,Interview Preparation,Intermediate,57,CR000027,2025-09-04T20:36:01,0.518,0.108,0.207,0.559,0.425,0.365
CAND000564,Technical Interviews,Technical Interviews - what nobody tells you,"Ee video alli navu Swift bagge nodona. First, swift basics, then a quick example with real code.",// Swift example,Terminal window running Swift commands,Kannada-English,0.93,Swift,,,Career,career,Interview Preparation,Beginner,18,CR000068,2025-04-30T03:21:13,0.25,0.299,0.215,0.75,0.333,0.244
CAND000565,LLD explained simply,Learn lld explained simply in under a minute,"Let's break down the basics of Databases step by step, starting from what it actually is.",,Gaming setup with GPU comparison on screen,English,0.92,,Docker,React,DevOps,tech_educational,Project Help,Beginner,82,CR000062,2025-09-01T07:33:52,0.751,0.192,0.844,0.417,0.584,0.288
CAND000566,Java explained simply,Learn java explained simply in under a minute,"Here's how Java behaves at scale, and the trade-offs engineers make in production systems.",,Split-screen code and output comparison,Tamil,0.97,Java,,,DevOps,tech_educational,Curiosity,Advanced,47,CR000060,2025-03-04T02:57:20,0.712,0.017,0.686,0.504,0.653,0.147
CAND000567,Music moment that broke the internet,Music content - just for laughs,"Ee video alli navu JavaScript bagge nodona. First, javascript basics, then a quick example with real code.",,Stadium crowd celebrating a goal/wicket,Kannada-English,0.87,JavaScript,,,Music,entertainment,Entertainment,Intermediate,37,CR000087,2025-03-01T00:28:30,0.316,0.114,0.278,0.117,0.246,0.876
CAND000568,10 AI tools that will GUARANTEE you a job in 2027!!!,10 AI tools that will GUARANTEE you a job in 2027!!!,You NEED to learn this or you'll be jobless by 2026,,Neural network diagram with labeled layers,Hindi-English,0.76,,,,AI/ML,hype,Promotion,Intermediate,23,CR000065,2025-04-23T00:32:15,0.639,0.874,0.0,0.24,0.557,0.143
CAND000569,AI News update (2026),Latest in AI News,"Let's break down the basics of Go step by step, starting from what it actually is.","func main() { fmt.Println(""hello"") }",Whiteboard diagram explaining system architecture,Tamil,0.94,Go,GraphQL|Nginx,,Technology News,tech_news,News,Beginner,69,CR000006,2025-08-17T13:24:16,0.344,0.059,0.206,0.234,0.321,0.268
CAND000570,Movies moment that broke the internet,Movies content - just for laughs,"Ee video lo manam Memory Management gurinchi chuddam. First, memory management basics, then a quick example with real code.",,Stadium crowd celebrating a goal/wicket,Telugu-English,0.91,,,,Movies,entertainment,Entertainment,Beginner,29,CR000057,2025-04-01T20:43:41,0.588,0.592,0.189,0.146,0.419,0.82
CAND000571,R developers be like,POV: debugging R at 2am,When your R code works on the first try but you have no idea why. Every developer knows this feeling.,// R example,Laptop screen showing R code in an IDE,English,0.98,R,,,Software Engineering,programming_meme,Entertainment,Beginner,56,CR000098,2025-07-25T02:52:07,0.772,0.378,0.281,0.153,0.579,0.881
CAND000572,Dart developers be like,POV: debugging Dart at 2am,When your Dart code works on the first try but you have no idea why. Every developer knows this feeling.,// Dart example,Terminal window running Dart commands,English,0.75,Dart,,,Software Engineering,programming_meme,Entertainment,Beginner,70,CR000022,2025-10-27T01:40:26,0.296,0.199,0.274,0.308,0.228,0.856
CAND000573,Developer Tools update (2026),Latest in Developer Tools,"Here's how APIs behaves at scale, and the trade-offs engineers make in production systems.",,Neural network diagram with labeled layers,English,0.79,,Azure|GCP,,Technology News,tech_news,News,Advanced,68,CR000015,2025-07-12T17:53:06,0.636,0.366,0.191,0.07,0.601,0.31
CAND000574,You NEED to learn this or you'll be jobless by 2027,You NEED to learn this or you'll be jobless by 2027,Top secret AI trick recruiters don't want you to know,,Person explaining AWS architecture using a whiteboard,English,0.94,,,,Career,hype,Promotion,Beginner,29,CR000087,2025-06-22T19:13:12,0.276,0.686,0.134,0.139,0.211,0.304
CAND000575,Music moment that broke the internet,Music content - just for laughs,"If you're preparing for placements, don't just memorize SQL answers - understand how it actually works under the hood.",SELECT * FROM students;,Movie clip montage with trending audio,English,0.87,SQL,,,Music,entertainment,Entertainment,Intermediate,34,CR000056,2025-09-02T17:31:57,0.411,0.19,0.192,0.255,0.361,0.859
CAND000576,Celebrity Fiction moment that broke the internet,Celebrity Fiction content - just for laughs,"Ee video lo manam REST gurinchi chuddam. First, rest basics, then a quick example with real code.",,Funny reaction clip with captions,Telugu-English,0.85,,,,Celebrity Fiction,entertainment,Humor,Intermediate,74,CR000011,2025-10-15T09:21:13,0.496,0.617,0.126,0.278,0.332,1.0
CAND000577,C# explained simply,Learn c# explained simply in under a minute,"Ee video lo manam C# gurinchi chuddam. First, c# basics, then a quick example with real code.",// C# example,Terminal window running C# commands,Telugu-English,0.83,C#,,,Data Science,tech_educational,Project Help,Beginner,47,CR000024,2025-04-29T05:38:43,0.552,0.208,0.49,0.544,0.45,0.251
CAND000578,TypeScript explained simply,Learn typescript explained simply in under a minute,"Let's break down the basics of TypeScript step by step, starting from what it actually is.",// TypeScript example,Laptop screen showing TypeScript code in an IDE,English,0.79,TypeScript|C++,Terraform,Ktor,Generative AI,tech_educational,Learning,Beginner,72,CR000010,2025-11-25T06:01:39,0.57,0.104,0.718,0.504,0.506,0.284
CAND000579,SQL developers be like,POV: debugging SQL at 2am,When your SQL code works on the first try but you have no idea why. Every developer knows this feeling.,,Terminal window running SQL commands,English,0.84,SQL,,,Software Engineering,programming_meme,Entertainment,Intermediate,76,CR000076,2025-08-18T23:30:35,0.391,0.389,0.163,0.076,0.266,0.854
CAND000580,Football moment that broke the internet,Football content - just for laughs,"Let's break down the basics of Design Patterns step by step, starting from what it actually is.",,Movie clip montage with trending audio,English,0.78,,,,Football,entertainment,Humor,Beginner,83,CR000093,2025-08-22T05:16:24,0.333,0.193,0.285,0.264,0.24,0.809
CAND000581,C++ developers be like,POV: debugging C++ at 2am,When your C++ code works on the first try but you have no idea why. Every developer knows this feeling.,,Split-screen code and output comparison,Telugu,0.94,C++|TypeScript|C,,,Software Engineering,programming_meme,Entertainment,Beginner,75,CR000034,2025-05-22T08:29:49,0.68,0.129,0.081,0.168,0.554,0.829
CAND000582,Databases explained simply,Learn databases explained simply in under a minute,"If you're preparing for placements, don't just memorize Concurrency answers - understand how it actually works under the hood.",,Two laptops side by side for a spec comparison,English,0.95,,,,Hardware,tech_educational,Project Help,Intermediate,22,CR000001,2025-04-27T02:35:42,0.788,0.475,0.78,0.438,0.614,0.328
CAND000583,Technical Interviews,Technical Interviews - what nobody tells you,"If you're preparing for placements, don't just memorize System Design answers - understand how it actually works under the hood.",,Cybersecurity terminal showing network commands,English,0.8,,,,Career,career,Career,Intermediate,89,CR000059,2025-07-27T18:46:20,0.648,0.331,0.305,0.709,0.391,0.308
CAND000584,Comedy moment that broke the internet,Comedy content - just for laughs,"If you're preparing for placements, don't just memorize Go answers - understand how it actually works under the hood.","func main() { fmt.Println(""hello"") }",Dance/lipsync trend clip,English,0.93,Go,,,Comedy,entertainment,Humor,Intermediate,10,CR000053,2025-05-14T03:45:12,0.275,0.183,0.205,0.203,0.246,0.904
CAND000585,Placement Prep,Placement Prep - what nobody tells you,"Let's break down the basics of TypeScript step by step, starting from what it actually is.",,Terminal window running TypeScript commands,English,0.85,TypeScript,,,Career,career,Interview Preparation,Beginner,18,CR000097,2025-05-04T14:42:11,0.518,0.236,0.294,0.732,0.47,0.289
CAND000586,Gaming moment that broke the internet,Gaming content - just for laughs,"Indha video la naam Scala pathi parkalam. First, scala basics, then a quick example with real code.",// Scala example,Funny reaction clip with captions,Tamil-English,0.87,Scala,,,Gaming,entertainment,Entertainment,Beginner,33,CR000085,2025-07-07T03:21:01,0.632,0.262,0.199,0.147,0.516,0.869
CAND000587,Java explained simply,Learn java explained simply in under a minute,"Let's break down the basics of Java step by step, starting from what it actually is.",public static void main(String[] args),Laptop screen showing Java code in an IDE,English,0.76,Java,GraphQL,Flask,Software Engineering,tech_educational,Interview Preparation,Beginner,23,CR000094,2025-09-17T03:42:04,0.6,0.137,0.527,0.58,0.6,0.077
CAND000588,Football moment that broke the internet,Football content - just for laughs,"Ee video lo manam Distributed Systems gurinchi chuddam. First, distributed systems basics, then a quick example with real code.",,Dance/lipsync trend clip,Telugu-English,0.93,,,,Football,entertainment,Entertainment,Beginner,57,CR000092,2025-03-17T22:01:21,0.573,0.135,0.167,0.086,0.345,0.858
CAND000589,Programming Language Updates update (2026),Latest in Programming Language Updates,"If you're preparing for placements, don't just memorize REST answers - understand how it actually works under the hood.",,Neural network diagram with labeled layers,English,0.89,,Linux|Elasticsearch,,Technology News,tech_news,News,Intermediate,46,CR000011,2025-08-10T04:40:02,0.562,0.487,0.152,0.154,0.509,0.31
CAND000590,Movies moment that broke the internet,Movies content - just for laughs,"Here's how Memory Management behaves at scale, and the trade-offs engineers make in production systems.",,Stadium crowd celebrating a goal/wicket,English,0.89,,,,Movies,entertainment,Humor,Advanced,9,CR000065,2025-02-10T13:56:48,0.872,0.235,0.267,0.112,0.612,0.995
CAND000591,"This ONE skill will make you ₹50 LPA, guaranteed!","This ONE skill will make you ₹50 LPA, guaranteed!",Top secret AI trick recruiters don't want you to know,,Cybersecurity terminal showing network commands,English,0.86,,,,Career,hype,Motivation,Beginner,47,CR000054,2025-10-05T15:55:54,0.343,0.829,0.281,0.224,0.287,0.359
CAND000592,Programming Language Updates update (2026),Latest in Programming Language Updates,"Let's break down the basics of TypeScript step by step, starting from what it actually is.",,Whiteboard diagram explaining system architecture,English,0.86,TypeScript,AWS|Docker,,Technology News,tech_news,News,Beginner,73,CR000051,2025-10-04T09:24:58,0.583,0.128,0.057,0.274,0.425,0.344
CAND000593,Cricket moment that broke the internet,Cricket content - just for laughs,"Aaj hum dekhenge ki Networking kaise kaam karta hai. First, networking basics, then a quick example with real code.",,Movie clip montage with trending audio,Hindi-English,0.98,,,,Cricket,entertainment,Humor,Intermediate,45,CR000011,2025-01-31T08:47:40,0.157,0.14,0.431,0.123,0.0,0.851
CAND000594,Memory Management explained simply,Learn memory management explained simply in under a minute,"If you're preparing for placements, don't just memorize Generative AI answers - understand how it actually works under the hood.",,Gaming setup with GPU comparison on screen,English,0.94,,Kubernetes,TensorFlow,Data Science,tech_educational,Interview Preparation,Intermediate,12,CR000049,2025-01-27T19:00:09,0.866,0.133,0.811,0.529,0.785,0.232
CAND000595,C++ explained simply,Learn c++ explained simply in under a minute,"Let's break down the basics of C++ step by step, starting from what it actually is.",,Terminal window running C++ commands,English,0.82,C++|C|SQL,,Django,Career,tech_educational,Learning,Beginner,33,CR000093,2025-10-31T10:43:34,0.703,0.245,0.637,0.565,0.532,0.142
CAND000596,Become an AI Engineer in just 7 days - no experience needed!,Become an AI Engineer in just 7 days - no experience needed!,Become an AI Engineer in just 7 days - no experience needed!,,Gaming setup with GPU comparison on screen,English,0.89,,,,AI/ML,hype,Motivation,Intermediate,62,CR000056,2025-08-25T03:28:40,0.356,0.668,0.266,0.0,0.341,0.402
CAND000597,Movies moment that broke the internet,Movies content - just for laughs,"Let's break down the basics of AI/ML step by step, starting from what it actually is.",,Dance/lipsync trend clip,English,0.88,,,,Movies,entertainment,Humor,Beginner,75,CR000026,2025-04-05T11:28:35,0.542,0.174,0.213,0.182,0.428,0.772
CAND000598,Celebrity Fiction moment that broke the internet,Celebrity Fiction content - just for laughs,"Indha video la naam Caching pathi parkalam. First, caching basics, then a quick example with real code.",,Funny reaction clip with captions,Tamil-English,0.98,,,,Celebrity Fiction,entertainment,Entertainment,Beginner,39,CR000052,2025-01-11T20:46:27,0.574,0.245,0.228,0.197,0.406,0.862
CAND000599,Celebrity Fiction moment that broke the internet,Celebrity Fiction content - just for laughs,"Ee video lo manam OOP gurinchi chuddam. First, oop basics, then a quick example with real code.",,Stadium crowd celebrating a goal/wicket,Telugu-English,0.9,,,,Celebrity Fiction,entertainment,Entertainment,Intermediate,52,CR000016,2025-01-24T10:20:08,0.646,0.528,0.106,0.136,0.576,0.904
CAND000600,10 AI tools that will GUARANTEE you a job in 2027!!!,10 AI tools that will GUARANTEE you a job in 2027!!!,You NEED to learn this or you'll be jobless by 2027,,Two laptops side by side for a spec comparison,English,0.95,,,,AI/ML,hype,Motivation,Intermediate,89,CR000046,2025-05-08T10:45:58,0.258,0.877,0.276,0.292,0.346,0.317
CAND000601,Dart explained simply,Learn dart explained simply in under a minute,"Here's how Dart behaves at scale, and the trade-offs engineers make in production systems.",// Dart example,Whiteboard diagram explaining system architecture,English,0.88,Dart,,,Frontend,tech_educational,Project Help,Advanced,38,CR000034,2025-04-26T17:15:07,0.311,0.18,0.288,0.548,0.258,0.222
CAND000602,OOP explained simply,Learn oop explained simply in under a minute,"If you're preparing for placements, don't just memorize Blockchain answers - understand how it actually works under the hood.",,Cybersecurity terminal showing network commands,English,0.79,,,,Deep Learning,tech_educational,Interview Preparation,Intermediate,69,CR000042,2025-06-10T23:49:01,0.698,0.135,0.681,0.514,0.582,0.311
CAND000603,Comedy moment that broke the internet,Comedy content - just for laughs,"If you're preparing for placements, don't just memorize Load Balancing answers - understand how it actually works under the hood.",,Stadium crowd celebrating a goal/wicket,Bengali,0.81,,,,Comedy,entertainment,Entertainment,Intermediate,43,CR000062,2025-01-31T10:48:06,0.529,0.426,0.187,0.233,0.465,0.75
CAND000604,Placement Prep,Placement Prep - what nobody tells you,"Let's break down the basics of Rust step by step, starting from what it actually is.",,Whiteboard diagram explaining system architecture,Bengali,0.83,Rust|TypeScript,,,Career,career,Motivation,Beginner,84,CR000070,2025-09-23T12:04:12,0.578,0.18,0.288,0.691,0.555,0.222
CAND000605,C developers be like,POV: debugging C at 2am,When your C code works on the first try but you have no idea why. Every developer knows this feeling.,// C example,Whiteboard diagram explaining system architecture,English,0.8,C,,,Software Engineering,programming_meme,Entertainment,Intermediate,70,CR000060,2025-02-20T23:08:35,0.724,0.157,0.192,0.029,0.519,0.688
CAND000606,TypeScript developers be like,POV: debugging TypeScript at 2am,When your TypeScript code works on the first try but you have no idea why. Every developer knows this feeling.,def train_model(data): ...,Laptop screen showing TypeScript code in an IDE,English,0.89,TypeScript|Python,,,Software Engineering,programming_meme,Entertainment,Intermediate,13,CR000086,2025-07-29T15:33:21,0.575,0.744,0.283,0.204,0.303,0.881
CAND000607,Lifestyle moment that broke the internet,Lifestyle content - just for laughs,"If you're preparing for placements, don't just memorize Swift answers - understand how it actually works under the hood.",,Stadium crowd celebrating a goal/wicket,English,0.9,Swift,,,Lifestyle,entertainment,Humor,Intermediate,70,CR000044,2025-06-11T10:04:24,0.491,0.179,0.192,0.076,0.435,0.914
CAND000608,Gaming moment that broke the internet,Gaming content - just for laughs,"Let's break down the basics of System Design step by step, starting from what it actually is.",,Dance/lipsync trend clip,Malayalam,0.98,,,,Gaming,entertainment,Entertainment,Beginner,54,CR000042,2025-03-30T05:23:46,0.164,0.397,0.214,0.224,0.0,0.818
CAND000609,Technical Interviews,Technical Interviews - what nobody tells you,"Ee video lo manam JavaScript gurinchi chuddam. First, javascript basics, then a quick example with real code.",let mut v: Vec<i32> = Vec::new();,Whiteboard diagram explaining system architecture,Telugu-English,0.88,JavaScript|Rust,,,Career,career,Career,Advanced,71,CR000020,2025-01-15T12:30:47,0.331,0.075,0.294,0.629,0.393,0.157
CAND000610,SQL explained simply,Learn sql explained simply in under a minute,"If you're preparing for placements, don't just memorize SQL answers - understand how it actually works under the hood.",SELECT * FROM students;,Whiteboard diagram explaining system architecture,English,0.78,SQL,,,Data Science,tech_educational,Curiosity,Intermediate,50,CR000051,2025-05-20T00:47:41,0.803,0.203,0.769,0.322,0.573,0.153
CAND000611,Kotlin explained simply,Learn kotlin explained simply in under a minute,"If you're preparing for placements, don't just memorize Kotlin answers - understand how it actually works under the hood.",// Kotlin example,Laptop screen showing Kotlin code in an IDE,English,0.98,Kotlin,,Express.js,Networking,tech_educational,Interview Preparation,Intermediate,27,CR000098,2025-11-09T18:46:34,0.88,0.192,0.991,0.605,0.75,0.32
CAND000612,Distributed Systems explained simply,Learn distributed systems explained simply in under a minute,"If you're preparing for placements, don't just memorize Design Patterns answers - understand how it actually works under the hood.",,Cybersecurity terminal showing network commands,English,0.78,,Kubernetes,,Hardware,tech_educational,Learning,Intermediate,42,CR000064,2025-04-07T02:50:01,0.653,0.445,0.592,0.672,0.609,0.252
CAND000613,Programming developers be like,POV: debugging Programming at 2am,When your Algorithms code works on the first try but you have no idea why. Every developer knows this feeling.,,Person explaining AWS architecture using a whiteboard,Malayalam,0.95,,,,Software Engineering,programming_meme,Entertainment,Intermediate,64,CR000058,2025-03-10T10:52:52,0.641,0.069,0.291,0.179,0.526,0.878
CAND000614,Cricket moment that broke the internet,Cricket content - just for laughs,"If you're preparing for placements, don't just memorize Frontend answers - understand how it actually works under the hood.",,Dance/lipsync trend clip,English,0.89,,,,Cricket,entertainment,Humor,Intermediate,22,CR000032,2025-07-03T11:03:58,0.466,0.094,0.208,0.172,0.536,0.796
CAND000615,Celebrity Fiction moment that broke the internet,Celebrity Fiction content - just for laughs,"Ee video alli navu Blockchain bagge nodona. First, blockchain basics, then a quick example with real code.",,Movie clip montage with trending audio,Kannada-English,0.94,,,,Celebrity Fiction,entertainment,Entertainment,Beginner,40,CR000002,2025-07-25T07:36:28,0.291,0.139,0.162,0.096,0.196,0.916
CAND000616,TypeScript developers be like,POV: debugging TypeScript at 2am,When your TypeScript code works on the first try but you have no idea why. Every developer knows this feeling.,// TypeScript example,Split-screen code and output comparison,English,0.9,TypeScript,,,Software Engineering,programming_meme,Entertainment,Intermediate,63,CR000014,2025-08-14T07:29:35,0.418,0.164,0.276,0.09,0.331,0.755
CAND000617,Learn EVERYTHING about coding in 24 hours!,Learn EVERYTHING about coding in 24 hours!,Top secret AI trick recruiters don't want you to know,,Person explaining AWS architecture using a whiteboard,English,0.82,,,,Career,hype,Motivation,Beginner,71,CR000067,2025-06-03T22:17:05,0.492,0.897,0.371,0.023,0.292,0.231
CAND000618,Lifestyle moment that broke the internet,Lifestyle content - just for laughs,"If you're preparing for placements, don't just memorize Mobile Development answers - understand how it actually works under the hood.",,Funny reaction clip with captions,English,0.94,,,,Lifestyle,entertainment,Entertainment,Intermediate,8,CR000062,2025-03-11T11:33:57,0.564,0.268,0.25,0.261,0.455,0.937
CAND000619,System Design: Designing a URL Shortener,Learn system design: designing a url shortener in under a minute,"If you're preparing for placements, don't just memorize Go answers - understand how it actually works under the hood.","func main() { fmt.Println(""hello"") }",Laptop screen showing Go code in an IDE,Telugu,0.77,Go,Redis|Linux,,Backend,tech_educational,Curiosity,Intermediate,40,CR000076,2025-09-15T06:40:17,0.746,0.215,0.729,0.54,0.58,0.121
CAND000620,Lifestyle moment that broke the internet,Lifestyle content - just for laughs,"Ee video alli navu Web Development bagge nodona. First, web development basics, then a quick example with real code.",,Dance/lipsync trend clip,Kannada-English,0.79,,,,Lifestyle,entertainment,Humor,Beginner,85,CR000039,2025-07-27T16:37:02,0.773,0.275,0.29,0.18,0.747,0.896
CAND000621,Kotlin developers be like,POV: debugging Kotlin at 2am,When your Kotlin code works on the first try but you have no idea why. Every developer knows this feeling.,// Kotlin example,Terminal window running Kotlin commands,English,0.99,Kotlin,,,Software Engineering,programming_meme,Entertainment,Intermediate,16,CR000015,2025-04-30T01:55:26,0.649,0.139,0.124,0.176,0.573,0.857
CAND000622,Comedy moment that broke the internet,Comedy content - just for laughs,"Let's break down the basics of REST step by step, starting from what it actually is.",,Movie clip montage with trending audio,English,0.82,,,,Comedy,entertainment,Entertainment,Beginner,47,CR000061,2025-03-23T10:24:43,0.526,0.264,0.151,0.111,0.401,0.852
CAND000623,Programming developers be like,POV: debugging Programming at 2am,When your Cloud code works on the first try but you have no idea why. Every developer knows this feeling.,,Two laptops side by side for a spec comparison,English,0.78,,,,Software Engineering,programming_meme,Entertainment,Beginner,9,CR000097,2025-06-17T07:44:10,0.55,0.063,0.21,0.104,0.393,0.858
CAND000624,TypeScript explained simply,Learn typescript explained simply in under a minute,"Ee video lo manam TypeScript gurinchi chuddam. First, typescript basics, then a quick example with real code.",// TypeScript example,Terminal window running TypeScript commands,Telugu-English,0.91,TypeScript,Kafka,,Mobile Development,tech_educational,Project Help,Intermediate,65,CR000009,2025-01-23T11:50:09,0.39,0.11,0.46,0.429,0.276,0.188
CAND000625,Football moment that broke the internet,Football content - just for laughs,"Here's how Data Science behaves at scale, and the trade-offs engineers make in production systems.",,Movie clip montage with trending audio,English,0.77,,,,Football,entertainment,Humor,Advanced,10,CR000076,2025-08-21T04:39:14,0.52,0.224,0.273,0.234,0.424,0.866
CAND000626,How Kubernetes Schedules Pods,Learn how kubernetes schedules pods in under a minute,"Here's how Deep Learning behaves at scale, and the trade-offs engineers make in production systems.",,Two laptops side by side for a spec comparison,Hindi,0.81,,PostgreSQL,Vue,Blockchain,tech_educational,Interview Preparation,Advanced,54,CR000014,2025-08-10T14:55:04,0.553,0.264,0.518,0.57,0.547,0.255
CAND000627,Coding Interviews,Coding Interviews - what nobody tells you,"Let's break down the basics of Microservices step by step, starting from what it actually is.",,Person explaining AWS architecture using a whiteboard,English,0.83,,,,Career,career,Interview Preparation,Beginner,36,CR000076,2025-10-09T02:19:54,0.548,0.189,0.063,0.749,0.371,0.239
CAND000628,Why Rust's Ownership Model Prevents Memory Bugs,Learn why rust's ownership model prevents memory bugs in under a minute,"Indha video la naam Cybersecurity pathi parkalam. First, cybersecurity basics, then a quick example with real code.",,Two laptops side by side for a spec comparison,Tamil-English,0.91,,,Express.js,Career,tech_educational,Learning,Beginner,33,CR000055,2025-03-16T18:04:09,0.359,0.26,0.254,0.476,0.263,0.188
CAND000629,Comedy moment that broke the internet,Comedy content - just for laughs,"Aaj hum dekhenge ki TypeScript kaise kaam karta hai. First, typescript basics, then a quick example with real code.",// TypeScript example,Dance/lipsync trend clip,Hindi-English,0.82,TypeScript,,,Comedy,entertainment,Humor,Intermediate,63,CR000084,2025-04-06T22:12:12,0.361,0.253,0.279,0.264,0.21,0.951
CAND000630,Ruby developers be like,POV: debugging Ruby at 2am,When your Ruby code works on the first try but you have no idea why. Every developer knows this feeling.,// Ruby example,Whiteboard diagram explaining system architecture,Bengali,0.8,Ruby,,,Software Engineering,programming_meme,Entertainment,Beginner,33,CR000072,2025-07-29T16:52:23,0.752,0.129,0.097,0.21,0.73,0.888
CAND000631,Understanding Vector Databases,Learn understanding vector databases in under a minute,"Ee video lo manam Swift gurinchi chuddam. First, swift basics, then a quick example with real code.",// Swift example,Whiteboard diagram explaining system architecture,Telugu-English,0.97,Swift,,Next.js,Career,tech_educational,Curiosity,Beginner,65,CR000074,2025-08-01T13:03:10,0.516,0.077,0.612,0.622,0.371,0.123
CAND000632,Learn EVERYTHING about coding in 24 hours!,Learn EVERYTHING about coding in 24 hours!,10 AI tools that will GUARANTEE you a job in 2026!!!,,Cybersecurity terminal showing network commands,English,0.95,,,,Career,hype,Motivation,Intermediate,57,CR000071,2025-10-18T09:02:09,0.087,0.583,0.222,0.171,0.0,0.278
CAND000633,Software Engineering Careers,Software Engineering Careers - what nobody tells you,"Ee video lo manam C# gurinchi chuddam. First, c# basics, then a quick example with real code.",// C# example,Whiteboard diagram explaining system architecture,Telugu-English,0.85,C#,,,Career,career,Career,Beginner,62,CR000093,2025-01-26T17:36:33,0.603,0.261,0.307,0.623,0.521,0.295
CAND000634,Memes moment that broke the internet,Memes content - just for laughs,"Here's how PHP behaves at scale, and the trade-offs engineers make in production systems.",// PHP example,Movie clip montage with trending audio,English,0.82,PHP,,,Memes,entertainment,Humor,Advanced,37,CR000039,2025-02-04T06:25:32,0.657,0.066,0.251,0.166,0.662,0.978
CAND000635,Coding Interviews,Coding Interviews - what nobody tells you,"Ee video alli navu Scala bagge nodona. First, scala basics, then a quick example with real code.",// Scala example,Split-screen code and output comparison,Kannada-English,0.79,Scala,,,Career,career,Career,Beginner,44,CR000051,2025-02-17T17:05:05,0.62,0.089,0.248,0.513,0.354,0.16
CAND000636,C++ developers be like,POV: debugging C++ at 2am,When your C++ code works on the first try but you have no idea why. Every developer knows this feeling.,"int main() { std::cout << ""hi""; }",Terminal window running C++ commands,Hindi-English,0.8,C++,,,Software Engineering,programming_meme,Entertainment,Beginner,89,CR000057,2025-04-03T13:01:31,0.596,0.218,0.2,0.149,0.52,0.907
CAND000637,Python developers be like,POV: debugging Python at 2am,When your Python code works on the first try but you have no idea why. Every developer knows this feeling.,,Terminal window running Python commands,English,0.88,Python|R,,,Software Engineering,programming_meme,Entertainment,Intermediate,24,CR000086,2025-06-26T03:34:59,0.375,0.176,0.399,0.026,0.384,0.985
CAND000638,How Kubernetes Schedules Pods,Learn how kubernetes schedules pods in under a minute,"Ee video alli navu Blockchain bagge nodona. First, blockchain basics, then a quick example with real code.",,Person explaining AWS architecture using a whiteboard,Kannada-English,0.89,,Jenkins|Git,Ktor,Networking,tech_educational,Project Help,Beginner,56,CR000020,2025-05-23T19:36:51,0.487,0.258,0.508,0.531,0.35,0.241
CAND000639,You NEED to learn this or you'll be jobless by 2026,You NEED to learn this or you'll be jobless by 2026,Become an AI Engineer in just 7 days - no experience needed!,,Neural network diagram with labeled layers,English,0.98,,,,Career,hype,Motivation,Intermediate,28,CR000073,2025-05-23T07:38:27,0.289,0.765,0.267,0.199,0.252,0.139
CAND000640,REST vs GraphQL: What to Use When,Learn rest vs graphql: what to use when in under a minute,"Let's break down the basics of C step by step, starting from what it actually is.",// C example,Terminal window running C commands,English,0.87,C,,,Cloud,tech_educational,Curiosity,Beginner,73,CR000072,2025-03-29T19:43:51,0.112,0.373,0.137,0.411,0.0,0.228
CAND000641,You NEED to learn this or you'll be jobless by 2027,You NEED to learn this or you'll be jobless by 2027,Learn EVERYTHING about coding in 24 hours!,,Person explaining AWS architecture using a whiteboard,English,0.93,,,,Career,hype,Promotion,Intermediate,24,CR000025,2025-07-18T11:13:56,0.427,0.749,0.217,0.103,0.225,0.264
CAND000642,C explained simply,Learn c explained simply in under a minute,"Aaj hum dekhenge ki C kaise kaam karta hai. First, c basics, then a quick example with real code.",// C example,Terminal window running C commands,Hindi-English,0.96,C,,FastAPI,Backend,tech_educational,Curiosity,Beginner,26,CR000024,2025-03-06T21:21:32,0.725,0.138,0.632,0.597,0.554,0.095
CAND000643,10 AI tools that will GUARANTEE you a job in 2027!!!,10 AI tools that will GUARANTEE you a job in 2027!!!,You NEED to learn this or you'll be jobless by 2026,,Cybersecurity terminal showing network commands,Bengali,0.95,,,,AI/ML,hype,Motivation,Beginner,90,CR000062,2025-08-18T18:11:37,0.872,0.856,0.338,0.296,0.493,0.375
CAND000644,Comedy moment that broke the internet,Comedy content - just for laughs,"Ee video alli navu C# bagge nodona. First, c# basics, then a quick example with real code.",// C# example,Stadium crowd celebrating a goal/wicket,Kannada-English,0.94,C#,,,Comedy,entertainment,Humor,Intermediate,57,CR000054,2025-06-10T23:45:43,0.425,0.196,0.266,0.107,0.285,0.718
CAND000645,HLD explained simply,Learn hld explained simply in under a minute,"Here's how Data Structures behaves at scale, and the trade-offs engineers make in production systems.",,Person explaining AWS architecture using a whiteboard,English,0.93,,Nginx,Django,DevOps,tech_educational,Learning,Advanced,66,CR000034,2025-09-19T09:43:57,0.701,0.189,0.774,0.639,0.515,0.207
CAND000646,Memes moment that broke the internet,Memes content - just for laughs,"Aaj hum dekhenge ki Design Patterns kaise kaam karta hai. First, design patterns basics, then a quick example with real code.",,Stadium crowd celebrating a goal/wicket,Hindi-English,0.84,,,,Memes,entertainment,Humor,Beginner,64,CR000004,2025-06-25T17:02:52,0.612,0.223,0.106,0.141,0.572,0.884
CAND000647,Placement Prep,Placement Prep - what nobody tells you,"If you're preparing for placements, don't just memorize Swift answers - understand how it actually works under the hood.",// Swift example,Whiteboard diagram explaining system architecture,Tamil,0.79,Swift,,,Career,career,Interview Preparation,Intermediate,70,CR000034,2025-02-18T08:59:06,0.492,0.42,0.146,0.883,0.231,0.252
CAND000648,Learn EVERYTHING about coding in 24 hours!,Learn EVERYTHING about coding in 24 hours!,10 AI tools that will GUARANTEE you a job in 2026!!!,,Two laptops side by side for a spec comparison,English,0.88,,,,Career,hype,Motivation,Beginner,53,CR000035,2025-06-17T02:38:54,0.442,0.807,0.273,0.263,0.285,0.384
CAND000649,Ruby developers be like,POV: debugging Ruby at 2am,When your Ruby code works on the first try but you have no idea why. Every developer knows this feeling.,// Ruby example,Laptop screen showing Ruby code in an IDE,Hindi-English,0.83,Ruby,,,Software Engineering,programming_meme,Entertainment,Beginner,44,CR000010,2025-01-22T14:44:48,0.284,0.211,0.21,0.251,0.157,0.922
CAND000650,Kotlin developers be like,POV: debugging Kotlin at 2am,When your Kotlin code works on the first try but you have no idea why. Every developer knows this feeling.,// Kotlin example,Split-screen code and output comparison,English,0.98,Kotlin,,,Software Engineering,programming_meme,Entertainment,Intermediate,75,CR000015,2025-02-18T02:29:43,0.707,0.555,0.182,0.24,0.674,0.783
CAND000651,10 AI tools that will GUARANTEE you a job in 2026!!!,10 AI tools that will GUARANTEE you a job in 2026!!!,Learn EVERYTHING about coding in 24 hours!,,Two laptops side by side for a spec comparison,English,0.85,,,,AI/ML,hype,Promotion,Advanced,23,CR000028,2025-02-20T07:43:52,0.136,0.679,0.204,0.163,0.288,0.275
CAND000652,Football moment that broke the internet,Football content - just for laughs,"Let's break down the basics of Concurrency step by step, starting from what it actually is.",,Movie clip montage with trending audio,English,0.79,,,,Football,entertainment,Humor,Beginner,88,CR000089,2025-01-18T19:35:11,0.834,0.246,0.2,0.252,0.688,0.958
CAND000653,Placement Prep,Placement Prep - what nobody tells you,"Let's break down the basics of C# step by step, starting from what it actually is.",// C# example,Whiteboard diagram explaining system architecture,English,0.77,C#,,,Career,career,Career,Beginner,39,CR000074,2025-11-04T03:03:33,0.5,0.069,0.238,0.725,0.347,0.237
CAND000654,C explained simply,Learn c explained simply in under a minute,"Ee video lo manam C gurinchi chuddam. First, c basics, then a quick example with real code.",,Terminal window running C commands,Telugu-English,0.96,C,,Vue,Data Science,tech_educational,Interview Preparation,Beginner,48,CR000086,2025-04-09T04:10:05,0.588,0.156,0.622,0.479,0.519,0.145
CAND000655,System Design: Designing a URL Shortener,Learn system design: designing a url shortener in under a minute,"Here's how Java behaves at scale, and the trade-offs engineers make in production systems.",public static void main(String[] args),Laptop screen showing Java code in an IDE,English,0.98,Java,,,Mobile Development,tech_educational,Learning,Advanced,62,CR000034,2025-09-19T10:05:51,0.827,0.422,0.69,0.469,0.615,0.331
CAND000656,Placement Prep,Placement Prep - what nobody tells you,"If you're preparing for placements, don't just memorize JavaScript answers - understand how it actually works under the hood.",const res = await fetch('/api/data');,Terminal window running JavaScript commands,Tamil,0.91,JavaScript,,,Career,career,Motivation,Intermediate,87,CR000042,2025-07-12T11:50:15,0.472,0.049,0.233,0.779,0.284,0.252
CAND000657,R explained simply,Learn r explained simply in under a minute,"Here's how R behaves at scale, and the trade-offs engineers make in production systems.",// R example,Whiteboard diagram explaining system architecture,English,0.96,R,Jenkins|GCP,.NET,DevOps,tech_educational,Interview Preparation,Advanced,64,CR000012,2025-05-16T23:46:53,0.853,0.468,0.904,0.353,0.607,0.261
CAND000658,Memes moment that broke the internet,Memes content - just for laughs,"If you're preparing for placements, don't just memorize Career answers - understand how it actually works under the hood.",,Dance/lipsync trend clip,Bengali,0.85,,,,Memes,entertainment,Humor,Intermediate,25,CR000029,2025-11-29T20:21:48,0.368,0.096,0.241,0.076,0.322,0.876
CAND000659,Comedy moment that broke the internet,Comedy content - just for laughs,"Ee video lo manam Go gurinchi chuddam. First, go basics, then a quick example with real code.",,Dance/lipsync trend clip,Telugu-English,0.86,Go|Swift,,,Comedy,entertainment,Entertainment,Beginner,88,CR000053,2025-11-01T12:49:49,0.544,0.316,0.192,0.193,0.477,0.775
CAND000660,Movies moment that broke the internet,Movies content - just for laughs,"Let's break down the basics of Hardware step by step, starting from what it actually is.",,Dance/lipsync trend clip,Kannada,0.84,,,,Movies,entertainment,Humor,Beginner,48,CR000097,2025-11-24T08:46:36,0.52,0.221,0.228,0.141,0.385,0.872
CAND000661,Gaming moment that broke the internet,Gaming content - just for laughs,"Aaj hum dekhenge ki Memory Management kaise kaam karta hai. First, memory management basics, then a quick example with real code.",,Funny reaction clip with captions,Hindi-English,0.81,,,,Gaming,entertainment,Humor,Beginner,50,CR000069,2025-09-16T14:40:24,0.654,0.45,0.158,0.232,0.509,0.917
CAND000662,TypeScript explained simply,Learn typescript explained simply in under a minute,"Let's break down the basics of TypeScript step by step, starting from what it actually is.",// TypeScript example,Terminal window running TypeScript commands,English,0.87,TypeScript,Elasticsearch|GraphQL,React,Career,tech_educational,Project Help,Beginner,38,CR000100,2025-10-04T20:02:46,0.581,0.5,0.607,0.463,0.515,0.315
CAND000663,Gaming moment that broke the internet,Gaming content - just for laughs,"Ee video lo manam Go gurinchi chuddam. First, go basics, then a quick example with real code.",,Movie clip montage with trending audio,Telugu-English,0.97,Go,,,Gaming,entertainment,Entertainment,Beginner,42,CR000089,2025-01-20T11:02:44,0.478,0.561,0.165,0.285,0.344,0.847
CAND000664,Comedy moment that broke the internet,Comedy content - just for laughs,"Let's break down the basics of Frontend step by step, starting from what it actually is.",,Movie clip montage with trending audio,English,0.94,,,,Comedy,entertainment,Humor,Beginner,59,CR000003,2025-04-09T03:30:44,0.69,0.244,0.323,0.28,0.756,0.845
CAND000665,Memes moment that broke the internet,Memes content - just for laughs,"If you're preparing for placements, don't just memorize SQL answers - understand how it actually works under the hood.",,Funny reaction clip with captions,English,0.8,SQL,,,Memes,entertainment,Humor,Intermediate,21,CR000001,2025-03-16T22:42:07,0.16,0.207,0.163,0.15,0.114,0.865
CAND000666,AI News update (2026),Latest in AI News,"If you're preparing for placements, don't just memorize PHP answers - understand how it actually works under the hood.",// PHP example,Terminal window running PHP commands,English,0.8,PHP,Nginx|MongoDB,,Technology News,tech_news,News,Intermediate,89,CR000015,2025-02-05T21:29:42,0.682,0.132,0.265,0.208,0.426,0.236
CAND000667,Memes moment that broke the internet,Memes content - just for laughs,"Let's break down the basics of Concurrency step by step, starting from what it actually is.",,Movie clip montage with trending audio,English,0.96,,,,Memes,entertainment,Humor,Beginner,22,CR000016,2025-03-21T11:50:52,0.448,0.384,0.203,0.134,0.281,0.882
CAND000668,Go explained simply,Learn go explained simply in under a minute,"Let's break down the basics of Go step by step, starting from what it actually is.","func main() { fmt.Println(""hello"") }",Split-screen code and output comparison,English,0.87,Go,PostgreSQL|Elasticsearch,Angular,Generative AI,tech_educational,Learning,Beginner,27,CR000077,2025-10-21T08:53:53,0.413,0.014,0.266,0.538,0.406,0.238
CAND000669,System Design: Designing a URL Shortener,Learn system design: designing a url shortener in under a minute,"Let's break down the basics of Go step by step, starting from what it actually is.",,Laptop screen showing Go code in an IDE,English,0.76,Go|R,MongoDB,Express.js,Frontend,tech_educational,Project Help,Beginner,80,CR000007,2025-06-18T03:26:36,0.973,0.101,0.916,0.439,0.831,0.248
CAND000670,Memes moment that broke the internet,Memes content - just for laughs,"Ee video lo manam Design Patterns gurinchi chuddam. First, design patterns basics, then a quick example with real code.",,Funny reaction clip with captions,Telugu-English,0.84,,,,Memes,entertainment,Entertainment,Intermediate,52,CR000052,2025-08-29T14:28:24,0.349,0.164,0.0,0.208,0.338,0.931
CAND000671,Comedy moment that broke the internet,Comedy content - just for laughs,"Indha video la naam APIs pathi parkalam. First, apis basics, then a quick example with real code.",,Funny reaction clip with captions,Tamil-English,0.77,,,,Comedy,entertainment,Entertainment,Beginner,84,CR000052,2025-05-11T03:30:59,0.286,0.467,0.178,0.194,0.268,0.845
CAND000672,TypeScript explained simply,Learn typescript explained simply in under a minute,"If you're preparing for placements, don't just memorize TypeScript answers - understand how it actually works under the hood.",,Terminal window running TypeScript commands,English,0.79,TypeScript,,,Web Development,tech_educational,Curiosity,Intermediate,45,CR000020,2025-06-29T06:48:22,0.602,0.026,0.557,0.526,0.597,0.146
CAND000673,Movies moment that broke the internet,Movies content - just for laughs,"Let's break down the basics of Data Structures step by step, starting from what it actually is.",,Dance/lipsync trend clip,English,0.88,,,,Movies,entertainment,Humor,Beginner,82,CR000037,2025-05-18T18:56:31,0.459,0.091,0.236,0.162,0.372,0.789
CAND000674,C explained simply,Learn c explained simply in under a minute,"Here's how C behaves at scale, and the trade-offs engineers make in production systems.",// C example,Laptop screen showing C code in an IDE,English,0.96,C,,,Web Development,tech_educational,Learning,Advanced,21,CR000082,2025-10-09T10:24:24,0.628,0.208,0.526,0.354,0.417,0.175
CAND000675,Become an AI Engineer in just 7 days - no experience needed!,Become an AI Engineer in just 7 days - no experience needed!,5 tools that will REPLACE every programmer by 2026,,Cybersecurity terminal showing network commands,Kannada-English,0.82,,,,AI/ML,hype,Promotion,Intermediate,74,CR000021,2025-11-19T18:30:02,0.427,0.597,0.219,0.174,0.441,0.287
CAND000676,Gaming moment that broke the internet,Gaming content - just for laughs,"Let's break down the basics of Memory Management step by step, starting from what it actually is.",,Stadium crowd celebrating a goal/wicket,English,0.86,,,,Gaming,entertainment,Humor,Beginner,11,CR000082,2025-08-24T20:21:42,0.518,0.105,0.1,0.23,0.355,0.888
CAND000677,Movies moment that broke the internet,Movies content - just for laughs,"If you're preparing for placements, don't just memorize HLD answers - understand how it actually works under the hood.",,Dance/lipsync trend clip,English,0.75,,,,Movies,entertainment,Entertainment,Intermediate,43,CR000013,2025-11-28T22:51:03,0.254,0.514,0.14,0.086,0.091,0.872
CAND000678,Learn EVERYTHING about coding in 24 hours!,Learn EVERYTHING about coding in 24 hours!,You NEED to learn this or you'll be jobless by 2026,,Neural network diagram with labeled layers,English,0.97,,,,Career,hype,Promotion,Intermediate,17,CR000038,2025-08-28T13:09:51,0.315,0.717,0.232,0.124,0.418,0.29
CAND000679,Coding Interviews,Coding Interviews - what nobody tells you,"Indha video la naam Swift pathi parkalam. First, swift basics, then a quick example with real code.",// Swift example,Whiteboard diagram explaining system architecture,Tamil-English,0.81,Swift,,,Career,career,Motivation,Beginner,81,CR000051,2025-04-24T05:42:41,0.702,0.453,0.148,0.795,0.642,0.276
CAND000680,Programming developers be like,POV: debugging Programming at 2am,When your System Design code works on the first try but you have no idea why. Every developer knows this feeling.,,Person explaining AWS architecture using a whiteboard,Hindi-English,0.75,,,,Software Engineering,programming_meme,Entertainment,Intermediate,60,CR000078,2025-01-29T23:48:17,0.473,0.459,0.227,0.073,0.484,0.909
CAND000681,Resume Tips,Resume Tips - what nobody tells you,"Here's how Go behaves at scale, and the trade-offs engineers make in production systems.",,Split-screen code and output comparison,English,0.81,Go|Kotlin,,,Career,career,Interview Preparation,Advanced,88,CR000024,2025-10-26T03:27:31,0.498,0.276,0.128,0.625,0.367,0.314
CAND000682,Placement Prep,Placement Prep - what nobody tells you,"Ee video alli navu Swift bagge nodona. First, swift basics, then a quick example with real code.",// Swift example,Whiteboard diagram explaining system architecture,Kannada-English,0.92,Swift|Dart,,,Career,career,Motivation,Beginner,29,CR000017,2025-06-27T11:53:46,0.894,0.094,0.281,0.599,0.559,0.228
CAND000683,Internship Advice,Internship Advice - what nobody tells you,"Let's break down the basics of Backend step by step, starting from what it actually is.",,Person explaining AWS architecture using a whiteboard,English,0.96,,,,Career,career,Interview Preparation,Beginner,60,CR000099,2025-05-05T00:02:58,0.527,0.26,0.229,0.574,0.382,0.162
CAND000684,Developer Tools update (2026),Latest in Developer Tools,"Indha video la naam JavaScript pathi parkalam. First, javascript basics, then a quick example with real code.",const res = await fetch('/api/data');,Terminal window running JavaScript commands,Tamil-English,0.93,JavaScript,GCP|Redis,,Technology News,tech_news,News,Beginner,38,CR000039,2025-03-12T22:55:45,0.539,0.224,0.368,0.066,0.401,0.293
CAND000685,Why Rust's Ownership Model Prevents Memory Bugs,Learn why rust's ownership model prevents memory bugs in under a minute,"Let's break down the basics of Scala step by step, starting from what it actually is.",// Scala example,Split-screen code and output comparison,English,0.78,Scala,,Angular,Hardware,tech_educational,Curiosity,Beginner,35,CR000084,2025-02-04T20:07:17,0.551,0.318,0.606,0.451,0.465,0.239
CAND000686,Resume Tips,Resume Tips - what nobody tells you,"Here's how Ruby behaves at scale, and the trade-offs engineers make in production systems.",// Ruby example,Split-screen code and output comparison,English,0.84,Ruby,,,Career,career,Career,Advanced,10,CR000038,2025-10-22T11:20:17,0.342,0.34,0.246,0.65,0.349,0.352
CAND000687,Learn EVERYTHING about coding in 24 hours!,Learn EVERYTHING about coding in 24 hours!,10 AI tools that will GUARANTEE you a job in 2026!!!,,Cybersecurity terminal showing network commands,English,0.88,,,,Career,hype,Motivation,Intermediate,40,CR000097,2025-04-05T20:51:26,0.06,0.669,0.337,0.062,0.0,0.132
CAND000688,C explained simply,Learn c explained simply in under a minute,"Ee video alli navu C bagge nodona. First, c basics, then a quick example with real code.",// C example,Laptop screen showing C code in an IDE,Kannada-English,0.87,C,,Node.js,Hardware,tech_educational,Curiosity,Advanced,14,CR000064,2025-07-01T08:11:00,0.858,0.155,0.894,0.694,0.599,0.324
CAND000689,OOP explained simply,Learn oop explained simply in under a minute,"Aaj hum dekhenge ki Software Engineering kaise kaam karta hai. First, software engineering basics, then a quick example with real code.",,Neural network diagram with labeled layers,Hindi-English,0.8,,,Laravel,Backend,tech_educational,Curiosity,Intermediate,44,CR000080,2025-10-31T09:21:01,0.808,0.326,0.826,0.582,0.674,0.159
CAND000690,Technical Interviews,Technical Interviews - what nobody tells you,"Here's how PHP behaves at scale, and the trade-offs engineers make in production systems.",// PHP example,Whiteboard diagram explaining system architecture,English,0.78,PHP|TypeScript,,,Career,career,Motivation,Advanced,17,CR000039,2025-07-26T00:47:56,0.735,0.099,0.268,0.616,0.679,0.31
CAND000691,Java explained simply,Learn java explained simply in under a minute,"Indha video la naam Java pathi parkalam. First, java basics, then a quick example with real code.",public static void main(String[] args),Terminal window running Java commands,Tamil-English,0.98,Java,,React,Cloud,tech_educational,Curiosity,Beginner,29,CR000043,2025-06-14T18:56:39,0.804,0.082,0.803,0.365,0.531,0.282
CAND000692,Coding Interviews,Coding Interviews - what nobody tells you,"If you're preparing for placements, don't just memorize Software Engineering answers - understand how it actually works under the hood.",,Gaming setup with GPU comparison on screen,English,0.93,,,,Career,career,Interview Preparation,Intermediate,65,CR000001,2025-10-18T22:24:53,0.763,0.093,0.227,0.682,0.705,0.187
CAND000693,Java explained simply,Learn java explained simply in under a minute,"Let's break down the basics of Java step by step, starting from what it actually is.",,Split-screen code and output comparison,English,0.9,Java|C++,,,AI/ML,tech_educational,Curiosity,Beginner,57,CR000075,2025-03-02T15:45:29,0.777,0.035,0.732,0.502,0.623,0.242
CAND000694,Movies moment that broke the internet,Movies content - just for laughs,"Aaj hum dekhenge ki Networking kaise kaam karta hai. First, networking basics, then a quick example with real code.",,Funny reaction clip with captions,Hindi-English,0.98,,,,Movies,entertainment,Humor,Beginner,88,CR000034,2025-04-08T12:25:26,0.383,0.354,0.298,0.213,0.404,1.0
CAND000695,Cricket moment that broke the internet,Cricket content - just for laughs,"If you're preparing for placements, don't just memorize DSA answers - understand how it actually works under the hood.",,Movie clip montage with trending audio,Hindi,0.83,,,,Cricket,entertainment,Humor,Intermediate,37,CR000038,2025-07-31T23:12:26,0.288,0.645,0.141,0.125,0.321,0.786
CAND000696,Kotlin developers be like,POV: debugging Kotlin at 2am,When your Kotlin code works on the first try but you have no idea why. Every developer knows this feeling.,// Kotlin example,Laptop screen showing Kotlin code in an IDE,English,0.86,Kotlin,,,Software Engineering,programming_meme,Entertainment,Advanced,50,CR000078,2025-06-23T03:23:22,0.169,0.404,0.252,0.227,0.111,0.789
CAND000697,Music moment that broke the internet,Music content - just for laughs,"Here's how Caching behaves at scale, and the trade-offs engineers make in production systems.",,Stadium crowd celebrating a goal/wicket,Hindi,0.93,,,,Music,entertainment,Entertainment,Advanced,21,CR000026,2025-08-25T23:18:05,0.346,0.21,0.292,0.104,0.351,0.978
CAND000698,Programming developers be like,POV: debugging Programming at 2am,When your Software Engineering code works on the first try but you have no idea why. Every developer knows this feeling.,,Two laptops side by side for a spec comparison,Tamil,0.9,,,,Software Engineering,programming_meme,Entertainment,Beginner,13,CR000085,2025-07-23T16:54:26,0.571,0.143,0.156,0.13,0.415,0.956
CAND000699,Dart explained simply,Learn dart explained simply in under a minute,"Let's break down the basics of Dart step by step, starting from what it actually is.",// Dart example,Terminal window running Dart commands,English,0.99,Dart,Docker|Kubernetes,,Frontend,tech_educational,Learning,Beginner,11,CR000009,2025-07-28T16:39:59,0.714,0.043,0.71,0.417,0.622,0.154
CAND000700,Gaming moment that broke the internet,Gaming content - just for laughs,"Here's how C++ behaves at scale, and the trade-offs engineers make in production systems.","int main() { std::cout << ""hi""; }",Dance/lipsync trend clip,English,0.85,C++|Swift,,,Gaming,entertainment,Humor,Advanced,53,CR000011,2025-05-11T02:52:32,0.707,0.257,0.215,0.094,0.557,0.813
CAND000701,Cybersecurity News update (2026),Latest in Cybersecurity News,"Let's break down the basics of Scala step by step, starting from what it actually is.",,Whiteboard diagram explaining system architecture,Tamil,0.97,Scala|Rust,Jenkins|Redis,,Technology News,tech_news,News,Beginner,75,CR000072,2025-09-08T07:24:25,0.54,0.741,0.24,0.147,0.511,0.322
CAND000702,Scala explained simply,Learn scala explained simply in under a minute,"Ee video alli navu Scala bagge nodona. First, scala basics, then a quick example with real code.",,Laptop screen showing Scala code in an IDE,Kannada-English,0.93,Scala,Git,Laravel,Data Science,tech_educational,Project Help,Intermediate,81,CR000099,2025-06-20T22:05:40,0.74,0.19,0.596,0.444,0.703,0.316
CAND000703,You NEED to learn this or you'll be jobless by 2027,You NEED to learn this or you'll be jobless by 2027,Learn EVERYTHING about coding in 24 hours!,,Neural network diagram with labeled layers,Tamil,0.97,,,,Career,hype,Motivation,Beginner,71,CR000035,2025-02-08T02:50:42,0.359,0.864,0.121,0.201,0.293,0.287
CAND000704,Cricket moment that broke the internet,Cricket content - just for laughs,"Ee video lo manam R gurinchi chuddam. First, r basics, then a quick example with real code.",// C# example,Stadium crowd celebrating a goal/wicket,Telugu-English,0.86,R|C#,,,Cricket,entertainment,Entertainment,Intermediate,55,CR000005,2025-01-18T13:40:12,0.481,0.167,0.128,0.168,0.457,0.891
CAND000705,Movies moment that broke the internet,Movies content - just for laughs,"If you're preparing for placements, don't just memorize SQL answers - understand how it actually works under the hood.",SELECT * FROM students;,Dance/lipsync trend clip,English,0.76,SQL,,,Movies,entertainment,Humor,Intermediate,90,CR000042,2025-09-14T11:49:44,0.112,0.11,0.209,0.19,0.038,0.838
CAND000706,Technical Interviews,Technical Interviews - what nobody tells you,"Let's break down the basics of LLD step by step, starting from what it actually is.",,Two laptops side by side for a spec comparison,Malayalam,0.87,,,,Career,career,Career,Beginner,17,CR000048,2025-08-20T08:26:37,0.657,0.381,0.31,0.632,0.61,0.166
CAND000707,Software Engineering Careers,Software Engineering Careers - what nobody tells you,"Let's break down the basics of C step by step, starting from what it actually is.",// C example,Whiteboard diagram explaining system architecture,English,0.9,C,,,Career,career,Interview Preparation,Beginner,56,CR000026,2025-03-02T17:58:11,0.819,0.109,0.163,0.708,0.556,0.142
CAND000708,Cybersecurity News update (2026),Latest in Cybersecurity News,"If you're preparing for placements, don't just memorize Python answers - understand how it actually works under the hood.",def train_model(data): ...,Whiteboard diagram explaining system architecture,English,0.76,Python,Git|Elasticsearch,,Technology News,tech_news,News,Intermediate,46,CR000022,2025-10-12T06:07:17,0.318,0.451,0.218,0.227,0.268,0.284
CAND000709,Developer Tools update (2025),Latest in Developer Tools,"Indha video la naam C++ pathi parkalam. First, c++ basics, then a quick example with real code.",SELECT * FROM students;,Split-screen code and output comparison,Tamil-English,0.86,C++|Go|SQL,Git|Redis,,Technology News,tech_news,News,Beginner,8,CR000090,2025-07-22T14:46:30,0.654,0.425,0.263,0.115,0.46,0.103
CAND000710,JavaScript developers be like,POV: debugging JavaScript at 2am,When your JavaScript code works on the first try but you have no idea why. Every developer knows this feeling.,,Laptop screen showing JavaScript code in an IDE,English,0.77,JavaScript|Dart,,,Software Engineering,programming_meme,Entertainment,Intermediate,44,CR000046,2025-09-18T11:41:23,0.495,0.491,0.253,0.215,0.396,0.916
CAND000711,Memes moment that broke the internet,Memes content - just for laughs,"Ee video alli navu LLD bagge nodona. First, lld basics, then a quick example with real code.",,Stadium crowd celebrating a goal/wicket,Kannada-English,0.99,,,,Memes,entertainment,Humor,Beginner,42,CR000042,2025-02-15T21:13:11,0.287,0.122,0.223,0.161,0.313,0.846
CAND000712,Ruby explained simply,Learn ruby explained simply in under a minute,"Ee video alli navu Ruby bagge nodona. First, ruby basics, then a quick example with real code.",,Terminal window running Ruby commands,Kannada-English,0.9,Ruby|C++,,Next.js,Frontend,tech_educational,Interview Preparation,Beginner,25,CR000072,2025-05-21T20:47:54,0.617,0.333,0.633,0.447,0.444,0.326
CAND000713,Gaming moment that broke the internet,Gaming content - just for laughs,"If you're preparing for placements, don't just memorize DevOps answers - understand how it actually works under the hood.",,Movie clip montage with trending audio,English,0.9,,,,Gaming,entertainment,Humor,Intermediate,36,CR000012,2025-11-27T05:56:04,0.19,0.42,0.337,0.189,0.298,0.941
CAND000714,Hardware Launches update (2026),Latest in Hardware Launches,"Ee video lo manam SQL gurinchi chuddam. First, sql basics, then a quick example with real code.",SELECT * FROM students;,Split-screen code and output comparison,Telugu-English,0.95,SQL,PostgreSQL|Jenkins,,Technology News,tech_news,News,Beginner,76,CR000001,2025-11-06T04:28:53,0.531,0.189,0.174,0.265,0.342,0.311
CAND000715,Become an AI Engineer in just 7 days - no experience needed!,Become an AI Engineer in just 7 days - no experience needed!,Top secret AI trick recruiters don't want you to know,,Cybersecurity terminal showing network commands,Hindi-English,0.92,,,,AI/ML,hype,Motivation,Beginner,37,CR000097,2025-03-08T06:33:02,0.223,0.392,0.279,0.141,0.273,0.27
CAND000716,Resume Tips,Resume Tips - what nobody tells you,"Let's break down the basics of Scala step by step, starting from what it actually is.",// Ruby example,Split-screen code and output comparison,Hindi,0.94,Scala|Ruby|Python,,,Career,career,Motivation,Beginner,47,CR000100,2025-02-09T23:14:15,0.821,0.156,0.191,0.662,0.74,0.206
CAND000717,Placement Prep,Placement Prep - what nobody tells you,"If you're preparing for placements, don't just memorize Dart answers - understand how it actually works under the hood.",// Dart example,Laptop screen showing Dart code in an IDE,English,0.82,Dart,,,Career,career,Interview Preparation,Intermediate,35,CR000062,2025-08-15T17:13:00,0.748,0.08,0.186,0.598,0.628,0.292
CAND000718,LLD explained simply,Learn lld explained simply in under a minute,"Let's break down the basics of Databases step by step, starting from what it actually is.",,Two laptops side by side for a spec comparison,English,0.77,,Git|Docker,Ktor,Career,tech_educational,Project Help,Beginner,64,CR000055,2025-02-16T07:00:07,0.77,0.307,0.825,0.325,0.817,0.153
CAND000719,Programming Language Updates update (2025),Latest in Programming Language Updates,"Here's how Frontend behaves at scale, and the trade-offs engineers make in production systems.",,Gaming setup with GPU comparison on screen,English,0.94,,GCP|MongoDB,,Technology News,tech_news,News,Advanced,24,CR000091,2025-10-05T23:05:20,0.456,0.408,0.242,0.22,0.217,0.187
CAND000720,Programming Language Updates update (2026),Latest in Programming Language Updates,"Here's how C behaves at scale, and the trade-offs engineers make in production systems.",// C example,Split-screen code and output comparison,English,0.78,C|Dart,AWS|PostgreSQL,,Technology News,tech_news,News,Advanced,50,CR000022,2025-06-12T15:45:14,0.513,0.093,0.067,0.178,0.288,0.31
CAND000721,Celebrity Fiction moment that broke the internet,Celebrity Fiction content - just for laughs,"Let's break down the basics of Caching step by step, starting from what it actually is.",,Funny reaction clip with captions,English,0.82,,,,Celebrity Fiction,entertainment,Entertainment,Beginner,61,CR000019,2025-10-10T22:37:23,0.668,0.203,0.178,0.231,0.38,0.742
CAND000722,Scala explained simply,Learn scala explained simply in under a minute,"If you're preparing for placements, don't just memorize Scala answers - understand how it actually works under the hood.",// Scala example,Whiteboard diagram explaining system architecture,Bengali,0.9,Scala,,Flask,Mobile Development,tech_educational,Learning,Intermediate,84,CR000089,2025-11-15T07:58:29,0.679,0.163,0.637,0.488,0.557,0.226
CAND000723,Placement Prep,Placement Prep - what nobody tells you,"Aaj hum dekhenge ki C# kaise kaam karta hai. First, c# basics, then a quick example with real code.",,Terminal window running C# commands,Hindi-English,0.89,C#|JavaScript,,,Career,career,Interview Preparation,Beginner,32,CR000075,2025-03-01T07:03:15,0.864,0.23,0.221,0.702,0.818,0.269
CAND000724,Kotlin developers be like,POV: debugging Kotlin at 2am,When your Kotlin code works on the first try but you have no idea why. Every developer knows this feeling.,// Kotlin example,Laptop screen showing Kotlin code in an IDE,English,0.98,Kotlin,,,Software Engineering,programming_meme,Entertainment,Intermediate,83,CR000042,2025-05-09T08:25:17,0.353,0.485,0.366,0.186,0.255,0.888
CAND000725,Resume Tips,Resume Tips - what nobody tells you,"If you're preparing for placements, don't just memorize SQL answers - understand how it actually works under the hood.",,Whiteboard diagram explaining system architecture,English,0.85,SQL,,,Career,career,Interview Preparation,Intermediate,61,CR000090,2025-05-17T14:03:15,0.563,0.121,0.155,0.672,0.553,0.386
CAND000726,Celebrity Fiction moment that broke the internet,Celebrity Fiction content - just for laughs,"Aaj hum dekhenge ki Memory Management kaise kaam karta hai. First, memory management basics, then a quick example with real code.",,Stadium crowd celebrating a goal/wicket,Hindi-English,0.85,,,,Celebrity Fiction,entertainment,Entertainment,Intermediate,12,CR000053,2025-08-01T22:37:33,0.693,0.18,0.15,0.094,0.524,0.822
CAND000727,Programming developers be like,POV: debugging Programming at 2am,When your Data Science code works on the first try but you have no idea why. Every developer knows this feeling.,,Person explaining AWS architecture using a whiteboard,English,0.86,,,,Software Engineering,programming_meme,Entertainment,Beginner,66,CR000057,2025-04-22T20:49:26,0.544,0.652,0.171,0.062,0.502,0.833
CAND000728,Java explained simply,Learn java explained simply in under a minute,"Let's break down the basics of Java step by step, starting from what it actually is.",,Whiteboard diagram explaining system architecture,Tamil,0.9,Java,Kafka,PyTorch,Software Engineering,tech_educational,Curiosity,Beginner,27,CR000061,2025-06-08T17:37:45,0.913,0.176,0.92,0.369,0.715,0.339
CAND000729,Movies moment that broke the internet,Movies content - just for laughs,"If you're preparing for placements, don't just memorize Databases answers - understand how it actually works under the hood.",,Movie clip montage with trending audio,Malayalam,0.9,,,,Movies,entertainment,Humor,Intermediate,79,CR000072,2025-11-06T00:06:37,0.444,0.075,0.258,0.294,0.326,0.854
CAND000730,Celebrity Fiction moment that broke the internet,Celebrity Fiction content - just for laughs,"Let's break down the basics of Microservices step by step, starting from what it actually is.",,Movie clip montage with trending audio,Malayalam,0.85,,,,Celebrity Fiction,entertainment,Humor,Beginner,77,CR000081,2025-03-01T18:05:57,0.279,0.457,0.219,0.162,0.225,0.685
CAND000731,5 tools that will REPLACE every programmer by 2027,5 tools that will REPLACE every programmer by 2027,Become an AI Engineer in just 7 days - no experience needed!,,Gaming setup with GPU comparison on screen,English,0.86,,,,Career,hype,Promotion,Intermediate,21,CR000036,2025-04-17T10:42:48,0.626,0.751,0.267,0.266,0.65,0.218
CAND000732,Go explained simply,Learn go explained simply in under a minute,"Let's break down the basics of Go step by step, starting from what it actually is.","func main() { fmt.Println(""hello"") }",Whiteboard diagram explaining system architecture,English,0.98,Go,,React,Cloud,tech_educational,Interview Preparation,Beginner,79,CR000061,2025-04-18T03:23:21,0.938,0.246,0.938,0.431,0.734,0.322
CAND000733,5 tools that will REPLACE every programmer by 2027,5 tools that will REPLACE every programmer by 2027,"This ONE skill will make you ₹50 LPA, guaranteed!",,Person explaining AWS architecture using a whiteboard,English,0.96,,,,Career,hype,Promotion,Intermediate,54,CR000053,2025-08-05T16:49:27,0.0,0.74,0.23,0.304,0.006,0.254
CAND000734,Learn EVERYTHING about coding in 24 hours!,Learn EVERYTHING about coding in 24 hours!,"This ONE skill will make you ₹50 LPA, guaranteed!",,Cybersecurity terminal showing network commands,Tamil,0.86,,,,Career,hype,Motivation,Advanced,84,CR000046,2025-08-30T05:20:42,0.222,0.91,0.197,0.099,0.049,0.217
CAND000735,Football moment that broke the internet,Football content - just for laughs,"Let's break down the basics of Rust step by step, starting from what it actually is.",// Swift example,Funny reaction clip with captions,English,0.92,Rust|PHP|Swift,,,Football,entertainment,Entertainment,Beginner,9,CR000033,2025-08-19T03:07:13,0.733,0.061,0.238,0.02,0.665,0.948
CAND000736,Kotlin developers be like,POV: debugging Kotlin at 2am,When your Kotlin code works on the first try but you have no idea why. Every developer knows this feeling.,// Kotlin example,Split-screen code and output comparison,Tamil-English,0.88,Kotlin,,,Software Engineering,programming_meme,Entertainment,Beginner,19,CR000085,2025-05-13T08:28:14,0.398,0.39,0.203,0.188,0.17,0.875
CAND000737,Lifestyle moment that broke the internet,Lifestyle content - just for laughs,"If you're preparing for placements, don't just memorize Frontend answers - understand how it actually works under the hood.",,Stadium crowd celebrating a goal/wicket,English,0.91,,,,Lifestyle,entertainment,Humor,Intermediate,60,CR000011,2025-10-14T09:52:51,0.456,0.326,0.191,0.085,0.403,0.886
CAND000738,Movies moment that broke the internet,Movies content - just for laughs,"Ee video alli navu Web Development bagge nodona. First, web development basics, then a quick example with real code.",,Dance/lipsync trend clip,Kannada-English,0.8,,,,Movies,entertainment,Humor,Intermediate,37,CR000007,2025-02-26T20:10:54,0.233,0.388,0.073,0.049,0.243,0.982
CAND000739,How Database Indexes Speed Up Queries,Learn how database indexes speed up queries in under a minute,"Indha video la naam Software Engineering pathi parkalam. First, software engineering basics, then a quick example with real code.",,Two laptops side by side for a spec comparison,Tamil-English,0.85,,,TensorFlow,Backend,tech_educational,Project Help,Intermediate,75,CR000009,2025-08-19T00:54:40,0.503,0.276,0.527,0.439,0.392,0.224
CAND000740,Resume Tips,Resume Tips - what nobody tells you,"If you're preparing for placements, don't just memorize PHP answers - understand how it actually works under the hood.",// PHP example,Whiteboard diagram explaining system architecture,English,0.97,PHP,,,Career,career,Career,Intermediate,65,CR000018,2025-01-12T14:57:04,0.843,0.264,0.131,0.619,0.792,0.233
CAND000741,Music moment that broke the internet,Music content - just for laughs,"If you're preparing for placements, don't just memorize Ruby answers - understand how it actually works under the hood.",// Ruby example,Stadium crowd celebrating a goal/wicket,Tamil,0.87,Ruby,,,Music,entertainment,Humor,Intermediate,11,CR000009,2025-07-25T12:20:42,0.216,0.102,0.207,0.17,0.16,0.983
CAND000742,Cricket moment that broke the internet,Cricket content - just for laughs,"Let's break down the basics of Backend step by step, starting from what it actually is.",,Stadium crowd celebrating a goal/wicket,English,0.85,,,,Cricket,entertainment,Entertainment,Beginner,62,CR000071,2025-01-20T10:20:00,0.435,0.171,0.296,0.205,0.309,0.92
CAND000743,Top secret AI trick recruiters don't want you to know,Top secret AI trick recruiters don't want you to know,Top secret AI trick recruiters don't want you to know,,Neural network diagram with labeled layers,English,0.99,,,,AI/ML,hype,Motivation,Intermediate,79,CR000015,2025-05-26T15:00:08,0.341,0.865,0.095,0.0,0.371,0.002
CAND000744,Gaming moment that broke the internet,Gaming content - just for laughs,"Ee video alli navu Software Engineering bagge nodona. First, software engineering basics, then a quick example with real code.",,Funny reaction clip with captions,Kannada-English,0.94,,,,Gaming,entertainment,Entertainment,Beginner,75,CR000085,2025-02-06T13:22:55,0.511,0.476,0.191,0.101,0.485,0.852
CAND000745,JavaScript developers be like,POV: debugging JavaScript at 2am,When your JavaScript code works on the first try but you have no idea why. Every developer knows this feeling.,// Dart example,Split-screen code and output comparison,English,0.76,JavaScript|Dart|Scala,,,Software Engineering,programming_meme,Entertainment,Intermediate,78,CR000077,2025-09-19T10:10:13,0.871,0.431,0.135,0.057,0.559,0.875
CAND000746,Celebrity Fiction moment that broke the internet,Celebrity Fiction content - just for laughs,"If you're preparing for placements, don't just memorize Load Balancing answers - understand how it actually works under the hood.",,Movie clip montage with trending audio,English,0.82,,,,Celebrity Fiction,entertainment,Entertainment,Intermediate,48,CR000028,2025-11-23T18:50:47,0.515,0.445,0.229,0.148,0.45,0.64
CAND000747,Cloud News update (2026),Latest in Cloud News,"If you're preparing for placements, don't just memorize C answers - understand how it actually works under the hood.",,Whiteboard diagram explaining system architecture,English,0.8,C,Terraform|Linux,,Technology News,tech_news,News,Intermediate,33,CR000052,2025-01-25T15:52:35,0.777,0.12,0.041,0.123,0.601,0.302
CAND000748,Programming developers be like,POV: debugging Programming at 2am,When your Blockchain code works on the first try but you have no idea why. Every developer knows this feeling.,,Person explaining AWS architecture using a whiteboard,English,0.98,,,,Software Engineering,programming_meme,Entertainment,Beginner,83,CR000083,2025-08-04T06:41:40,0.613,0.297,0.197,0.289,0.43,0.859
CAND000749,Lifestyle moment that broke the internet,Lifestyle content - just for laughs,"Here's how JavaScript behaves at scale, and the trade-offs engineers make in production systems.",const res = await fetch('/api/data');,Movie clip montage with trending audio,English,0.94,JavaScript,,,Lifestyle,entertainment,Entertainment,Advanced,43,CR000052,2025-01-28T08:36:40,0.807,0.249,0.22,0.11,0.629,0.931
CAND000750,Cloud News update (2025),Latest in Cloud News,"If you're preparing for placements, don't just memorize C answers - understand how it actually works under the hood.",// C example,Laptop screen showing C code in an IDE,English,0.87,C|C#,Azure|Terraform,,Technology News,tech_news,News,Intermediate,70,CR000003,2025-11-29T00:25:36,0.628,0.389,0.126,0.097,0.675,0.235
CAND000751,Football moment that broke the internet,Football content - just for laughs,"Ee video lo manam Data Science gurinchi chuddam. First, data science basics, then a quick example with real code.",,Dance/lipsync trend clip,Telugu-English,0.9,,,,Football,entertainment,Humor,Beginner,58,CR000009,2025-05-20T08:43:38,0.42,0.142,0.141,0.228,0.279,0.835
CAND000752,Lifestyle moment that broke the internet,Lifestyle content - just for laughs,"If you're preparing for placements, don't just memorize Java answers - understand how it actually works under the hood.",public static void main(String[] args),Funny reaction clip with captions,English,0.79,Java,,,Lifestyle,entertainment,Humor,Intermediate,36,CR000028,2025-09-30T16:05:58,0.259,0.336,0.196,0.232,0.363,0.866
CAND000753,Swift explained simply,Learn swift explained simply in under a minute,"Let's break down the basics of Swift step by step, starting from what it actually is.",// Swift example,Terminal window running Swift commands,Telugu,0.96,Swift,,.NET,Generative AI,tech_educational,Interview Preparation,Beginner,79,CR000006,2025-08-13T04:45:35,0.691,0.067,0.79,0.584,0.551,0.379
CAND000754,Swift explained simply,Learn swift explained simply in under a minute,"Indha video la naam Swift pathi parkalam. First, swift basics, then a quick example with real code.",// Swift example,Terminal window running Swift commands,Tamil-English,0.92,Swift,Git|Docker,Laravel,Generative AI,tech_educational,Project Help,Beginner,32,CR000064,2025-11-25T17:26:12,0.628,0.44,0.634,0.52,0.519,0.147
CAND000755,Load Balancing explained simply,Learn load balancing explained simply in under a minute,"If you're preparing for placements, don't just memorize Generative AI answers - understand how it actually works under the hood.",,Two laptops side by side for a spec comparison,English,0.96,,,,Mobile Development,tech_educational,Project Help,Intermediate,85,CR000058,2025-05-02T01:26:11,0.692,0.183,0.612,0.333,0.648,0.274
CAND000756,Designing a Scalable Backend API: From Code to Cloud,Learn how scalable backend APIs handle high traffic in under a minute,"Indha video la naam Go pathi parkalam. First, go basics, then a quick example with real code.","func main() { fmt.Println(""hello"") }",Laptop screen showing Go code in an IDE,Tamil-English,0.89,Go,AWS,,Software Engineering,tech_educational,Curiosity,Intermediate,12,CR000030,2025-08-09T10:46:19,0.948,0.092,1.0,0.364,0.836,0.319
CAND000757,Python explained simply,Learn python explained simply in under a minute,"If you're preparing for placements, don't just memorize Python answers - understand how it actually works under the hood.",def train_model(data): ...,Terminal window running Python commands,English,0.82,Python,,Node.js,Data Science,tech_educational,Project Help,Intermediate,69,CR000034,2025-07-07T14:06:10,0.381,0.597,0.297,0.535,0.268,0.285
CAND000758,JavaScript explained simply,Learn javascript explained simply in under a minute,"Let's break down the basics of JavaScript step by step, starting from what it actually is.",,Laptop screen showing JavaScript code in an IDE,English,0.96,JavaScript,,Django,Mobile Development,tech_educational,Curiosity,Beginner,39,CR000039,2025-09-11T09:41:36,0.778,0.272,0.897,0.503,0.631,0.244
CAND000759,Programming Language Updates update (2025),Latest in Programming Language Updates,"If you're preparing for placements, don't just memorize Deep Learning answers - understand how it actually works under the hood.",,Two laptops side by side for a spec comparison,English,0.98,,Azure|Docker,,Technology News,tech_news,News,Intermediate,39,CR000006,2025-11-01T06:14:05,0.568,0.257,0.251,0.078,0.286,0.35
CAND000760,Resume Tips,Resume Tips - what nobody tells you,"Let's break down the basics of Algorithms step by step, starting from what it actually is.",,Neural network diagram with labeled layers,Malayalam,0.79,,,,Career,career,Interview Preparation,Beginner,80,CR000082,2025-04-27T15:32:14,0.86,0.247,0.07,0.842,0.719,0.286
CAND000761,Career Roadmaps,Career Roadmaps - what nobody tells you,"If you're preparing for placements, don't just memorize TypeScript answers - understand how it actually works under the hood.",// TypeScript example,Whiteboard diagram explaining system architecture,English,0.83,TypeScript,,,Career,career,Interview Preparation,Intermediate,87,CR000078,2025-05-10T16:20:12,0.71,0.009,0.127,0.672,0.566,0.204
CAND000762,Dart explained simply,Learn dart explained simply in under a minute,"Let's break down the basics of Dart step by step, starting from what it actually is.",// Dart example,Terminal window running Dart commands,English,0.93,Dart,Azure,,Cloud,tech_educational,Curiosity,Beginner,48,CR000023,2025-10-12T20:17:43,0.434,0.212,0.436,0.646,0.278,0.232
CAND000763,Learn EVERYTHING about coding in 24 hours!,Learn EVERYTHING about coding in 24 hours!,Top secret AI trick recruiters don't want you to know,,Two laptops side by side for a spec comparison,English,0.82,,,,Career,hype,Promotion,Beginner,52,CR000040,2025-11-15T09:15:35,0.633,0.966,0.203,0.139,0.605,0.348
CAND000764,Coding Interviews,Coding Interviews - what nobody tells you,"Ee video alli navu C# bagge nodona. First, c# basics, then a quick example with real code.",,Whiteboard diagram explaining system architecture,Kannada-English,0.89,C#,,,Career,career,Interview Preparation,Advanced,56,CR000024,2025-06-28T20:40:50,0.768,0.169,0.326,0.844,0.608,0.236
CAND000765,Software Engineering Careers,Software Engineering Careers - what nobody tells you,"If you're preparing for placements, don't just memorize C# answers - understand how it actually works under the hood.",,Split-screen code and output comparison,English,0.79,C#,,,Career,career,Motivation,Intermediate,89,CR000096,2025-09-03T10:37:13,0.541,0.127,0.237,0.807,0.452,0.309
CAND000766,C explained simply,Learn c explained simply in under a minute,"If you're preparing for placements, don't just memorize C answers - understand how it actually works under the hood.",,Split-screen code and output comparison,English,0.93,C,,Express.js,Backend,tech_educational,Curiosity,Intermediate,65,CR000024,2025-04-24T19:57:06,0.623,0.016,0.61,0.44,0.575,0.312
CAND000767,Football moment that broke the internet,Football content - just for laughs,"Aaj hum dekhenge ki Distributed Systems kaise kaam karta hai. First, distributed systems basics, then a quick example with real code.",,Funny reaction clip with captions,Hindi-English,0.86,,,,Football,entertainment,Humor,Advanced,64,CR000052,2025-04-12T13:18:12,0.287,0.102,0.148,0.049,0.14,0.907
CAND000768,Become an AI Engineer in just 7 days - no experience needed!,Become an AI Engineer in just 7 days - no experience needed!,10 AI tools that will GUARANTEE you a job in 2027!!!,,Cybersecurity terminal showing network commands,English,0.97,,,,AI/ML,hype,Promotion,Advanced,24,CR000100,2025-04-05T01:47:26,0.545,0.819,0.147,0.113,0.283,0.305
CAND000769,How ML Engineers Deploy Models,Learn how ml engineers deploy models in under a minute,"Let's break down the basics of Rust step by step, starting from what it actually is.",let mut v: Vec<i32> = Vec::new();,Split-screen code and output comparison,Kannada,0.78,Rust,AWS,,Blockchain,tech_educational,Interview Preparation,Beginner,10,CR000082,2025-08-22T05:37:58,0.651,0.19,0.666,0.606,0.55,0.231
CAND000770,Technical Interviews,Technical Interviews - what nobody tells you,"Let's break down the basics of Cybersecurity step by step, starting from what it actually is.",,Gaming setup with GPU comparison on screen,English,0.76,,,,Career,career,Interview Preparation,Beginner,53,CR000028,2025-09-20T09:12:06,0.71,0.371,0.294,0.696,0.644,0.219
CAND000771,Rust explained simply,Learn rust explained simply in under a minute,"Let's break down the basics of Rust step by step, starting from what it actually is.",,Laptop screen showing Rust code in an IDE,English,0.81,Rust,,,Career,tech_educational,Interview Preparation,Beginner,54,CR000022,2025-05-31T21:50:49,0.596,0.197,0.515,0.431,0.253,0.221
CAND000772,Software Engineering Careers,Software Engineering Careers - what nobody tells you,"Ee video lo manam C gurinchi chuddam. First, c basics, then a quick example with real code.",// C example,Whiteboard diagram explaining system architecture,Telugu-English,0.85,C,,,Career,career,Career,Beginner,42,CR000019,2025-02-14T17:30:49,0.732,0.242,0.233,0.731,0.583,0.249
CAND000773,Become an AI Engineer in just 7 days - no experience needed!,Become an AI Engineer in just 7 days - no experience needed!,10 AI tools that will GUARANTEE you a job in 2026!!!,,Two laptops side by side for a spec comparison,English,0.89,,,,AI/ML,hype,Motivation,Intermediate,23,CR000001,2025-04-02T03:23:04,0.269,0.897,0.329,0.139,0.255,0.387
CAND000774,Programming Language Updates update (2026),Latest in Programming Language Updates,"If you're preparing for placements, don't just memorize Ruby answers - understand how it actually works under the hood.",,Whiteboard diagram explaining system architecture,Telugu,0.9,Ruby,MongoDB|Kafka,,Technology News,tech_news,News,Intermediate,21,CR000058,2025-10-26T23:50:47,0.213,0.208,0.309,0.097,0.109,0.304
CAND000775,AI News update (2026),Latest in AI News,"Ee video alli navu Cloud bagge nodona. First, cloud basics, then a quick example with real code.",,Neural network diagram with labeled layers,Kannada-English,0.84,,GCP|Git,,Technology News,tech_news,News,Intermediate,68,CR000005,2025-02-14T16:24:49,0.507,0.591,0.256,0.146,0.41,0.262
CAND000776,Movies moment that broke the internet,Movies content - just for laughs,"If you're preparing for placements, don't just memorize Memory Management answers - understand how it actually works under the hood.",,Stadium crowd celebrating a goal/wicket,Malayalam,0.92,,,,Movies,entertainment,Humor,Intermediate,11,CR000005,2025-09-29T18:33:27,0.596,0.172,0.335,0.089,0.548,0.964
CAND000777,APIs explained simply,Learn apis explained simply in under a minute,"Indha video la naam Blockchain pathi parkalam. First, blockchain basics, then a quick example with real code.",,Two laptops side by side for a spec comparison,Tamil-English,0.91,,Kubernetes|Nginx,,Cybersecurity,tech_educational,Learning,Advanced,60,CR000077,2025-10-21T09:55:25,0.671,0.414,0.474,0.435,0.458,0.377
CAND000778,DSA explained simply,Learn dsa explained simply in under a minute,"Ee video alli navu Distributed Systems bagge nodona. First, distributed systems basics, then a quick example with real code.",,Two laptops side by side for a spec comparison,Kannada-English,0.75,,,,Cloud,tech_educational,Project Help,Beginner,85,CR000054,2025-01-25T01:09:35,0.881,0.276,0.928,0.447,0.7,0.176
CAND000779,OOP explained simply,Learn oop explained simply in under a minute,"Let's break down the basics of Design Patterns step by step, starting from what it actually is.",,Two laptops side by side for a spec comparison,English,0.91,,Kubernetes|Elasticsearch,TensorFlow,Frontend,tech_educational,Curiosity,Beginner,86,CR000012,2025-01-15T01:46:59,0.442,0.138,0.457,0.42,0.364,0.252
CAND000780,Celebrity Fiction moment that broke the internet,Celebrity Fiction content - just for laughs,"Let's break down the basics of Microservices step by step, starting from what it actually is.",,Stadium crowd celebrating a goal/wicket,English,0.98,,,,Celebrity Fiction,entertainment,Humor,Beginner,86,CR000061,2025-07-08T04:38:49,0.671,0.27,0.082,0.179,0.593,0.938
CAND000781,AI News update (2025),Latest in AI News,"Ee video lo manam Rust gurinchi chuddam. First, rust basics, then a quick example with real code.",let mut v: Vec<i32> = Vec::new();,Whiteboard diagram explaining system architecture,Telugu-English,0.95,Rust,MongoDB|Kafka,,Technology News,tech_news,News,Beginner,80,CR000078,2025-03-02T10:44:51,0.409,0.195,0.06,0.033,0.438,0.115
CAND000782,How Database Indexes Speed Up Queries,Learn how database indexes speed up queries in under a minute,"Ee video alli navu Dart bagge nodona. First, dart basics, then a quick example with real code.",,Split-screen code and output comparison,Kannada-English,0.97,Dart,Linux,Laravel,Hardware,tech_educational,Interview Preparation,Beginner,22,CR000071,2025-06-25T21:55:43,0.581,0.25,0.605,0.372,0.478,0.233
CAND000783,C# developers be like,POV: debugging C# at 2am,When your C# code works on the first try but you have no idea why. Every developer knows this feeling.,,Whiteboard diagram explaining system architecture,English,0.84,C#|Dart,,,Software Engineering,programming_meme,Entertainment,Advanced,76,CR000074,2025-10-25T18:26:21,0.09,0.468,0.162,0.222,0.165,0.858
CAND000784,Software Engineering Careers,Software Engineering Careers - what nobody tells you,"If you're preparing for placements, don't just memorize Frontend answers - understand how it actually works under the hood.",,Gaming setup with GPU comparison on screen,English,0.98,,,,Career,career,Interview Preparation,Intermediate,75,CR000012,2025-07-10T00:43:58,0.933,0.088,0.231,0.791,0.881,0.219
CAND000785,Scala explained simply,Learn scala explained simply in under a minute,"Aaj hum dekhenge ki Scala kaise kaam karta hai. First, scala basics, then a quick example with real code.",,Laptop screen showing Scala code in an IDE,Hindi-English,0.99,Scala,,Next.js,Deep Learning,tech_educational,Interview Preparation,Beginner,72,CR000043,2025-02-06T20:15:01,0.663,0.133,0.516,0.367,0.441,0.232
CAND000786,C++ developers be like,POV: debugging C++ at 2am,When your C++ code works on the first try but you have no idea why. Every developer knows this feeling.,,Whiteboard diagram explaining system architecture,English,0.87,C++,,,Software Engineering,programming_meme,Entertainment,Beginner,82,CR000028,2025-02-14T22:16:29,0.576,0.521,0.151,0.129,0.409,0.957
CAND000787,10 AI tools that will GUARANTEE you a job in 2026!!!,10 AI tools that will GUARANTEE you a job in 2026!!!,You NEED to learn this or you'll be jobless by 2026,,Person explaining AWS architecture using a whiteboard,Hindi-English,0.86,,,,AI/ML,hype,Motivation,Intermediate,29,CR000077,2025-08-17T04:41:13,0.108,0.678,0.267,0.261,0.141,0.273
CAND000788,Comedy moment that broke the internet,Comedy content - just for laughs,"Ee video lo manam Caching gurinchi chuddam. First, caching basics, then a quick example with real code.",,Movie clip montage with trending audio,Telugu-English,0.98,,,,Comedy,entertainment,Entertainment,Intermediate,30,CR000027,2025-05-29T18:49:21,0.121,0.284,0.341,0.044,0.102,0.87
CAND000789,Lifestyle moment that broke the internet,Lifestyle content - just for laughs,"Let's break down the basics of Design Patterns step by step, starting from what it actually is.",,Dance/lipsync trend clip,English,0.94,,,,Lifestyle,entertainment,Entertainment,Beginner,50,CR000052,2025-06-06T19:12:20,0.159,0.112,0.398,0.23,0.097,0.953
CAND000790,How Database Indexes Speed Up Queries,Learn how database indexes speed up queries in under a minute,"If you're preparing for placements, don't just memorize DSA answers - understand how it actually works under the hood.",,Person explaining AWS architecture using a whiteboard,English,0.96,,,TensorFlow,Deep Learning,tech_educational,Interview Preparation,Intermediate,78,CR000083,2025-09-14T18:54:16,0.559,0.298,0.679,0.494,0.313,0.192
CAND000791,APIs explained simply,Learn apis explained simply in under a minute,"Indha video la naam Design Patterns pathi parkalam. First, design patterns basics, then a quick example with real code.",,Two laptops side by side for a spec comparison,Tamil-English,0.9,,Docker,,Hardware,tech_educational,Interview Preparation,Intermediate,21,CR000096,2025-08-07T21:16:10,0.556,0.176,0.454,0.489,0.511,0.357
CAND000792,Java explained simply,Learn java explained simply in under a minute,"Let's break down the basics of Java step by step, starting from what it actually is.",public static void main(String[] args),Whiteboard diagram explaining system architecture,English,0.89,Java|Dart,,FastAPI,Software Engineering,tech_educational,Interview Preparation,Beginner,38,CR000023,2025-01-11T12:54:19,0.918,0.391,0.893,0.385,0.616,0.413
CAND000793,PHP explained simply,Learn php explained simply in under a minute,"Let's break down the basics of PHP step by step, starting from what it actually is.",// PHP example,Split-screen code and output comparison,English,0.78,PHP,Docker,TensorFlow,Cloud,tech_educational,Interview Preparation,Beginner,55,CR000047,2025-07-19T05:45:14,0.77,0.302,0.851,0.428,0.535,0.258
CAND000794,Programming developers be like,POV: debugging Programming at 2am,When your Algorithms code works on the first try but you have no idea why. Every developer knows this feeling.,,Person explaining AWS architecture using a whiteboard,English,0.97,,,,Software Engineering,programming_meme,Entertainment,Beginner,21,CR000020,2025-04-06T09:14:20,0.417,0.338,0.226,0.121,0.248,0.77
CAND000795,Java developers be like,POV: debugging Java at 2am,When your Java code works on the first try but you have no idea why. Every developer knows this feeling.,,Terminal window running Java commands,English,0.87,Java,,,Software Engineering,programming_meme,Entertainment,Beginner,31,CR000024,2025-08-03T12:31:26,0.805,0.326,0.185,0.056,0.666,0.737
CAND000796,REST vs GraphQL: What to Use When,Learn rest vs graphql: what to use when in under a minute,"If you're preparing for placements, don't just memorize Swift answers - understand how it actually works under the hood.",// Swift example,Terminal window running Swift commands,English,0.83,Swift,GCP|Redis,PyTorch,Blockchain,tech_educational,Project Help,Intermediate,42,CR000072,2025-03-17T16:58:33,0.509,0.253,0.49,0.47,0.47,0.274
CAND000797,Memes moment that broke the internet,Memes content - just for laughs,"Let's break down the basics of HLD step by step, starting from what it actually is.",,Dance/lipsync trend clip,English,0.92,,,,Memes,entertainment,Entertainment,Beginner,10,CR000025,2025-11-19T16:09:42,0.555,0.292,0.19,0.156,0.51,0.881
CAND000798,Technical Interviews,Technical Interviews - what nobody tells you,"Let's break down the basics of APIs step by step, starting from what it actually is.",,Two laptops side by side for a spec comparison,English,0.86,,,,Career,career,Motivation,Beginner,14,CR000001,2025-04-27T04:59:21,0.688,0.356,0.267,0.596,0.652,0.269
CAND000799,Software Engineering Careers,Software Engineering Careers - what nobody tells you,"If you're preparing for placements, don't just memorize C++ answers - understand how it actually works under the hood.","int main() { std::cout << ""hi""; }",Laptop screen showing C++ code in an IDE,English,0.85,C++,,,Career,career,Motivation,Intermediate,76,CR000035,2025-01-26T22:11:54,0.952,0.159,0.27,0.724,0.811,0.379
CAND000800,Programming developers be like,POV: debugging Programming at 2am,When your Blockchain code works on the first try but you have no idea why. Every developer knows this feeling.,,Two laptops side by side for a spec comparison,English,0.93,,,,Software Engineering,programming_meme,Entertainment,Advanced,36,CR000096,2025-01-18T16:12:06,0.759,0.488,0.304,0.213,0.621,0.954
CAND000801,Learn EVERYTHING about coding in 24 hours!,Learn EVERYTHING about coding in 24 hours!,You NEED to learn this or you'll be jobless by 2027,,Neural network diagram with labeled layers,English,0.94,,,,Career,hype,Promotion,Beginner,22,CR000031,2025-08-09T13:47:40,0.476,0.881,0.277,0.126,0.32,0.191
CAND000802,10 AI tools that will GUARANTEE you a job in 2026!!!,10 AI tools that will GUARANTEE you a job in 2026!!!,10 AI tools that will GUARANTEE you a job in 2027!!!,,Cybersecurity terminal showing network commands,Hindi-English,0.94,,,,AI/ML,hype,Promotion,Intermediate,52,CR000047,2025-02-02T07:12:23,0.051,0.966,0.285,0.301,0.064,0.454
CAND000803,"This ONE skill will make you ₹50 LPA, guaranteed!","This ONE skill will make you ₹50 LPA, guaranteed!",You NEED to learn this or you'll be jobless by 2026,,Neural network diagram with labeled layers,Kannada-English,0.89,,,,Career,hype,Motivation,Beginner,13,CR000058,2025-03-26T07:36:54,0.241,0.394,0.341,0.092,0.316,0.19
CAND000804,Microservices Architecture Explained,Deep dive into microservices architecture and distributed components,"If you're preparing for placements, don't just memorize PHP answers - understand how it actually works under the hood.",,Whiteboard diagram explaining system architecture,Malayalam,0.98,PHP,,,Frontend,tech_educational,Project Help,Intermediate,47,CR000078,2025-10-23T08:37:31,0.547,0.414,0.658,0.6,0.479,0.39
CAND000805,Understanding Vector Databases,Deep dive: understanding vector databases,"Ee video alli navu Scala bagge nodona. First, scala basics, then a quick example with real code.",,Whiteboard diagram explaining system architecture,Kannada-English,0.88,Scala,,,Backend,tech_educational,Project Help,Advanced,14,CR000085,2025-03-08T13:08:17,0.444,0.123,0.412,0.529,0.352,0.276
CAND000806,Building a Production ML API,Deep dive: building a production ml api,"Aaj hum dekhenge ki Scala kaise kaam karta hai. First, scala basics, then a quick example with real code.",// Scala example,Split-screen code and output comparison,Hindi-English,0.96,Scala,,Ktor,Frontend,tech_educational,Curiosity,Advanced,71,CR000072,2025-10-27T11:51:23,0.689,0.062,0.782,0.61,0.581,0.217
CAND000807,How ML Engineers Deploy Models,Deep dive: how ml engineers deploy models,"Here's how Rust behaves at scale, and the trade-offs engineers make in production systems.",,Laptop screen showing Rust code in an IDE,Telugu,0.77,Rust,,TensorFlow,Cloud,tech_educational,Learning,Advanced,42,CR000082,2025-09-19T11:31:10,0.896,0.535,0.838,0.475,0.735,0.371
CAND000808,Designing a Scalable Backend API: From Code to Cloud,Deep dive: designing a scalable backend api: from code to cloud,"Ee video alli navu Hardware bagge nodona. First, hardware basics, then a quick example with real code.",,Cybersecurity terminal showing network commands,Kannada-English,0.84,,Kubernetes,,Cloud,tech_educational,Interview Preparation,Beginner,21,CR000075,2025-04-20T08:27:51,0.961,0.163,0.916,0.422,0.719,0.174
CAND000809,Why Rust's Ownership Model Prevents Memory Bugs,Deep dive: why rust's ownership model prevents memory bugs,"Ee video lo manam Java gurinchi chuddam. First, java basics, then a quick example with real code.",public static void main(String[] args),Terminal window running Java commands,Telugu-English,0.92,Java|Scala,GraphQL|Kubernetes,,Deep Learning,tech_educational,Interview Preparation,Advanced,27,CR000022,2025-05-13T23:27:12,0.502,0.128,0.49,0.48,0.351,0.158
CAND000810,How Load Balancers Actually Work,Deep dive: how load balancers actually work,"Ee video alli navu PHP bagge nodona. First, php basics, then a quick example with real code.",,Split-screen code and output comparison,Kannada-English,0.83,PHP,Elasticsearch,,DevOps,tech_educational,Project Help,Advanced,14,CR000068,2025-09-05T21:00:08,0.501,0.173,0.588,0.491,0.53,0.314
CAND000811,REST vs GraphQL: What to Use When,Deep dive: rest vs graphql: what to use when,"Let's break down the basics of Dart step by step, starting from what it actually is.",// Dart example,Laptop screen showing Dart code in an IDE,English,0.86,Dart,AWS,Django,Cloud,tech_educational,Interview Preparation,Beginner,57,CR000059,2025-06-25T15:05:22,0.6,0.446,0.481,0.491,0.446,0.244
CAND000812,Explaining Consistent Hashing,Deep dive: explaining consistent hashing,"If you're preparing for placements, don't just memorize Scala answers - understand how it actually works under the hood.",,Split-screen code and output comparison,Tamil,0.88,Scala|C,,,Career,tech_educational,Project Help,Intermediate,86,CR000064,2025-11-22T00:27:31,0.433,0.131,0.255,0.466,0.343,0.243
CAND000813,How Kubernetes Schedules Pods,Deep dive: how kubernetes schedules pods,"Here's how Design Patterns behaves at scale, and the trade-offs engineers make in production systems.",,Neural network diagram with labeled layers,English,0.92,,,,Deep Learning,tech_educational,Interview Preparation,Advanced,70,CR000094,2025-03-28T13:39:12,0.411,0.24,0.335,0.583,0.335,0.107
CAND000814,System Design: Designing a URL Shortener,Deep dive: system design: designing a url shortener,"If you're preparing for placements, don't just memorize C answers - understand how it actually works under the hood.",,Split-screen code and output comparison,English,0.79,C|C++,,,Generative AI,tech_educational,Learning,Intermediate,24,CR000037,2025-07-11T11:36:45,0.826,0.329,0.835,0.651,0.679,0.248
CAND000815,How Database Indexes Speed Up Queries,Deep dive: how database indexes speed up queries,"Aaj hum dekhenge ki OOP kaise kaam karta hai. First, oop basics, then a quick example with real code.",,Cybersecurity terminal showing network commands,Hindi-English,0.88,,,React,Cloud,tech_educational,Curiosity,Beginner,9,CR000087,2025-06-25T14:22:19,0.682,0.24,0.69,0.515,0.457,0.114
