session_id,user_id,session_theme,start_time,end_time,reel_count,total_watch_seconds
SESS000001,U000001,entertainment_heavy,2025-04-06T07:40:56,2025-04-06T07:45:29,9,183.2
SESS000002,U000001,mixed_scroll,2025-11-02T06:04:25,2025-11-02T06:08:24,7,165.4
SESS000003,U000001,dsa_java_interview,2025-01-23T12:39:26,2025-01-23T12:43:55,7,182.8
SESS000004,U000001,ai_python,2025-04-21T01:11:36,2025-04-21T01:14:57,7,151.9
SESS000005,U000001,cybersecurity,2025-08-12T22:16:04,2025-08-12T22:18:30,5,97.2
SESS000006,U000002,entertainment_heavy,2025-07-23T11:49:43,2025-07-23T11:52:51,6,121.9
SESS000007,U000002,backend_cloud,2025-10-09T19:53:26,2025-10-09T19:55:03,4,74.1
SESS000008,U000002,entertainment_heavy,2025-01-18T14:29:05,2025-01-18T14:35:08,12,221.4
SESS000009,U000002,ai_python,2025-03-14T05:18:52,2025-03-14T05:21:41,4,137.7
SESS000010,U000002,gaming_hardware,2025-04-07T08:28:53,2025-04-07T08:31:30,6,77.4
SESS000011,U000003,ai_python,2025-09-06T10:50:57,2025-09-06T10:56:13,11,214.0
SESS000012,U000003,mixed_scroll,2025-10-31T05:45:48,2025-10-31T05:51:07,11,213.1
SESS000013,U000003,gaming_hardware,2025-11-26T09:38:00,2025-11-26T09:40:15,5,73.9
SESS000014,U000003,entertainment_heavy,2025-05-17T18:28:08,2025-05-17T18:33:20,10,206.7
SESS000015,U000003,backend_cloud,2025-03-05T05:40:06,2025-03-05T05:44:14,7,182.1
SESS000016,U000004,gaming_hardware,2025-08-28T12:58:57,2025-08-28T13:04:12,10,212.4
SESS000017,U000004,mixed_scroll,2025-11-11T09:58:31,2025-11-11T10:03:51,12,228.5
SESS000018,U000004,entertainment_heavy,2025-08-26T22:59:51,2025-08-26T23:05:47,11,243.9
SESS000019,U000004,mixed_scroll,2025-08-09T15:33:45,2025-08-09T15:39:33,8,228.9
SESS000020,U000004,cybersecurity,2025-10-28T03:13:27,2025-10-28T03:16:41,5,125.9
SESS000021,U000004,dsa_java_interview,2025-03-06T04:41:26,2025-03-06T04:48:03,10,261.1
SESS000022,U000004,gaming_hardware,2025-07-29T12:31:15,2025-07-29T12:36:09,9,196.2
SESS000023,U000004,ai_python,2025-11-10T21:46:38,2025-11-10T21:48:13,3,67.7
SESS000024,U000005,gaming_hardware,2025-06-29T00:41:25,2025-06-29T00:43:36,4,88.5
SESS000025,U000005,ai_python,2025-08-20T17:26:52,2025-08-20T17:28:34,3,66.4
SESS000026,U000005,dsa_java_interview,2025-03-16T03:07:25,2025-03-16T03:11:15,11,125.2
SESS000027,U000005,gaming_hardware,2025-05-04T21:07:51,2025-05-04T21:13:35,10,243.6
SESS000028,U000005,ai_python,2025-05-09T01:33:41,2025-05-09T01:36:33,6,76.8
SESS000029,U000005,gaming_hardware,2025-09-25T08:25:12,2025-09-25T08:26:41,4,46.3
SESS000030,U000005,dsa_java_interview,2025-06-14T15:04:33,2025-06-14T15:08:12,9,115.9
SESS000031,U000005,cybersecurity,2025-05-13T03:32:36,2025-05-13T03:37:35,10,190.4
SESS000032,U000006,backend_cloud,2025-05-07T20:55:45,2025-05-07T20:57:58,5,85.1
SESS000033,U000006,cybersecurity,2025-02-16T14:44:51,2025-02-16T14:46:21,3,38.8
SESS000034,U000006,gaming_hardware,2025-09-02T13:32:00,2025-09-02T13:35:55,10,168.0
SESS000035,U000006,backend_cloud,2025-01-09T09:25:26,2025-01-09T09:31:35,8,281.1
SESS000036,U000006,backend_cloud,2025-07-17T08:07:43,2025-07-17T08:10:35,7,114.2
SESS000037,U000006,entertainment_heavy,2025-04-17T10:19:02,2025-04-17T10:23:40,9,214.8
SESS000038,U000006,cybersecurity,2025-04-29T14:04:06,2025-04-29T14:08:58,9,186.3
SESS000039,U000006,cybersecurity,2025-01-11T00:38:50,2025-01-11T00:46:11,11,292.5
SESS000040,U000007,ai_python,2025-05-22T18:50:02,2025-05-22T18:55:53,8,231.0
SESS000041,U000007,mixed_scroll,2025-11-05T11:13:04,2025-11-05T11:19:23,9,269.2
SESS000042,U000007,entertainment_heavy,2025-11-25T05:19:34,2025-11-25T05:24:13,7,221.4
SESS000043,U000007,ai_python,2025-01-13T15:07:08,2025-01-13T15:13:20,11,268.5
SESS000044,U000007,backend_cloud,2025-05-28T15:17:31,2025-05-28T15:24:52,12,281.8
SESS000045,U000007,cybersecurity,2025-07-11T05:30:39,2025-07-11T05:33:06,3,111.1
SESS000046,U000007,dsa_java_interview,2025-03-07T14:51:36,2025-03-07T14:55:04,6,147.9
SESS000047,U000007,backend_cloud,2025-08-29T02:45:36,2025-08-29T02:47:06,3,51.0
SESS000048,U000008,cybersecurity,2025-04-20T05:21:40,2025-04-20T05:26:04,8,164.7
SESS000049,U000008,backend_cloud,2025-08-01T01:01:27,2025-08-01T01:03:02,4,59.8
SESS000050,U000008,backend_cloud,2025-09-05T08:36:18,2025-09-05T08:41:59,11,216.6
SESS000051,U000008,dsa_java_interview,2025-03-22T22:10:08,2025-03-22T22:12:48,5,98.2
SESS000052,U000008,cybersecurity,2025-07-26T05:03:10,2025-07-26T05:05:21,6,57.7
SESS000053,U000008,cybersecurity,2025-05-07T13:29:37,2025-05-07T13:32:31,7,114.1
SESS000054,U000009,ai_python,2025-07-20T03:11:19,2025-07-20T03:16:50,11,215.0
SESS000055,U000009,backend_cloud,2025-05-23T01:30:10,2025-05-23T01:31:41,3,61.8
SESS000056,U000009,cybersecurity,2025-05-26T00:59:43,2025-05-26T01:00:43,3,30.1
SESS000057,U000009,entertainment_heavy,2025-01-09T16:15:44,2025-01-09T16:21:28,10,239.2
SESS000058,U000010,backend_cloud,2025-06-03T08:05:16,2025-06-03T08:09:31,11,149.1
SESS000059,U000010,ai_python,2025-08-29T15:00:53,2025-08-29T15:03:13,3,101.2
SESS000060,U000010,ai_python,2025-10-18T01:07:01,2025-10-18T01:14:23,11,287.3
SESS000061,U000010,backend_cloud,2025-04-28T19:51:14,2025-04-28T19:56:12,12,173.9
SESS000062,U000010,mixed_scroll,2025-09-23T00:07:07,2025-09-23T00:12:50,11,249.2
SESS000063,U000011,entertainment_heavy,2025-03-28T20:53:00,2025-03-28T20:56:41,6,147.1
SESS000064,U000011,dsa_java_interview,2025-06-29T22:14:22,2025-06-29T22:19:21,10,192.0
SESS000065,U000011,ai_python,2025-11-13T14:32:36,2025-11-13T14:34:15,3,67.4
SESS000066,U000011,mixed_scroll,2025-08-10T12:37:25,2025-08-10T12:42:44,9,202.9
SESS000067,U000011,gaming_hardware,2025-04-22T16:20:02,2025-04-22T16:21:43,3,64.8
SESS000068,U000011,mixed_scroll,2025-11-07T11:03:01,2025-11-07T11:04:19,3,47.0
SESS000069,U000011,cybersecurity,2025-10-24T01:39:49,2025-10-24T01:45:43,11,241.3
SESS000070,U000011,ai_python,2025-08-15T08:45:29,2025-08-15T08:50:57,9,218.7
SESS000071,U000012,dsa_java_interview,2025-03-24T19:46:43,2025-03-24T19:54:09,12,337.0
SESS000072,U000012,mixed_scroll,2025-10-03T10:10:54,2025-10-03T10:17:16,10,264.4
SESS000073,U000012,gaming_hardware,2025-10-06T11:54:52,2025-10-06T11:57:06,4,98.9
SESS000074,U000012,cybersecurity,2025-08-05T01:16:16,2025-08-05T01:23:02,10,319.9
SESS000075,U000012,dsa_java_interview,2025-10-17T06:53:33,2025-10-17T07:00:01,10,287.2
SESS000076,U000012,dsa_java_interview,2025-06-20T06:59:21,2025-06-20T07:04:08,9,199.1
SESS000077,U000013,dsa_java_interview,2025-08-04T21:48:12,2025-08-04T21:51:32,7,135.6
SESS000078,U000013,gaming_hardware,2025-06-08T17:44:33,2025-06-08T17:49:44,11,208.5
SESS000079,U000013,dsa_java_interview,2025-09-06T07:59:57,2025-09-06T08:03:47,6,156.6
SESS000080,U000013,cybersecurity,2025-07-03T16:06:06,2025-07-03T16:09:26,6,143.1
SESS000081,U000013,mixed_scroll,2025-04-15T01:54:01,2025-04-15T02:00:41,11,263.0
SESS000082,U000013,mixed_scroll,2025-05-16T05:03:02,2025-05-16T05:08:15,9,207.3
SESS000083,U000013,mixed_scroll,2025-03-30T21:59:11,2025-03-30T22:02:03,7,106.3
SESS000084,U000013,cybersecurity,2025-01-01T12:16:09,2025-01-01T12:18:10,5,76.6
SESS000085,U000014,backend_cloud,2025-04-06T01:53:00,2025-04-06T01:56:33,7,124.7
SESS000086,U000014,entertainment_heavy,2025-04-10T13:30:07,2025-04-10T13:36:25,12,254.3
SESS000087,U000014,mixed_scroll,2025-03-05T20:19:16,2025-03-05T20:20:32,3,42.0
SESS000088,U000014,dsa_java_interview,2025-08-05T18:45:22,2025-08-05T18:53:11,12,303.4
SESS000089,U000014,mixed_scroll,2025-03-19T08:56:41,2025-03-19T09:00:06,8,139.9
SESS000090,U000015,backend_cloud,2025-03-29T11:23:05,2025-03-29T11:26:35,8,143.3
SESS000091,U000015,dsa_java_interview,2025-02-16T13:49:48,2025-02-16T13:51:27,3,75.0
SESS000092,U000015,dsa_java_interview,2025-01-09T01:07:04,2025-01-09T01:12:12,8,229.8
SESS000093,U000015,entertainment_heavy,2025-05-22T19:04:04,2025-05-22T19:06:41,5,108.4
SESS000094,U000015,backend_cloud,2025-04-10T20:53:17,2025-04-10T20:56:06,5,128.5
SESS000095,U000015,ai_python,2025-03-08T13:05:22,2025-03-08T13:10:13,8,197.3
SESS000096,U000015,entertainment_heavy,2025-07-06T17:45:30,2025-07-06T17:47:41,5,72.7
SESS000097,U000015,entertainment_heavy,2025-07-20T22:46:27,2025-07-20T22:47:53,4,53.3
SESS000098,U000016,entertainment_heavy,2025-11-17T03:48:26,2025-11-17T03:53:30,7,220.1
SESS000099,U000016,cybersecurity,2025-07-06T22:46:16,2025-07-06T22:53:15,12,300.1
SESS000100,U000016,ai_python,2025-02-11T16:59:36,2025-02-11T17:04:17,9,202.9
SESS000101,U000016,backend_cloud,2025-06-05T14:13:09,2025-06-05T14:14:30,3,56.6
SESS000102,U000017,mixed_scroll,2025-08-05T01:27:51,2025-08-05T01:30:00,5,67.1
SESS000103,U000017,ai_python,2025-03-06T22:08:50,2025-03-06T22:12:03,7,127.9
SESS000104,U000017,backend_cloud,2025-10-07T06:27:18,2025-10-07T06:29:13,5,63.7
SESS000105,U000017,dsa_java_interview,2025-07-22T11:14:49,2025-07-22T11:19:48,12,176.0
SESS000106,U000017,backend_cloud,2025-05-22T18:48:26,2025-05-22T18:55:27,12,312.6
SESS000107,U000017,mixed_scroll,2025-04-02T00:39:39,2025-04-02T00:44:51,12,191.7
SESS000108,U000017,gaming_hardware,2025-04-12T01:48:49,2025-04-12T01:54:11,11,197.7
SESS000109,U000018,ai_python,2025-10-11T18:19:51,2025-10-11T18:22:19,6,97.7
SESS000110,U000018,mixed_scroll,2025-08-17T06:33:17,2025-08-17T06:35:45,5,116.4
SESS000111,U000018,entertainment_heavy,2025-03-05T21:09:53,2025-03-05T21:12:00,5,70.9
SESS000112,U000019,gaming_hardware,2025-03-17T15:35:43,2025-03-17T15:39:41,6,160.1
SESS000113,U000019,entertainment_heavy,2025-06-28T23:22:49,2025-06-28T23:25:11,6,104.2
SESS000114,U000019,entertainment_heavy,2025-11-18T13:50:10,2025-11-18T13:54:02,8,166.0
SESS000115,U000019,mixed_scroll,2025-10-27T10:33:01,2025-10-27T10:36:11,7,126.9
SESS000116,U000019,backend_cloud,2025-10-30T09:15:19,2025-10-30T09:19:37,11,160.8
SESS000117,U000019,ai_python,2025-06-17T14:50:50,2025-06-17T14:56:13,11,190.9
SESS000118,U000019,entertainment_heavy,2025-07-23T14:42:27,2025-07-23T14:47:43,11,221.2
SESS000119,U000019,dsa_java_interview,2025-05-26T00:23:32,2025-05-26T00:25:04,5,48.7
SESS000120,U000020,dsa_java_interview,2025-07-19T02:29:54,2025-07-19T02:32:42,5,137.3
SESS000121,U000020,dsa_java_interview,2025-06-25T20:30:50,2025-06-25T20:35:45,10,190.6
SESS000122,U000020,mixed_scroll,2025-08-21T17:30:58,2025-08-21T17:36:32,11,224.9
SESS000123,U000020,dsa_java_interview,2025-07-23T06:30:48,2025-07-23T06:32:30,4,49.4
SESS000124,U000020,backend_cloud,2025-07-20T15:17:53,2025-07-20T15:24:03,10,239.9
SESS000125,U000020,ai_python,2025-08-04T20:09:16,2025-08-04T20:12:32,8,97.7
SESS000126,U000021,gaming_hardware,2025-07-26T20:52:30,2025-07-26T20:55:20,5,104.7
SESS000127,U000021,ai_python,2025-09-03T05:47:11,2025-09-03T05:49:25,4,92.1
SESS000128,U000021,mixed_scroll,2025-07-01T10:06:13,2025-07-01T10:08:51,5,111.8
SESS000129,U000022,cybersecurity,2025-02-08T17:56:48,2025-02-08T18:00:18,6,158.3
SESS000130,U000022,ai_python,2025-04-21T17:26:05,2025-04-21T17:28:43,4,97.5
SESS000131,U000022,entertainment_heavy,2025-11-16T13:04:21,2025-11-16T13:08:21,7,153.6
SESS000132,U000022,cybersecurity,2025-07-01T10:32:00,2025-07-01T10:37:47,12,231.2
SESS000133,U000022,backend_cloud,2025-04-05T13:55:40,2025-04-05T13:57:51,5,74.8
SESS000134,U000023,gaming_hardware,2025-08-16T16:33:50,2025-08-16T16:37:45,9,125.9
SESS000135,U000023,cybersecurity,2025-04-17T12:55:01,2025-04-17T12:56:53,3,89.4
SESS000136,U000023,dsa_java_interview,2025-01-23T01:31:08,2025-01-23T01:34:18,7,149.2
SESS000137,U000023,cybersecurity,2025-02-05T01:11:21,2025-02-05T01:15:06,5,170.1
SESS000138,U000024,mixed_scroll,2025-08-20T21:06:54,2025-08-20T21:08:04,3,47.1
SESS000139,U000024,entertainment_heavy,2025-02-03T18:39:49,2025-02-03T18:42:57,6,119.0
SESS000140,U000024,gaming_hardware,2025-01-24T14:02:57,2025-01-24T14:05:01,4,79.9
SESS000141,U000024,entertainment_heavy,2025-04-18T09:41:38,2025-04-18T09:44:04,5,99.0
SESS000142,U000024,cybersecurity,2025-03-13T08:10:53,2025-03-13T08:12:35,3,65.9
SESS000143,U000024,cybersecurity,2025-04-19T17:36:16,2025-04-19T17:41:27,12,191.4
SESS000144,U000025,dsa_java_interview,2025-02-04T22:49:47,2025-02-04T22:52:06,3,114.1
SESS000145,U000025,gaming_hardware,2025-02-21T22:53:49,2025-02-21T22:58:57,10,177.9
SESS000146,U000025,entertainment_heavy,2025-02-26T12:53:32,2025-02-26T13:00:03,11,269.5
SESS000147,U000025,gaming_hardware,2025-11-28T14:05:55,2025-11-28T14:11:45,10,263.0
SESS000148,U000026,ai_python,2025-06-12T14:39:14,2025-06-12T14:44:36,8,231.0
SESS000149,U000026,gaming_hardware,2025-06-14T15:00:50,2025-06-14T15:04:47,9,138.9
SESS000150,U000026,ai_python,2025-01-29T01:52:02,2025-01-29T01:53:16,4,26.8
SESS000151,U000026,cybersecurity,2025-06-22T05:50:34,2025-06-22T05:55:04,10,178.8
SESS000152,U000026,entertainment_heavy,2025-05-24T03:14:52,2025-05-24T03:16:13,4,42.6
SESS000153,U000026,dsa_java_interview,2025-06-14T22:54:46,2025-06-14T22:58:39,7,169.5
SESS000154,U000027,ai_python,2025-09-30T13:56:51,2025-09-30T14:01:39,9,182.6
SESS000155,U000027,gaming_hardware,2025-01-09T10:26:32,2025-01-09T10:32:35,9,285.2
SESS000156,U000027,backend_cloud,2025-08-18T22:41:43,2025-08-18T22:48:42,9,335.4
SESS000157,U000027,cybersecurity,2025-10-29T17:49:58,2025-10-29T17:55:06,9,217.7
SESS000158,U000027,entertainment_heavy,2025-02-10T08:56:22,2025-02-10T09:02:36,10,294.5
SESS000159,U000027,backend_cloud,2025-05-17T03:01:38,2025-05-17T03:06:15,8,208.9
SESS000160,U000027,gaming_hardware,2025-03-06T02:07:37,2025-03-06T02:10:08,4,112.9
SESS000161,U000028,mixed_scroll,2025-01-26T21:53:43,2025-01-26T21:57:36,7,147.0
SESS000162,U000028,cybersecurity,2025-06-24T20:57:45,2025-06-24T20:59:42,4,78.4
SESS000163,U000028,mixed_scroll,2025-07-19T14:03:21,2025-07-19T14:07:08,9,152.9
SESS000164,U000028,entertainment_heavy,2025-10-04T03:58:51,2025-10-04T04:04:39,11,203.0
SESS000165,U000028,dsa_java_interview,2025-08-23T05:38:47,2025-08-23T05:45:27,11,261.5
SESS000166,U000028,entertainment_heavy,2025-06-07T22:34:26,2025-06-07T22:36:09,5,40.7
SESS000167,U000029,mixed_scroll,2025-10-15T21:07:20,2025-10-15T21:13:56,11,298.9
SESS000168,U000029,gaming_hardware,2025-06-06T22:39:00,2025-06-06T22:44:29,10,228.4
SESS000169,U000029,dsa_java_interview,2025-02-03T06:46:46,2025-02-03T06:52:46,10,254.4
SESS000170,U000029,cybersecurity,2025-09-17T23:28:16,2025-09-17T23:34:01,9,246.1
SESS000171,U000030,ai_python,2025-02-13T09:14:58,2025-02-13T09:19:21,7,179.9
SESS000172,U000030,gaming_hardware,2025-05-24T13:37:35,2025-05-24T13:40:30,5,127.6
SESS000173,U000030,mixed_scroll,2025-04-10T03:31:55,2025-04-10T03:36:58,9,195.9
SESS000174,U000030,dsa_java_interview,2025-02-18T11:55:06,2025-02-18T12:00:48,12,224.9
SESS000175,U000030,cybersecurity,2025-05-30T12:50:53,2025-05-30T12:52:50,5,64.5
SESS000176,U000031,dsa_java_interview,2025-02-28T17:49:54,2025-02-28T17:53:55,7,158.2
SESS000177,U000031,cybersecurity,2025-08-20T03:50:35,2025-08-20T03:54:05,7,140.1
SESS000178,U000031,dsa_java_interview,2025-10-29T14:54:06,2025-10-29T15:01:06,11,284.7
SESS000179,U000031,cybersecurity,2025-04-26T04:59:35,2025-04-26T05:06:50,12,274.3
SESS000180,U000031,mixed_scroll,2025-10-20T22:59:04,2025-10-20T23:06:16,12,315.0
SESS000181,U000031,dsa_java_interview,2025-06-29T17:31:41,2025-06-29T17:35:18,6,143.8
SESS000182,U000031,backend_cloud,2025-06-03T01:48:46,2025-06-03T01:54:19,9,240.1
SESS000183,U000031,backend_cloud,2025-03-11T10:58:38,2025-03-11T11:06:20,12,303.8
SESS000184,U000032,entertainment_heavy,2025-06-17T23:34:01,2025-06-17T23:37:18,7,129.8
SESS000185,U000032,ai_python,2025-07-21T19:29:23,2025-07-21T19:34:27,11,201.0
SESS000186,U000032,gaming_hardware,2025-08-19T20:13:53,2025-08-19T20:15:44,3,78.2
SESS000187,U000032,dsa_java_interview,2025-03-31T03:58:12,2025-03-31T04:00:23,5,66.1
SESS000188,U000032,mixed_scroll,2025-02-26T01:48:02,2025-02-26T01:52:43,10,167.8
SESS000189,U000032,dsa_java_interview,2025-11-16T16:01:39,2025-11-16T16:06:21,12,156.9
SESS000190,U000033,entertainment_heavy,2025-09-11T01:27:43,2025-09-11T01:32:25,10,165.2
SESS000191,U000033,cybersecurity,2025-08-06T15:38:30,2025-08-06T15:44:55,10,290.6
SESS000192,U000033,ai_python,2025-06-15T12:29:07,2025-06-15T12:34:58,10,261.2
SESS000193,U000033,entertainment_heavy,2025-08-06T13:24:26,2025-08-06T13:30:31,11,227.9
SESS000194,U000033,cybersecurity,2025-10-10T21:15:23,2025-10-10T21:20:11,8,207.2
SESS000195,U000034,mixed_scroll,2025-07-09T01:20:41,2025-07-09T01:25:30,9,215.6
SESS000196,U000034,cybersecurity,2025-04-17T10:21:30,2025-04-17T10:27:30,11,228.7
SESS000197,U000034,gaming_hardware,2025-11-16T21:00:15,2025-11-16T21:04:44,8,176.3
SESS000198,U000034,cybersecurity,2025-10-10T13:59:04,2025-10-10T14:01:03,3,81.0
SESS000199,U000034,entertainment_heavy,2025-06-20T08:02:32,2025-06-20T08:04:17,3,67.2
SESS000200,U000034,mixed_scroll,2025-09-10T17:15:24,2025-09-10T17:21:37,10,249.4
SESS000201,U000035,entertainment_heavy,2025-11-29T04:36:33,2025-11-29T04:38:55,5,80.5
SESS000202,U000035,mixed_scroll,2025-02-10T16:01:42,2025-02-10T16:07:20,10,231.3
SESS000203,U000035,backend_cloud,2025-10-03T09:11:32,2025-10-03T09:14:09,6,111.6
SESS000204,U000035,ai_python,2025-11-13T13:56:02,2025-11-13T13:57:56,3,82.4
SESS000205,U000036,backend_cloud,2025-11-19T09:39:21,2025-11-19T09:42:15,3,138.2
SESS000206,U000036,gaming_hardware,2025-05-24T01:18:10,2025-05-24T01:21:52,8,123.9
SESS000207,U000036,dsa_java_interview,2025-08-25T05:34:31,2025-08-25T05:39:31,10,197.2
SESS000208,U000036,dsa_java_interview,2025-03-24T13:00:58,2025-03-24T13:06:09,11,185.6
SESS000209,U000036,mixed_scroll,2025-06-24T16:36:46,2025-06-24T16:41:37,11,180.1
SESS000210,U000036,gaming_hardware,2025-01-31T21:04:26,2025-01-31T21:07:02,4,115.5
SESS000211,U000036,ai_python,2025-02-07T09:25:36,2025-02-07T09:27:52,3,94.8
SESS000212,U000036,cybersecurity,2025-05-10T22:22:17,2025-05-10T22:25:18,7,116.9
SESS000213,U000037,backend_cloud,2025-10-27T11:23:06,2025-10-27T11:30:22,12,308.6
SESS000214,U000037,backend_cloud,2025-03-14T19:43:43,2025-03-14T19:49:02,9,226.6
SESS000215,U000037,ai_python,2025-07-05T06:26:06,2025-07-05T06:29:41,7,114.9
SESS000216,U000038,ai_python,2025-01-11T14:46:28,2025-01-11T14:51:55,10,219.0
SESS000217,U000038,ai_python,2025-08-19T13:18:53,2025-08-19T13:22:39,7,145.2
SESS000218,U000038,entertainment_heavy,2025-03-18T03:45:17,2025-03-18T03:51:10,11,257.9
SESS000219,U000039,cybersecurity,2025-07-23T19:53:31,2025-07-23T19:54:53,3,57.2
SESS000220,U000039,entertainment_heavy,2025-02-02T18:08:12,2025-02-02T18:10:42,6,95.7
SESS000221,U000039,entertainment_heavy,2025-08-10T20:37:11,2025-08-10T20:39:44,4,97.6
SESS000222,U000039,ai_python,2025-03-28T03:12:50,2025-03-28T03:18:25,11,222.7
SESS000223,U000039,mixed_scroll,2025-06-26T16:04:33,2025-06-26T16:10:45,12,232.2
SESS000224,U000039,entertainment_heavy,2025-11-10T06:54:31,2025-11-10T06:58:12,7,131.1
SESS000225,U000039,backend_cloud,2025-10-16T03:43:28,2025-10-16T03:45:56,3,115.8
SESS000226,U000040,gaming_hardware,2025-09-09T08:18:36,2025-09-09T08:21:01,5,115.9
SESS000227,U000040,mixed_scroll,2025-07-09T21:07:01,2025-07-09T21:08:29,3,46.3
SESS000228,U000040,dsa_java_interview,2025-11-16T19:07:39,2025-11-16T19:10:57,6,122.1
SESS000229,U000041,dsa_java_interview,2025-10-24T09:31:31,2025-10-24T09:35:28,5,168.1
SESS000230,U000041,backend_cloud,2025-04-06T16:10:01,2025-04-06T16:12:31,4,101.1
SESS000231,U000041,entertainment_heavy,2025-10-31T23:18:23,2025-10-31T23:22:16,6,163.8
SESS000232,U000041,dsa_java_interview,2025-09-15T00:02:33,2025-09-15T00:03:50,4,52.8
SESS000233,U000041,gaming_hardware,2025-09-23T14:17:56,2025-09-23T14:20:50,5,121.4
SESS000234,U000042,mixed_scroll,2025-07-10T19:12:00,2025-07-10T19:18:06,10,209.4
SESS000235,U000042,entertainment_heavy,2025-03-21T17:01:06,2025-03-21T17:04:50,9,151.9
SESS000236,U000042,dsa_java_interview,2025-09-22T17:07:00,2025-09-22T17:08:44,4,68.0
SESS000237,U000042,dsa_java_interview,2025-11-12T11:02:17,2025-11-12T11:05:40,7,127.2
SESS000238,U000042,entertainment_heavy,2025-01-26T01:47:51,2025-01-26T01:51:46,11,118.2
SESS000239,U000042,entertainment_heavy,2025-04-20T13:56:27,2025-04-20T14:00:50,9,143.6
SESS000240,U000042,cybersecurity,2025-01-23T20:19:43,2025-01-23T20:23:36,8,159.1
SESS000241,U000042,dsa_java_interview,2025-11-22T16:41:41,2025-11-22T16:46:18,11,173.1
SESS000242,U000043,gaming_hardware,2025-11-06T13:33:34,2025-11-06T13:39:05,12,216.5
SESS000243,U000043,gaming_hardware,2025-07-09T16:25:15,2025-07-09T16:27:09,4,71.1
SESS000244,U000043,cybersecurity,2025-08-24T01:34:17,2025-08-24T01:38:47,7,180.4
SESS000245,U000043,cybersecurity,2025-07-07T16:46:36,2025-07-07T16:51:12,9,193.1
SESS000246,U000043,dsa_java_interview,2025-04-22T12:38:02,2025-04-22T12:39:40,3,65.3
SESS000247,U000043,dsa_java_interview,2025-02-08T13:41:17,2025-02-08T13:45:01,9,141.3
SESS000248,U000043,cybersecurity,2025-01-16T23:27:03,2025-01-16T23:31:31,9,148.5
SESS000249,U000043,gaming_hardware,2025-10-16T18:42:47,2025-10-16T18:48:31,11,225.6
SESS000250,U000044,entertainment_heavy,2025-08-03T16:05:57,2025-08-03T16:07:58,5,70.3
SESS000251,U000044,ai_python,2025-04-08T11:37:39,2025-04-08T11:42:48,8,214.6
SESS000252,U000044,ai_python,2025-09-07T10:39:54,2025-09-07T10:44:04,9,154.0
SESS000253,U000045,backend_cloud,2025-02-21T07:15:13,2025-02-21T07:18:07,6,104.3
SESS000254,U000045,gaming_hardware,2025-07-15T13:52:06,2025-07-15T13:53:47,3,76.8
SESS000255,U000045,cybersecurity,2025-09-01T15:36:45,2025-09-01T15:40:56,8,168.1
SESS000256,U000045,ai_python,2025-07-10T06:25:09,2025-07-10T06:29:39,10,194.1
SESS000257,U000046,gaming_hardware,2025-03-21T05:35:30,2025-03-21T05:41:08,9,229.4
SESS000258,U000046,gaming_hardware,2025-01-23T08:51:00,2025-01-23T08:54:02,5,135.3
SESS000259,U000046,dsa_java_interview,2025-03-22T14:30:56,2025-03-22T14:35:30,7,187.0
SESS000260,U000046,dsa_java_interview,2025-06-02T01:45:49,2025-06-02T01:49:22,5,167.3
SESS000261,U000046,ai_python,2025-11-18T02:02:27,2025-11-18T02:09:18,10,293.5
SESS000262,U000046,gaming_hardware,2025-06-28T12:50:09,2025-06-28T12:55:40,11,229.7
SESS000263,U000046,mixed_scroll,2025-04-18T14:16:02,2025-04-18T14:20:20,10,180.8
SESS000264,U000047,dsa_java_interview,2025-09-18T11:51:15,2025-09-18T11:53:30,5,94.0
SESS000265,U000047,entertainment_heavy,2025-07-25T10:10:22,2025-07-25T10:15:04,9,176.0
SESS000266,U000047,mixed_scroll,2025-05-23T00:46:43,2025-05-23T00:49:42,6,103.6
SESS000267,U000047,gaming_hardware,2025-04-24T20:28:09,2025-04-24T20:29:53,3,74.0
SESS000268,U000047,cybersecurity,2025-10-18T03:43:51,2025-10-18T03:49:53,12,229.6
SESS000269,U000047,cybersecurity,2025-05-10T07:36:57,2025-05-10T07:39:12,5,101.2
SESS000270,U000047,gaming_hardware,2025-05-16T13:22:24,2025-05-16T13:27:54,10,206.7
SESS000271,U000048,dsa_java_interview,2025-01-25T02:53:45,2025-01-25T02:58:19,9,163.5
SESS000272,U000048,ai_python,2025-03-24T01:56:39,2025-03-24T02:02:02,11,216.0
SESS000273,U000048,gaming_hardware,2025-04-16T22:06:51,2025-04-16T22:10:45,7,149.9
SESS000274,U000048,dsa_java_interview,2025-09-27T17:02:04,2025-09-27T17:07:02,11,193.1
SESS000275,U000048,gaming_hardware,2025-01-12T06:42:46,2025-01-12T06:47:09,7,198.6
SESS000276,U000048,gaming_hardware,2025-05-14T11:06:07,2025-05-14T11:11:10,12,197.6
SESS000277,U000048,backend_cloud,2025-07-07T07:19:51,2025-07-07T07:24:46,10,173.9
SESS000278,U000049,mixed_scroll,2025-04-15T04:46:25,2025-04-15T04:50:21,7,153.7
SESS000279,U000049,backend_cloud,2025-02-14T13:44:43,2025-02-14T13:46:24,5,57.4
SESS000280,U000049,mixed_scroll,2025-05-20T14:15:12,2025-05-20T14:20:11,9,184.6
SESS000281,U000050,backend_cloud,2025-07-10T22:40:28,2025-07-10T22:43:01,5,100.3
SESS000282,U000050,gaming_hardware,2025-06-24T20:49:57,2025-06-24T20:52:46,6,92.1
SESS000283,U000050,dsa_java_interview,2025-01-05T11:58:29,2025-01-05T12:00:02,4,54.0
SESS000284,U000050,ai_python,2025-11-04T13:39:18,2025-11-04T13:41:17,4,97.1
SESS000285,U000050,dsa_java_interview,2025-07-08T03:42:53,2025-07-08T03:48:11,10,205.1
SESS000286,U000050,gaming_hardware,2025-08-23T21:03:20,2025-08-23T21:08:11,9,202.9
SESS000287,U000050,mixed_scroll,2025-02-02T15:40:58,2025-02-02T15:45:39,11,190.8
SESS000288,U000050,entertainment_heavy,2025-11-14T13:30:12,2025-11-14T13:34:28,10,129.9
SESS000289,U000051,gaming_hardware,2025-11-21T17:38:01,2025-11-21T17:39:27,3,51.1
SESS000290,U000051,backend_cloud,2025-04-18T09:19:09,2025-04-18T09:21:13,3,89.6
SESS000291,U000051,entertainment_heavy,2025-04-02T05:28:45,2025-04-02T05:36:30,12,297.7
SESS000292,U000051,cybersecurity,2025-06-01T09:48:31,2025-06-01T09:52:26,5,175.2
SESS000293,U000052,gaming_hardware,2025-01-31T22:57:10,2025-01-31T23:00:02,4,123.6
SESS000294,U000052,backend_cloud,2025-01-29T03:08:40,2025-01-29T03:11:44,4,145.4
SESS000295,U000052,cybersecurity,2025-06-20T14:41:39,2025-06-20T14:44:20,6,99.1
SESS000296,U000052,entertainment_heavy,2025-09-06T11:39:32,2025-09-06T11:42:29,8,90.5
SESS000297,U000052,mixed_scroll,2025-05-15T21:38:39,2025-05-15T21:39:45,3,33.4
SESS000298,U000053,dsa_java_interview,2025-01-22T04:19:59,2025-01-22T04:23:29,6,143.3
SESS000299,U000053,gaming_hardware,2025-08-08T23:36:00,2025-08-08T23:40:09,7,170.4
SESS000300,U000053,backend_cloud,2025-10-14T23:15:17,2025-10-14T23:17:03,5,46.0
SESS000301,U000054,ai_python,2025-06-18T06:30:38,2025-06-18T06:32:27,3,60.0
SESS000302,U000054,entertainment_heavy,2025-09-09T06:09:53,2025-09-09T06:12:09,4,114.0
SESS000303,U000054,backend_cloud,2025-11-14T23:58:44,2025-11-15T00:00:26,4,71.3
SESS000304,U000054,backend_cloud,2025-05-23T01:57:18,2025-05-23T02:04:37,11,323.6
SESS000305,U000054,mixed_scroll,2025-05-21T03:42:38,2025-05-21T03:47:19,9,186.2
SESS000306,U000054,ai_python,2025-05-24T08:17:44,2025-05-24T08:23:12,12,200.1
SESS000307,U000054,gaming_hardware,2025-08-30T05:02:47,2025-08-30T05:05:55,4,121.9
SESS000308,U000055,backend_cloud,2025-11-15T02:35:03,2025-11-15T02:39:26,8,198.5
SESS000309,U000055,cybersecurity,2025-06-17T22:08:40,2025-06-17T22:11:32,8,98.5
SESS000310,U000055,dsa_java_interview,2025-01-10T02:37:33,2025-01-10T02:41:29,6,175.5
SESS000311,U000055,dsa_java_interview,2025-09-19T18:34:01,2025-09-19T18:34:47,3,12.9
SESS000312,U000055,backend_cloud,2025-01-27T19:39:13,2025-01-27T19:41:15,5,74.2
SESS000313,U000056,ai_python,2025-08-26T00:31:58,2025-08-26T00:35:56,6,154.6
SESS000314,U000056,gaming_hardware,2025-08-01T06:22:37,2025-08-01T06:25:52,5,149.6
SESS000315,U000056,dsa_java_interview,2025-03-28T14:53:10,2025-03-28T14:57:01,7,162.5
SESS000316,U000056,entertainment_heavy,2025-11-20T06:30:04,2025-11-20T06:35:27,12,230.9
SESS000317,U000056,ai_python,2025-07-04T06:44:20,2025-07-04T06:47:57,5,158.1
SESS000318,U000056,backend_cloud,2025-01-17T15:44:59,2025-01-17T15:50:08,10,214.0
SESS000319,U000056,dsa_java_interview,2025-01-13T04:48:36,2025-01-13T04:52:21,9,158.2
SESS000320,U000057,dsa_java_interview,2025-06-01T16:08:27,2025-06-01T16:09:38,3,50.0
SESS000321,U000057,ai_python,2025-05-02T08:56:28,2025-05-02T09:01:36,11,179.8
SESS000322,U000057,dsa_java_interview,2025-07-01T02:51:25,2025-07-01T02:55:02,8,161.3
SESS000323,U000057,dsa_java_interview,2025-02-14T11:00:10,2025-02-14T11:03:11,5,136.4
SESS000324,U000058,mixed_scroll,2025-08-31T20:57:00,2025-08-31T20:59:22,4,77.6
SESS000325,U000058,backend_cloud,2025-02-13T10:57:20,2025-02-13T10:59:32,5,110.2
SESS000326,U000058,entertainment_heavy,2025-06-04T08:06:26,2025-06-04T08:11:24,10,180.3
SESS000327,U000059,backend_cloud,2025-07-15T09:58:53,2025-07-15T10:03:07,8,191.9
SESS000328,U000059,gaming_hardware,2025-06-08T19:36:29,2025-06-08T19:38:48,6,91.3
SESS000329,U000059,backend_cloud,2025-11-11T11:38:50,2025-11-11T11:43:06,7,187.7
SESS000330,U000059,gaming_hardware,2025-07-04T22:23:25,2025-07-04T22:25:39,7,82.2
SESS000331,U000059,entertainment_heavy,2025-11-06T02:19:35,2025-11-06T02:23:02,5,164.3
SESS000332,U000060,backend_cloud,2025-07-28T03:26:34,2025-07-28T03:29:45,6,116.5
SESS000333,U000060,ai_python,2025-07-24T08:56:28,2025-07-24T09:01:51,10,237.2
SESS000334,U000060,dsa_java_interview,2025-08-29T03:35:22,2025-08-29T03:40:13,9,198.5
SESS000335,U000060,ai_python,2025-09-10T09:51:59,2025-09-10T09:57:51,9,247.2
SESS000336,U000061,entertainment_heavy,2025-07-13T05:07:05,2025-07-13T05:12:09,9,176.9
SESS000337,U000061,gaming_hardware,2025-09-14T00:43:15,2025-09-14T00:45:27,5,69.2
SESS000338,U000061,entertainment_heavy,2025-01-27T19:26:43,2025-01-27T19:31:50,10,206.3
SESS000339,U000061,cybersecurity,2025-11-10T18:40:36,2025-11-10T18:45:44,9,203.7
SESS000340,U000061,mixed_scroll,2025-05-04T17:36:05,2025-05-04T17:40:40,9,153.4
SESS000341,U000061,cybersecurity,2025-06-24T05:15:11,2025-06-24T05:17:57,6,115.2
SESS000342,U000062,entertainment_heavy,2025-10-11T14:57:19,2025-10-11T14:59:55,6,97.0
SESS000343,U000062,ai_python,2025-11-05T02:19:22,2025-11-05T02:21:21,3,86.4
SESS000344,U000062,entertainment_heavy,2025-04-02T05:41:18,2025-04-02T05:45:28,8,163.0
SESS000345,U000062,dsa_java_interview,2025-10-26T03:20:21,2025-10-26T03:26:19,11,240.1
SESS000346,U000063,cybersecurity,2025-02-05T20:26:04,2025-02-05T20:27:12,3,58.1
SESS000347,U000063,backend_cloud,2025-08-22T03:22:19,2025-08-22T03:27:18,10,194.0
SESS000348,U000063,cybersecurity,2025-10-18T02:50:37,2025-10-18T02:54:21,5,154.8
SESS000349,U000063,gaming_hardware,2025-05-28T11:40:52,2025-05-28T11:46:26,10,223.5
SESS000350,U000063,ai_python,2025-04-22T16:58:03,2025-04-22T16:59:45,4,65.4
SESS000351,U000063,mixed_scroll,2025-01-27T14:53:52,2025-01-27T14:56:48,5,102.5
SESS000352,U000063,backend_cloud,2025-04-28T11:21:57,2025-04-28T11:23:49,5,69.4
SESS000353,U000063,entertainment_heavy,2025-07-15T12:47:53,2025-07-15T12:50:11,5,88.3
SESS000354,U000064,dsa_java_interview,2025-08-29T12:41:16,2025-08-29T12:43:28,5,65.6
SESS000355,U000064,entertainment_heavy,2025-04-30T04:28:38,2025-04-30T04:32:14,6,146.8
SESS000356,U000064,entertainment_heavy,2025-02-10T21:38:25,2025-02-10T21:43:50,11,199.1
SESS000357,U000065,entertainment_heavy,2025-10-11T21:08:42,2025-10-11T21:16:36,11,348.1
SESS000358,U000065,backend_cloud,2025-05-04T08:19:15,2025-05-04T08:26:00,12,283.6
SESS000359,U000065,dsa_java_interview,2025-01-23T23:35:35,2025-01-23T23:38:20,5,99.7
SESS000360,U000065,backend_cloud,2025-03-29T06:30:45,2025-03-29T06:39:06,12,358.0
SESS000361,U000065,mixed_scroll,2025-05-26T10:23:51,2025-05-26T10:31:13,12,313.2
SESS000362,U000065,backend_cloud,2025-01-13T09:13:19,2025-01-13T09:19:20,9,260.8
SESS000363,U000065,gaming_hardware,2025-07-22T18:04:43,2025-07-22T18:10:16,11,216.6
SESS000364,U000065,mixed_scroll,2025-08-19T14:47:05,2025-08-19T14:53:53,10,298.3
SESS000365,U000066,entertainment_heavy,2025-06-03T16:11:29,2025-06-03T16:16:31,9,212.4
SESS000366,U000066,gaming_hardware,2025-01-27T00:53:51,2025-01-27T01:00:37,10,261.6
SESS000367,U000066,mixed_scroll,2025-09-30T20:34:02,2025-09-30T20:37:29,6,123.5
SESS000368,U000066,entertainment_heavy,2025-04-08T23:43:06,2025-04-08T23:48:48,10,238.3
SESS000369,U000066,backend_cloud,2025-04-14T01:10:10,2025-04-14T01:15:50,9,217.3
SESS000370,U000067,ai_python,2025-01-17T13:29:19,2025-01-17T13:33:43,10,177.8
SESS000371,U000067,ai_python,2025-06-04T13:59:16,2025-06-04T14:02:22,7,103.0
SESS000372,U000067,entertainment_heavy,2025-11-08T12:44:46,2025-11-08T12:48:02,8,116.0
SESS000373,U000067,dsa_java_interview,2025-11-30T22:14:56,2025-11-30T22:18:57,11,153.4
SESS000374,U000067,dsa_java_interview,2025-10-18T22:16:47,2025-10-18T22:20:18,8,157.1
SESS000375,U000067,backend_cloud,2025-03-06T07:29:06,2025-03-06T07:33:59,10,188.8
SESS000376,U000067,ai_python,2025-02-23T12:23:29,2025-02-23T12:25:36,6,74.7
SESS000377,U000067,gaming_hardware,2025-11-02T13:43:04,2025-11-02T13:44:34,3,67.7
SESS000378,U000068,dsa_java_interview,2025-06-30T12:22:32,2025-06-30T12:29:53,11,312.1
SESS000379,U000068,dsa_java_interview,2025-04-01T19:47:16,2025-04-01T19:48:17,3,42.5
SESS000380,U000068,ai_python,2025-04-13T20:57:30,2025-04-13T21:05:02,12,347.1
SESS000381,U000069,entertainment_heavy,2025-09-17T01:29:23,2025-09-17T01:34:51,11,235.9
SESS000382,U000069,gaming_hardware,2025-08-02T05:49:42,2025-08-02T05:53:08,5,150.1
SESS000383,U000069,backend_cloud,2025-11-15T00:48:14,2025-11-15T00:50:40,5,89.1
SESS000384,U000069,backend_cloud,2025-03-07T10:43:15,2025-03-07T10:47:23,7,183.2
SESS000385,U000069,gaming_hardware,2025-05-13T21:38:54,2025-05-13T21:45:32,11,267.9
SESS000386,U000070,entertainment_heavy,2025-04-15T05:44:09,2025-04-15T05:48:20,7,164.4
SESS000387,U000070,cybersecurity,2025-08-30T22:58:58,2025-08-30T23:04:01,7,216.2
SESS000388,U000070,cybersecurity,2025-03-02T03:10:11,2025-03-02T03:14:49,9,177.4
SESS000389,U000070,dsa_java_interview,2025-07-13T20:08:44,2025-07-13T20:11:12,4,108.1
SESS000390,U000070,ai_python,2025-05-24T21:58:59,2025-05-24T22:05:35,10,282.4
SESS000391,U000070,cybersecurity,2025-05-24T14:32:39,2025-05-24T14:35:28,5,113.7
SESS000392,U000070,dsa_java_interview,2025-04-11T04:22:47,2025-04-11T04:29:47,10,308.9
SESS000393,U000070,mixed_scroll,2025-05-03T06:01:38,2025-05-03T06:06:58,11,207.7
SESS000394,U000071,mixed_scroll,2025-01-01T18:59:06,2025-01-01T19:05:05,12,223.6
SESS000395,U000071,entertainment_heavy,2025-09-24T05:50:43,2025-09-24T05:55:18,10,159.0
SESS000396,U000071,dsa_java_interview,2025-08-30T09:35:35,2025-08-30T09:40:55,9,235.3
SESS000397,U000071,backend_cloud,2025-11-08T07:39:50,2025-11-08T07:46:02,11,250.2
SESS000398,U000071,backend_cloud,2025-01-05T00:45:41,2025-01-05T00:47:57,4,94.5
SESS000399,U000072,mixed_scroll,2025-08-23T11:18:32,2025-08-23T11:20:26,3,80.6
SESS000400,U000072,cybersecurity,2025-04-26T16:52:11,2025-04-26T16:55:41,9,122.6
SESS000401,U000072,entertainment_heavy,2025-04-01T17:23:27,2025-04-01T17:26:54,7,138.0
SESS000402,U000072,cybersecurity,2025-09-03T18:07:50,2025-09-03T18:12:32,7,215.6
SESS000403,U000072,cybersecurity,2025-06-21T11:36:55,2025-06-21T11:42:24,7,248.4
SESS000404,U000072,gaming_hardware,2025-03-26T21:52:35,2025-03-26T21:54:21,4,43.4
SESS000405,U000072,cybersecurity,2025-04-02T03:03:58,2025-04-02T03:09:33,11,195.4
SESS000406,U000072,cybersecurity,2025-03-26T23:31:54,2025-03-26T23:34:02,4,83.6
SESS000407,U000073,mixed_scroll,2025-04-10T19:42:55,2025-04-10T19:44:35,4,62.5
SESS000408,U000073,entertainment_heavy,2025-04-28T02:01:28,2025-04-28T02:05:41,11,145.6
SESS000409,U000073,entertainment_heavy,2025-05-28T10:21:35,2025-05-28T10:24:06,7,77.9
SESS000410,U000074,dsa_java_interview,2025-08-30T23:18:31,2025-08-30T23:20:43,5,90.5
SESS000411,U000074,dsa_java_interview,2025-03-22T14:02:59,2025-03-22T14:06:40,8,160.8
SESS000412,U000074,ai_python,2025-01-06T05:21:41,2025-01-06T05:24:46,7,120.4
SESS000413,U000074,entertainment_heavy,2025-04-29T14:04:19,2025-04-29T14:09:38,8,210.7
SESS000414,U000074,dsa_java_interview,2025-04-07T16:32:59,2025-04-07T16:36:22,7,116.2
SESS000415,U000074,ai_python,2025-05-05T18:30:23,2025-05-05T18:32:08,3,64.0
SESS000416,U000074,cybersecurity,2025-08-14T11:09:48,2025-08-14T11:11:56,4,84.6
SESS000417,U000075,cybersecurity,2025-06-06T06:13:43,2025-06-06T06:18:55,12,174.9
SESS000418,U000075,ai_python,2025-11-27T18:12:02,2025-11-27T18:14:03,6,83.3
SESS000419,U000075,dsa_java_interview,2025-10-28T08:44:56,2025-10-28T08:48:39,8,142.7
SESS000420,U000075,ai_python,2025-02-03T22:47:02,2025-02-03T22:50:19,7,111.3
SESS000421,U000076,mixed_scroll,2025-02-16T12:22:45,2025-02-16T12:28:24,11,243.5
SESS000422,U000076,mixed_scroll,2025-10-06T13:36:54,2025-10-06T13:39:08,4,109.2
SESS000423,U000076,entertainment_heavy,2025-08-19T18:52:30,2025-08-19T18:54:47,5,68.1
SESS000424,U000077,backend_cloud,2025-11-30T04:51:52,2025-11-30T04:55:36,8,151.9
SESS000425,U000077,entertainment_heavy,2025-10-17T08:13:36,2025-10-17T08:15:30,4,63.8
SESS000426,U000077,ai_python,2025-04-16T17:24:19,2025-04-16T17:25:19,3,40.7
SESS000427,U000077,cybersecurity,2025-06-03T06:49:57,2025-06-03T06:52:54,8,110.1
SESS000428,U000078,mixed_scroll,2025-02-05T21:35:15,2025-02-05T21:38:04,6,90.4
SESS000429,U000078,dsa_java_interview,2025-03-18T23:53:15,2025-03-18T23:55:24,3,101.6
SESS000430,U000078,dsa_java_interview,2025-07-01T22:27:32,2025-07-01T22:29:32,6,67.0
SESS000431,U000078,backend_cloud,2025-11-27T13:41:00,2025-11-27T13:46:20,9,223.6
SESS000432,U000078,dsa_java_interview,2025-06-14T23:11:46,2025-06-14T23:14:24,7,81.5
SESS000433,U000078,gaming_hardware,2025-08-11T01:23:28,2025-08-11T01:29:37,10,234.4
SESS000434,U000078,backend_cloud,2025-01-11T08:18:37,2025-01-11T08:25:36,11,286.9
SESS000435,U000079,backend_cloud,2025-01-28T09:52:43,2025-01-28T09:57:16,8,206.3
SESS000436,U000079,gaming_hardware,2025-11-11T02:33:41,2025-11-11T02:37:00,8,114.6
SESS000437,U000079,backend_cloud,2025-10-12T11:20:22,2025-10-12T11:23:31,5,127.1
SESS000438,U000079,backend_cloud,2025-06-14T20:10:56,2025-06-14T20:13:02,6,70.8
SESS000439,U000079,backend_cloud,2025-06-23T22:30:35,2025-06-23T22:32:01,4,34.2
SESS000440,U000079,dsa_java_interview,2025-08-15T02:26:49,2025-08-15T02:32:43,10,240.2
SESS000441,U000080,mixed_scroll,2025-05-26T06:30:10,2025-05-26T06:33:42,8,145.8
SESS000442,U000080,dsa_java_interview,2025-09-01T16:29:47,2025-09-01T16:33:29,7,162.1
SESS000443,U000080,ai_python,2025-04-27T20:26:16,2025-04-27T20:27:35,3,48.0
SESS000444,U000080,dsa_java_interview,2025-06-08T05:48:28,2025-06-08T05:50:35,4,94.5
SESS000445,U000080,cybersecurity,2025-11-22T23:16:48,2025-11-22T23:22:33,11,220.9
SESS000446,U000080,dsa_java_interview,2025-01-30T05:52:29,2025-01-30T05:56:50,10,162.6
SESS000447,U000080,gaming_hardware,2025-09-21T20:01:54,2025-09-21T20:03:15,3,36.8
SESS000448,U000081,cybersecurity,2025-09-02T05:56:39,2025-09-02T06:02:50,12,221.5
SESS000449,U000081,mixed_scroll,2025-04-06T01:20:49,2025-04-06T01:23:00,4,89.5
SESS000450,U000081,entertainment_heavy,2025-11-20T02:07:57,2025-11-20T02:09:49,6,59.4
SESS000451,U000081,gaming_hardware,2025-02-01T17:41:03,2025-02-01T17:43:23,5,98.1
SESS000452,U000081,backend_cloud,2025-10-18T09:19:36,2025-10-18T09:21:53,5,71.7
SESS000453,U000081,entertainment_heavy,2025-06-17T00:24:46,2025-06-17T00:32:11,12,306.5
SESS000454,U000081,ai_python,2025-04-28T08:30:07,2025-04-28T08:34:58,12,170.8
SESS000455,U000081,gaming_hardware,2025-05-22T21:29:45,2025-05-22T21:33:03,8,126.0
SESS000456,U000082,backend_cloud,2025-10-15T22:22:39,2025-10-15T22:25:49,6,128.7
SESS000457,U000082,ai_python,2025-02-08T20:55:22,2025-02-08T21:01:13,11,242.2
SESS000458,U000082,entertainment_heavy,2025-11-06T23:23:21,2025-11-06T23:26:07,7,90.5
SESS000459,U000082,ai_python,2025-02-24T01:24:52,2025-02-24T01:29:07,10,148.6
SESS000460,U000082,gaming_hardware,2025-01-23T15:13:36,2025-01-23T15:18:49,12,207.7
SESS000461,U000082,dsa_java_interview,2025-06-25T10:34:28,2025-06-25T10:39:20,11,165.9
SESS000462,U000083,ai_python,2025-05-07T02:56:20,2025-05-07T02:59:58,9,148.2
SESS000463,U000083,mixed_scroll,2025-02-28T17:36:24,2025-02-28T17:39:50,8,108.1
SESS000464,U000083,cybersecurity,2025-07-28T08:47:21,2025-07-28T08:52:25,10,207.3
SESS000465,U000083,mixed_scroll,2025-01-15T20:09:50,2025-01-15T20:15:58,12,230.6
SESS000466,U000083,gaming_hardware,2025-06-22T18:11:22,2025-06-22T18:15:26,8,148.1
SESS000467,U000083,gaming_hardware,2025-03-03T13:50:00,2025-03-03T13:51:46,4,69.4
SESS000468,U000083,ai_python,2025-01-25T21:41:36,2025-01-25T21:43:35,3,80.0
SESS000469,U000084,mixed_scroll,2025-06-11T07:57:57,2025-06-11T07:59:42,4,59.4
SESS000470,U000084,ai_python,2025-09-23T03:33:28,2025-09-23T03:36:32,8,99.5
SESS000471,U000084,dsa_java_interview,2025-03-26T10:42:25,2025-03-26T10:46:45,9,155.8
SESS000472,U000084,dsa_java_interview,2025-05-06T18:48:37,2025-05-06T18:50:03,4,57.0
SESS000473,U000084,mixed_scroll,2025-08-01T06:42:38,2025-08-01T06:47:46,11,186.1
SESS000474,U000085,mixed_scroll,2025-05-19T17:30:21,2025-05-19T17:34:11,8,157.9
SESS000475,U000085,cybersecurity,2025-01-25T03:31:07,2025-01-25T03:37:44,12,246.8
SESS000476,U000085,backend_cloud,2025-08-16T04:51:39,2025-08-16T04:56:55,11,198.2
SESS000477,U000085,mixed_scroll,2025-01-17T02:30:06,2025-01-17T02:36:26,11,244.0
SESS000478,U000086,mixed_scroll,2025-10-09T19:08:46,2025-10-09T19:10:43,4,93.9
SESS000479,U000086,backend_cloud,2025-05-31T00:21:16,2025-05-31T00:26:29,9,225.7
SESS000480,U000086,ai_python,2025-04-01T02:16:06,2025-04-01T02:18:40,6,95.2
SESS000481,U000086,gaming_hardware,2025-09-03T03:57:35,2025-09-03T04:02:35,11,204.6
SESS000482,U000086,gaming_hardware,2025-01-23T19:22:23,2025-01-23T19:26:58,10,159.0
SESS000483,U000086,ai_python,2025-07-01T09:05:31,2025-07-01T09:08:42,7,106.5
SESS000484,U000086,gaming_hardware,2025-02-17T06:21:17,2025-02-17T06:22:52,3,76.8
SESS000485,U000087,entertainment_heavy,2025-11-04T16:15:20,2025-11-04T16:21:24,8,250.9
SESS000486,U000087,cybersecurity,2025-01-01T05:02:52,2025-01-01T05:04:51,4,69.9
SESS000487,U000087,cybersecurity,2025-06-23T21:11:11,2025-06-23T21:17:25,11,259.8
SESS000488,U000088,mixed_scroll,2025-05-06T13:20:46,2025-05-06T13:23:41,6,128.5
SESS000489,U000088,entertainment_heavy,2025-08-02T22:14:31,2025-08-02T22:17:11,4,113.0
SESS000490,U000088,backend_cloud,2025-04-28T07:17:18,2025-04-28T07:19:19,5,65.2
SESS000491,U000088,mixed_scroll,2025-09-25T20:11:04,2025-09-25T20:13:30,5,83.3
SESS000492,U000088,mixed_scroll,2025-06-20T21:55:13,2025-06-20T21:57:09,4,73.6
SESS000493,U000088,ai_python,2025-03-25T00:52:28,2025-03-25T00:56:37,10,145.5
SESS000494,U000088,ai_python,2025-11-16T05:26:10,2025-11-16T05:28:18,3,106.5
SESS000495,U000088,backend_cloud,2025-10-10T19:20:54,2025-10-10T19:24:29,8,141.4
SESS000496,U000089,cybersecurity,2025-01-13T08:38:35,2025-01-13T08:44:54,12,277.0
SESS000497,U000089,dsa_java_interview,2025-05-17T22:20:36,2025-05-17T22:24:02,4,169.3
SESS000498,U000089,ai_python,2025-03-25T05:02:44,2025-03-25T05:09:27,12,280.8
SESS000499,U000089,cybersecurity,2025-01-05T06:36:48,2025-01-05T06:39:26,5,107.1
SESS000500,U000089,cybersecurity,2025-09-10T15:00:42,2025-09-10T15:03:24,5,117.3
SESS000501,U000090,backend_cloud,2025-05-29T08:57:59,2025-05-29T09:04:38,11,270.4
SESS000502,U000090,ai_python,2025-10-30T05:55:39,2025-10-30T06:01:25,11,245.2
SESS000503,U000090,mixed_scroll,2025-04-02T10:39:30,2025-04-02T10:42:29,4,117.9
SESS000504,U000090,ai_python,2025-06-07T02:33:21,2025-06-07T02:35:21,4,72.1
SESS000505,U000090,entertainment_heavy,2025-02-01T03:50:48,2025-02-01T03:56:20,10,231.2
SESS000506,U000090,ai_python,2025-11-15T18:40:52,2025-11-15T18:46:11,9,254.7
SESS000507,U000090,mixed_scroll,2025-10-17T09:58:07,2025-10-17T10:01:30,5,138.4
SESS000508,U000090,gaming_hardware,2025-04-17T03:54:11,2025-04-17T03:57:15,5,143.3
SESS000509,U000091,entertainment_heavy,2025-02-19T05:48:57,2025-02-19T05:51:28,5,89.9
SESS000510,U000091,dsa_java_interview,2025-02-10T03:46:22,2025-02-10T03:50:47,8,165.2
SESS000511,U000091,mixed_scroll,2025-07-13T10:18:17,2025-07-13T10:21:37,8,121.5
SESS000512,U000092,entertainment_heavy,2025-06-27T05:44:02,2025-06-27T05:45:39,3,84.4
SESS000513,U000092,gaming_hardware,2025-11-06T09:06:31,2025-11-06T09:09:23,6,105.5
SESS000514,U000092,backend_cloud,2025-02-01T04:49:14,2025-02-01T04:52:31,5,146.8
SESS000515,U000092,gaming_hardware,2025-02-15T19:12:56,2025-02-15T19:18:48,8,266.3
SESS000516,U000092,dsa_java_interview,2025-01-03T07:36:19,2025-01-03T07:42:03,12,216.1
SESS000517,U000092,entertainment_heavy,2025-01-30T03:37:08,2025-01-30T03:40:21,8,108.6
SESS000518,U000092,dsa_java_interview,2025-09-25T11:23:28,2025-09-25T11:28:59,10,237.6
SESS000519,U000092,cybersecurity,2025-02-04T15:43:13,2025-02-04T15:46:31,5,145.1
SESS000520,U000093,entertainment_heavy,2025-11-18T01:04:52,2025-11-18T01:07:47,5,106.4
SESS000521,U000093,mixed_scroll,2025-10-19T06:40:31,2025-10-19T06:45:35,11,179.0
SESS000522,U000093,cybersecurity,2025-11-27T17:15:46,2025-11-27T17:18:04,7,59.4
SESS000523,U000093,entertainment_heavy,2025-10-11T13:07:00,2025-10-11T13:09:10,5,97.5
SESS000524,U000093,mixed_scroll,2025-10-15T08:05:47,2025-10-15T08:08:43,5,129.6
SESS000525,U000093,cybersecurity,2025-01-24T08:38:00,2025-01-24T08:42:29,10,159.0
SESS000526,U000093,cybersecurity,2025-08-26T09:28:58,2025-08-26T09:34:21,9,217.1
SESS000527,U000093,backend_cloud,2025-09-21T12:54:12,2025-09-21T13:00:23,11,256.8
SESS000528,U000094,mixed_scroll,2025-01-24T02:47:43,2025-01-24T02:50:58,4,133.0
SESS000529,U000094,gaming_hardware,2025-01-16T02:33:28,2025-01-16T02:36:42,6,117.6
SESS000530,U000094,ai_python,2025-03-06T11:24:22,2025-03-06T11:25:32,5,28.5
SESS000531,U000094,entertainment_heavy,2025-04-18T18:47:40,2025-04-18T18:50:33,8,114.4
SESS000532,U000095,cybersecurity,2025-01-18T05:49:56,2025-01-18T05:52:51,7,95.6
SESS000533,U000095,cybersecurity,2025-07-22T05:16:02,2025-07-22T05:19:36,6,129.1
SESS000534,U000095,gaming_hardware,2025-06-04T07:04:01,2025-06-04T07:06:16,4,94.4
SESS000535,U000095,cybersecurity,2025-09-09T07:46:27,2025-09-09T07:51:30,11,178.7
SESS000536,U000095,backend_cloud,2025-06-05T06:40:19,2025-06-05T06:44:20,10,146.9
SESS000537,U000095,cybersecurity,2025-03-14T13:35:08,2025-03-14T13:40:19,10,214.7
SESS000538,U000095,cybersecurity,2025-01-21T10:42:20,2025-01-21T10:48:06,10,236.3
SESS000539,U000095,entertainment_heavy,2025-08-09T16:00:43,2025-08-09T16:02:40,4,67.1
SESS000540,U000096,entertainment_heavy,2025-01-18T09:53:51,2025-01-18T09:55:05,3,34.9
SESS000541,U000096,backend_cloud,2025-08-19T12:50:14,2025-08-19T12:53:42,6,153.5
SESS000542,U000096,cybersecurity,2025-07-16T11:08:32,2025-07-16T11:11:51,7,116.7
SESS000543,U000096,gaming_hardware,2025-04-17T22:31:10,2025-04-17T22:37:38,12,254.0
SESS000544,U000096,cybersecurity,2025-02-23T21:25:29,2025-02-23T21:27:45,5,89.8
SESS000545,U000096,dsa_java_interview,2025-06-14T06:33:49,2025-06-14T06:39:01,9,219.0
SESS000546,U000096,dsa_java_interview,2025-10-25T10:05:02,2025-10-25T10:10:21,9,231.7
SESS000547,U000097,backend_cloud,2025-02-12T02:36:59,2025-02-12T02:40:35,6,148.9
SESS000548,U000097,entertainment_heavy,2025-03-02T02:40:39,2025-03-02T02:44:21,9,140.4
SESS000549,U000097,entertainment_heavy,2025-06-30T06:48:33,2025-06-30T06:51:54,6,142.4
SESS000550,U000097,backend_cloud,2025-03-20T13:47:18,2025-03-20T13:49:28,4,89.8
SESS000551,U000097,cybersecurity,2025-08-16T03:25:13,2025-08-16T03:27:27,4,87.9
SESS000552,U000098,ai_python,2025-07-28T21:00:34,2025-07-28T21:03:18,5,115.5
SESS000553,U000098,gaming_hardware,2025-01-11T17:28:31,2025-01-11T17:31:23,4,123.6
SESS000554,U000098,cybersecurity,2025-09-07T09:01:29,2025-09-07T09:04:54,7,137.3
SESS000555,U000098,entertainment_heavy,2025-05-02T12:19:32,2025-05-02T12:23:07,6,157.5
SESS000556,U000098,backend_cloud,2025-04-29T07:23:00,2025-04-29T07:29:10,9,254.0
SESS000557,U000098,gaming_hardware,2025-04-08T17:49:11,2025-04-08T17:50:20,3,42.2
SESS000558,U000099,entertainment_heavy,2025-09-15T13:13:47,2025-09-15T13:15:12,3,62.5
SESS000559,U000099,mixed_scroll,2025-04-21T12:45:59,2025-04-21T12:50:00,8,137.2
SESS000560,U000099,gaming_hardware,2025-06-26T11:58:51,2025-06-26T12:02:02,6,130.7
SESS000561,U000099,dsa_java_interview,2025-01-05T14:23:33,2025-01-05T14:27:49,12,124.5
SESS000562,U000099,entertainment_heavy,2025-08-04T18:33:16,2025-08-04T18:37:46,11,189.4
SESS000563,U000099,cybersecurity,2025-02-25T15:00:07,2025-02-25T15:03:38,7,127.0
SESS000564,U000099,gaming_hardware,2025-11-09T15:35:15,2025-11-09T15:37:36,5,100.6
SESS000565,U000099,gaming_hardware,2025-08-10T19:04:01,2025-08-10T19:09:45,8,242.2
SESS000566,U000100,cybersecurity,2025-09-08T23:02:33,2025-09-08T23:07:18,9,169.2
SESS000567,U000100,ai_python,2025-01-26T08:10:46,2025-01-26T08:16:13,10,244.7
SESS000568,U000100,entertainment_heavy,2025-04-15T05:47:05,2025-04-15T05:50:01,7,108.9
SESS000569,U000100,entertainment_heavy,2025-11-01T22:20:09,2025-11-01T22:24:55,9,204.9
SESS000570,U000100,gaming_hardware,2025-11-11T14:24:09,2025-11-11T14:30:10,9,258.0
SESS000571,U000100,mixed_scroll,2025-06-15T11:54:13,2025-06-15T11:57:24,6,121.6
SESS000572,U000100,gaming_hardware,2025-06-04T15:25:28,2025-06-04T15:30:28,11,183.8
SESS000573,U000100,dsa_java_interview,2025-11-04T13:43:11,2025-11-04T13:48:07,11,174.5
SESS000574,U000101,cybersecurity,2025-03-16T01:48:27,2025-03-16T01:53:44,9,209.9
SESS000575,U000101,mixed_scroll,2025-11-22T16:38:12,2025-11-22T16:42:54,8,181.2
SESS000576,U000101,ai_python,2025-08-27T15:33:32,2025-08-27T15:37:21,9,131.5
SESS000577,U000101,backend_cloud,2025-06-03T21:34:15,2025-06-03T21:39:53,11,192.7
SESS000578,U000102,gaming_hardware,2025-09-12T09:02:31,2025-09-12T09:05:44,7,131.9
SESS000579,U000102,ai_python,2025-04-05T07:36:11,2025-04-05T07:39:55,7,138.2
SESS000580,U000102,entertainment_heavy,2025-01-06T09:03:13,2025-01-06T09:07:20,9,148.3
SESS000581,U000102,dsa_java_interview,2025-11-20T08:09:57,2025-11-20T08:15:50,11,233.0
SESS000582,U000102,dsa_java_interview,2025-10-05T13:32:46,2025-10-05T13:36:32,8,147.6
SESS000583,U000102,mixed_scroll,2025-01-02T03:54:51,2025-01-02T03:58:13,7,133.8
SESS000584,U000102,entertainment_heavy,2025-03-30T04:31:42,2025-03-30T04:37:21,12,223.9
SESS000585,U000102,dsa_java_interview,2025-03-27T18:42:05,2025-03-27T18:46:33,9,178.8
SESS000586,U000103,ai_python,2025-08-12T00:46:02,2025-08-12T00:49:45,6,151.1
SESS000587,U000103,ai_python,2025-01-31T04:40:41,2025-01-31T04:42:58,3,85.5
SESS000588,U000103,mixed_scroll,2025-06-26T08:59:42,2025-06-26T09:05:08,12,191.4
SESS000589,U000103,entertainment_heavy,2025-10-11T10:39:57,2025-10-11T10:43:57,7,175.5
SESS000590,U000103,mixed_scroll,2025-09-23T15:37:18,2025-09-23T15:39:36,4,85.0
SESS000591,U000103,cybersecurity,2025-02-03T17:37:12,2025-02-03T17:42:48,11,212.9
SESS000592,U000103,mixed_scroll,2025-05-03T22:14:54,2025-05-03T22:19:04,10,162.3
SESS000593,U000103,ai_python,2025-09-15T18:37:13,2025-09-15T18:41:49,8,191.7
SESS000594,U000104,backend_cloud,2025-11-21T21:19:56,2025-11-21T21:23:43,7,192.1
SESS000595,U000104,gaming_hardware,2025-06-03T18:49:32,2025-06-03T18:52:46,6,145.1
SESS000596,U000104,mixed_scroll,2025-02-15T22:13:14,2025-02-15T22:17:29,9,145.0
SESS000597,U000104,ai_python,2025-11-17T02:00:38,2025-11-17T02:05:54,11,216.4
SESS000598,U000104,entertainment_heavy,2025-11-16T18:31:39,2025-11-16T18:33:03,4,31.1
SESS000599,U000104,backend_cloud,2025-09-15T02:34:07,2025-09-15T02:38:01,7,153.3
SESS000600,U000104,entertainment_heavy,2025-01-03T17:20:50,2025-01-03T17:23:03,6,80.4
SESS000601,U000104,backend_cloud,2025-10-19T12:36:58,2025-10-19T12:38:53,6,41.6
SESS000602,U000105,ai_python,2025-05-24T07:15:47,2025-05-24T07:17:00,3,58.0
SESS000603,U000105,mixed_scroll,2025-09-21T11:37:56,2025-09-21T11:41:23,6,139.2
SESS000604,U000105,mixed_scroll,2025-08-19T08:25:48,2025-08-19T08:27:52,4,92.2
SESS000605,U000105,entertainment_heavy,2025-03-31T01:18:58,2025-03-31T01:21:47,5,126.5
SESS000606,U000105,cybersecurity,2025-08-29T00:02:39,2025-08-29T00:04:27,5,60.8
SESS000607,U000106,entertainment_heavy,2025-07-01T21:38:35,2025-07-01T21:43:50,11,205.2
SESS000608,U000106,mixed_scroll,2025-06-28T07:06:53,2025-06-28T07:13:35,11,265.4
SESS000609,U000106,mixed_scroll,2025-03-15T02:00:44,2025-03-15T02:05:45,7,207.7
SESS000610,U000106,entertainment_heavy,2025-06-16T21:47:26,2025-06-16T21:54:43,10,317.0
SESS000611,U000106,ai_python,2025-10-20T03:39:41,2025-10-20T03:44:22,9,169.6
SESS000612,U000107,backend_cloud,2025-03-19T22:06:51,2025-03-19T22:09:48,8,115.3
SESS000613,U000107,entertainment_heavy,2025-02-05T21:27:33,2025-02-05T21:30:23,5,117.6
SESS000614,U000107,ai_python,2025-11-17T19:41:33,2025-11-17T19:45:56,9,156.2
SESS000615,U000108,cybersecurity,2025-01-04T14:38:38,2025-01-04T14:42:33,9,136.9
SESS000616,U000108,entertainment_heavy,2025-04-16T14:40:28,2025-04-16T14:46:02,9,212.1
SESS000617,U000108,entertainment_heavy,2025-01-06T16:47:58,2025-01-06T16:53:29,9,228.4
SESS000618,U000108,dsa_java_interview,2025-11-20T07:39:27,2025-11-20T07:41:31,4,95.7
SESS000619,U000108,mixed_scroll,2025-08-09T17:11:31,2025-08-09T17:18:07,12,273.2
SESS000620,U000109,cybersecurity,2025-02-03T21:19:44,2025-02-03T21:24:03,12,177.1
SESS000621,U000109,backend_cloud,2025-04-29T12:25:45,2025-04-29T12:27:53,7,92.2
SESS000622,U000109,mixed_scroll,2025-09-14T08:30:53,2025-09-14T08:36:23,12,226.2
SESS000623,U000110,entertainment_heavy,2025-06-25T18:39:45,2025-06-25T18:42:58,6,117.5
SESS000624,U000110,cybersecurity,2025-05-27T21:29:32,2025-05-27T21:35:18,10,260.0
SESS000625,U000110,ai_python,2025-08-31T03:12:27,2025-08-31T03:17:47,12,194.4
SESS000626,U000110,gaming_hardware,2025-07-09T04:19:37,2025-07-09T04:26:17,12,259.4
SESS000627,U000110,gaming_hardware,2025-11-30T16:42:11,2025-11-30T16:43:46,4,46.3
SESS000628,U000110,entertainment_heavy,2025-01-24T15:59:40,2025-01-24T16:08:56,12,449.1
SESS000629,U000111,mixed_scroll,2025-08-21T19:18:40,2025-08-21T19:23:44,10,229.2
SESS000630,U000111,gaming_hardware,2025-06-09T01:54:59,2025-06-09T02:00:06,12,214.1
SESS000631,U000111,mixed_scroll,2025-10-28T06:45:04,2025-10-28T06:50:25,6,236.6
SESS000632,U000111,mixed_scroll,2025-11-14T05:25:23,2025-11-14T05:30:12,9,168.0
SESS000633,U000111,mixed_scroll,2025-11-07T11:16:55,2025-11-07T11:19:43,6,104.7
SESS000634,U000111,dsa_java_interview,2025-08-26T22:11:10,2025-08-26T22:12:43,3,49.8
SESS000635,U000112,entertainment_heavy,2025-02-08T08:10:43,2025-02-08T08:13:39,6,111.7
SESS000636,U000112,mixed_scroll,2025-08-15T14:20:31,2025-08-15T14:24:06,7,134.0
SESS000637,U000112,entertainment_heavy,2025-06-08T10:04:57,2025-06-08T10:11:15,12,232.2
SESS000638,U000112,cybersecurity,2025-02-09T23:41:39,2025-02-09T23:44:38,9,119.4
SESS000639,U000113,backend_cloud,2025-06-30T18:41:54,2025-06-30T18:44:02,3,99.9
SESS000640,U000113,ai_python,2025-07-09T01:03:28,2025-07-09T01:06:02,5,109.4
SESS000641,U000113,backend_cloud,2025-04-13T08:21:04,2025-04-13T08:24:12,6,129.9
SESS000642,U000113,backend_cloud,2025-07-29T07:47:46,2025-07-29T07:53:02,9,224.8
SESS000643,U000114,mixed_scroll,2025-10-01T16:13:30,2025-10-01T16:17:40,10,164.6
SESS000644,U000114,dsa_java_interview,2025-10-01T09:26:46,2025-10-01T09:29:43,5,142.1
SESS000645,U000114,ai_python,2025-04-16T16:35:18,2025-04-16T16:38:55,7,149.1
SESS000646,U000114,mixed_scroll,2025-02-25T12:48:49,2025-02-25T12:53:46,10,205.3
SESS000647,U000114,mixed_scroll,2025-04-18T10:21:03,2025-04-18T10:22:19,3,61.4
SESS000648,U000114,cybersecurity,2025-06-25T06:35:12,2025-06-25T06:40:20,11,196.1
SESS000649,U000114,backend_cloud,2025-06-15T07:07:03,2025-06-15T07:11:11,11,160.5
SESS000650,U000114,cybersecurity,2025-06-26T06:34:08,2025-06-26T06:37:51,7,139.5
SESS000651,U000115,backend_cloud,2025-06-19T03:20:50,2025-06-19T03:26:19,9,246.7
SESS000652,U000115,entertainment_heavy,2025-02-27T06:32:52,2025-02-27T06:37:57,12,172.9
SESS000653,U000115,gaming_hardware,2025-04-04T16:46:37,2025-04-04T16:50:07,8,110.8
SESS000654,U000115,gaming_hardware,2025-05-07T22:39:35,2025-05-07T22:42:09,5,101.5
SESS000655,U000115,gaming_hardware,2025-11-10T16:47:28,2025-11-10T16:51:30,9,130.5
SESS000656,U000115,gaming_hardware,2025-11-20T05:56:09,2025-11-20T06:00:57,11,184.1
SESS000657,U000115,cybersecurity,2025-02-14T13:46:31,2025-02-14T13:48:21,4,61.0
SESS000658,U000116,gaming_hardware,2025-10-14T21:02:53,2025-10-14T21:05:59,8,89.4
SESS000659,U000116,entertainment_heavy,2025-08-12T14:07:41,2025-08-12T14:14:22,12,272.7
SESS000660,U000116,entertainment_heavy,2025-02-04T10:02:16,2025-02-04T10:08:12,10,269.4
SESS000661,U000116,dsa_java_interview,2025-05-22T14:02:40,2025-05-22T14:10:00,12,333.8
SESS000662,U000116,cybersecurity,2025-02-12T11:13:27,2025-02-12T11:16:22,5,124.2
SESS000663,U000116,backend_cloud,2025-04-20T01:42:39,2025-04-20T01:45:32,5,122.5
SESS000664,U000116,gaming_hardware,2025-06-19T11:14:04,2025-06-19T11:16:51,3,135.1
SESS000665,U000116,entertainment_heavy,2025-08-01T14:24:43,2025-08-01T14:27:39,6,123.6
SESS000666,U000117,entertainment_heavy,2025-10-25T09:22:08,2025-10-25T09:26:22,8,183.7
SESS000667,U000117,entertainment_heavy,2025-10-28T20:50:28,2025-10-28T20:53:00,3,112.2
SESS000668,U000117,cybersecurity,2025-11-12T14:04:25,2025-11-12T14:11:22,11,310.3
SESS000669,U000117,mixed_scroll,2025-09-12T18:20:00,2025-09-12T18:24:30,7,223.3
SESS000670,U000117,ai_python,2025-07-11T21:54:30,2025-07-11T21:56:08,3,66.8
SESS000671,U000117,backend_cloud,2025-10-10T11:23:32,2025-10-10T11:28:31,9,180.8
SESS000672,U000117,dsa_java_interview,2025-07-15T23:31:36,2025-07-15T23:35:59,9,165.2
SESS000673,U000118,cybersecurity,2025-09-24T20:54:14,2025-09-24T20:57:54,6,137.3
SESS000674,U000118,backend_cloud,2025-09-20T14:05:14,2025-09-20T14:07:15,4,70.1
SESS000675,U000118,mixed_scroll,2025-01-21T11:24:23,2025-01-21T11:28:49,7,189.3
SESS000676,U000118,entertainment_heavy,2025-01-28T04:48:39,2025-01-28T04:53:01,9,182.7
SESS000677,U000119,backend_cloud,2025-09-11T03:17:52,2025-09-11T03:21:05,5,134.2
SESS000678,U000119,backend_cloud,2025-09-05T14:52:58,2025-09-05T14:58:11,11,190.3
SESS000679,U000119,gaming_hardware,2025-05-12T08:23:12,2025-05-12T08:29:21,12,242.7
SESS000680,U000119,mixed_scroll,2025-06-21T16:00:20,2025-06-21T16:02:45,6,113.2
SESS000681,U000120,gaming_hardware,2025-09-25T02:12:53,2025-09-25T02:14:29,3,66.5
SESS000682,U000120,dsa_java_interview,2025-11-02T04:32:14,2025-11-02T04:36:54,11,177.6
SESS000683,U000120,mixed_scroll,2025-11-23T18:22:39,2025-11-23T18:26:05,7,135.8
SESS000684,U000120,mixed_scroll,2025-07-16T19:17:15,2025-07-16T19:20:22,7,122.5
SESS000685,U000120,dsa_java_interview,2025-01-20T21:41:29,2025-01-20T21:46:36,10,206.3
SESS000686,U000120,mixed_scroll,2025-06-11T00:07:04,2025-06-11T00:08:25,3,52.4
SESS000687,U000121,dsa_java_interview,2025-10-07T17:41:47,2025-10-07T17:43:59,3,86.1
SESS000688,U000121,gaming_hardware,2025-11-06T02:00:10,2025-11-06T02:01:34,4,42.0
SESS000689,U000121,cybersecurity,2025-02-06T18:44:57,2025-02-06T18:47:35,4,107.4
SESS000690,U000121,entertainment_heavy,2025-02-13T05:22:11,2025-02-13T05:23:46,3,55.8
SESS000691,U000122,mixed_scroll,2025-01-31T22:52:04,2025-01-31T22:58:43,9,311.7
SESS000692,U000122,backend_cloud,2025-07-01T09:21:55,2025-07-01T09:28:50,11,272.5
SESS000693,U000122,dsa_java_interview,2025-11-11T06:18:13,2025-11-11T06:19:53,4,65.3
SESS000694,U000122,gaming_hardware,2025-09-03T10:16:04,2025-09-03T10:18:56,4,130.8
SESS000695,U000122,dsa_java_interview,2025-04-23T08:32:45,2025-04-23T08:39:32,12,260.7
SESS000696,U000122,backend_cloud,2025-03-03T13:43:03,2025-03-03T13:44:37,4,44.8
SESS000697,U000122,dsa_java_interview,2025-01-05T08:19:59,2025-01-05T08:23:53,7,175.4
SESS000698,U000122,entertainment_heavy,2025-10-16T05:08:27,2025-10-16T05:10:43,5,87.9
SESS000699,U000123,entertainment_heavy,2025-02-24T11:31:00,2025-02-24T11:33:14,7,84.1
SESS000700,U000123,dsa_java_interview,2025-10-27T19:22:32,2025-10-27T19:24:53,5,87.9
SESS000701,U000123,mixed_scroll,2025-06-30T10:50:17,2025-06-30T10:51:41,3,49.9
SESS000702,U000123,entertainment_heavy,2025-03-16T13:10:41,2025-03-16T13:13:48,5,142.6
SESS000703,U000123,cybersecurity,2025-05-05T10:20:03,2025-05-05T10:24:16,8,186.7
SESS000704,U000124,mixed_scroll,2025-11-02T23:07:27,2025-11-02T23:08:51,3,63.0
SESS000705,U000124,gaming_hardware,2025-10-02T15:13:34,2025-10-02T15:18:51,9,208.0
SESS000706,U000124,ai_python,2025-03-02T21:26:21,2025-03-02T21:32:15,11,235.5
SESS000707,U000124,cybersecurity,2025-04-15T03:48:42,2025-04-15T03:53:49,10,203.3
SESS000708,U000124,cybersecurity,2025-11-03T06:24:12,2025-11-03T06:29:40,12,229.3
SESS000709,U000124,mixed_scroll,2025-04-17T06:59:57,2025-04-17T07:06:23,11,273.5
SESS000710,U000125,dsa_java_interview,2025-03-24T14:12:20,2025-03-24T14:15:00,5,112.3
SESS000711,U000125,dsa_java_interview,2025-06-13T22:25:01,2025-06-13T22:28:50,8,135.8
SESS000712,U000125,cybersecurity,2025-02-01T13:32:52,2025-02-01T13:34:34,3,73.4
SESS000713,U000125,ai_python,2025-10-31T23:57:26,2025-11-01T00:00:35,5,114.5
SESS000714,U000125,dsa_java_interview,2025-08-21T06:42:38,2025-08-21T06:45:41,5,141.2
SESS000715,U000126,backend_cloud,2025-03-24T16:25:07,2025-03-24T16:28:43,6,166.5
SESS000716,U000126,gaming_hardware,2025-05-06T02:51:03,2025-05-06T02:53:26,4,95.4
SESS000717,U000126,mixed_scroll,2025-02-02T17:39:16,2025-02-02T17:43:49,9,198.0
SESS000718,U000126,backend_cloud,2025-03-11T11:32:42,2025-03-11T11:39:22,12,264.6
SESS000719,U000126,mixed_scroll,2025-03-06T17:35:19,2025-03-06T17:41:45,10,277.6
SESS000720,U000126,gaming_hardware,2025-03-10T10:06:21,2025-03-10T10:12:49,11,280.6
SESS000721,U000126,backend_cloud,2025-09-29T23:36:39,2025-09-29T23:38:45,4,94.3
SESS000722,U000127,cybersecurity,2025-04-23T09:07:37,2025-04-23T09:08:59,3,50.8
SESS000723,U000127,entertainment_heavy,2025-08-19T10:01:31,2025-08-19T10:05:31,5,177.6
SESS000724,U000127,entertainment_heavy,2025-09-26T08:18:12,2025-09-26T08:21:37,6,139.8
SESS000725,U000127,entertainment_heavy,2025-02-05T11:02:25,2025-02-05T11:07:18,9,207.0
SESS000726,U000127,entertainment_heavy,2025-10-01T12:15:55,2025-10-01T12:22:17,12,279.0
SESS000727,U000128,backend_cloud,2025-10-07T21:44:14,2025-10-07T21:48:59,7,192.1
SESS000728,U000128,gaming_hardware,2025-01-27T20:40:23,2025-01-27T20:42:01,5,54.8
SESS000729,U000128,mixed_scroll,2025-07-29T00:50:26,2025-07-29T00:55:04,8,193.0
SESS000730,U000128,backend_cloud,2025-04-13T12:14:45,2025-04-13T12:17:23,6,100.1
SESS000731,U000128,gaming_hardware,2025-07-10T04:21:37,2025-07-10T04:25:20,8,153.8
SESS000732,U000129,cybersecurity,2025-07-17T08:57:17,2025-07-17T09:00:11,5,116.2
SESS000733,U000129,ai_python,2025-07-23T23:32:20,2025-07-23T23:38:28,10,248.2
SESS000734,U000129,backend_cloud,2025-04-20T18:01:51,2025-04-20T18:08:09,9,294.4
SESS000735,U000129,dsa_java_interview,2025-08-20T00:40:01,2025-08-20T00:43:08,8,123.1
SESS000736,U000130,dsa_java_interview,2025-11-08T05:19:41,2025-11-08T05:24:01,9,171.3
SESS000737,U000130,mixed_scroll,2025-02-05T07:35:49,2025-02-05T07:41:54,11,268.8
SESS000738,U000130,dsa_java_interview,2025-04-01T06:39:52,2025-04-01T06:41:30,3,53.6
SESS000739,U000130,cybersecurity,2025-01-17T13:54:39,2025-01-17T14:01:05,12,284.8
SESS000740,U000130,gaming_hardware,2025-11-05T09:19:50,2025-11-05T09:25:36,11,258.3
SESS000741,U000130,cybersecurity,2025-04-18T05:26:15,2025-04-18T05:30:32,7,203.7
SESS000742,U000131,mixed_scroll,2025-01-13T16:42:49,2025-01-13T16:48:12,10,214.5
SESS000743,U000131,mixed_scroll,2025-09-25T05:13:20,2025-09-25T05:15:35,5,81.2
SESS000744,U000131,ai_python,2025-07-23T07:34:12,2025-07-23T07:36:44,5,80.7
SESS000745,U000131,gaming_hardware,2025-10-04T11:02:14,2025-10-04T11:05:06,4,145.4
SESS000746,U000132,dsa_java_interview,2025-05-02T10:13:10,2025-05-02T10:16:48,9,120.3
SESS000747,U000132,gaming_hardware,2025-02-01T18:21:27,2025-02-01T18:24:12,6,100.3
SESS000748,U000132,entertainment_heavy,2025-03-13T01:46:52,2025-03-13T01:51:23,8,176.7
SESS000749,U000132,mixed_scroll,2025-01-04T17:21:24,2025-01-04T17:22:42,3,59.0
SESS000750,U000132,cybersecurity,2025-11-05T14:03:10,2025-11-05T14:05:41,4,107.3
SESS000751,U000132,mixed_scroll,2025-10-07T13:54:35,2025-10-07T13:57:47,6,135.0
SESS000752,U000132,dsa_java_interview,2025-08-31T23:19:31,2025-08-31T23:23:43,8,161.3
SESS000753,U000132,dsa_java_interview,2025-08-04T23:10:21,2025-08-04T23:12:48,5,91.2
SESS000754,U000133,cybersecurity,2025-07-16T02:05:58,2025-07-16T02:13:32,11,328.0
SESS000755,U000133,backend_cloud,2025-02-28T02:22:37,2025-02-28T02:24:57,4,91.8
SESS000756,U000133,ai_python,2025-05-24T01:44:07,2025-05-24T01:50:38,12,254.9
SESS000757,U000133,backend_cloud,2025-10-10T07:48:19,2025-10-10T07:51:26,6,127.1
SESS000758,U000133,backend_cloud,2025-05-17T22:09:37,2025-05-17T22:14:00,7,179.8
SESS000759,U000133,mixed_scroll,2025-06-27T11:06:22,2025-06-27T11:09:26,5,121.7
SESS000760,U000133,cybersecurity,2025-11-27T12:39:10,2025-11-27T12:43:12,9,133.5
SESS000761,U000134,cybersecurity,2025-10-14T17:46:45,2025-10-14T17:53:50,11,271.9
SESS000762,U000134,mixed_scroll,2025-10-12T21:30:41,2025-10-12T21:34:30,7,143.3
SESS000763,U000134,mixed_scroll,2025-04-14T13:46:33,2025-04-14T13:51:46,12,195.8
SESS000764,U000134,mixed_scroll,2025-02-10T06:19:29,2025-02-10T06:22:45,5,138.0
SESS000765,U000134,dsa_java_interview,2025-04-28T09:53:45,2025-04-28T09:55:47,4,83.8
SESS000766,U000134,gaming_hardware,2025-06-04T06:48:31,2025-06-04T06:52:31,5,202.7
SESS000767,U000134,gaming_hardware,2025-11-18T11:21:50,2025-11-18T11:24:03,5,95.4
SESS000768,U000135,cybersecurity,2025-05-31T21:46:35,2025-05-31T21:48:43,4,90.4
SESS000769,U000135,dsa_java_interview,2025-08-19T22:11:13,2025-08-19T22:15:46,8,182.0
SESS000770,U000135,backend_cloud,2025-06-28T23:45:54,2025-06-28T23:48:13,3,121.7
SESS000771,U000135,dsa_java_interview,2025-04-29T00:26:38,2025-04-29T00:28:48,5,92.0
SESS000772,U000135,dsa_java_interview,2025-05-28T09:11:27,2025-05-28T09:14:47,7,124.7
SESS000773,U000135,gaming_hardware,2025-07-03T16:41:19,2025-07-03T16:43:08,3,89.3
SESS000774,U000135,entertainment_heavy,2025-02-02T14:21:45,2025-02-02T14:24:08,5,70.8
SESS000775,U000136,backend_cloud,2025-08-05T19:07:27,2025-08-05T19:09:52,6,76.9
SESS000776,U000136,cybersecurity,2025-09-18T22:11:02,2025-09-18T22:14:38,8,114.7
SESS000777,U000136,entertainment_heavy,2025-01-30T21:02:50,2025-01-30T21:04:49,3,83.5
SESS000778,U000136,ai_python,2025-10-31T18:27:00,2025-10-31T18:30:58,9,128.5
SESS000779,U000137,cybersecurity,2025-07-22T14:16:04,2025-07-22T14:19:08,5,136.7
SESS000780,U000137,backend_cloud,2025-03-24T10:37:11,2025-03-24T10:40:05,6,113.3
SESS000781,U000137,backend_cloud,2025-05-09T11:29:01,2025-05-09T11:30:49,4,80.3
SESS000782,U000137,entertainment_heavy,2025-08-29T03:54:08,2025-08-29T03:55:37,3,59.5
SESS000783,U000138,gaming_hardware,2025-08-22T16:14:03,2025-08-22T16:17:40,5,141.0
SESS000784,U000138,cybersecurity,2025-06-19T19:42:27,2025-06-19T19:47:46,11,223.4
SESS000785,U000138,backend_cloud,2025-03-04T09:04:34,2025-03-04T09:08:17,8,136.3
SESS000786,U000138,backend_cloud,2025-07-11T12:24:30,2025-07-11T12:27:33,6,125.2
SESS000787,U000139,mixed_scroll,2025-01-07T22:59:27,2025-01-07T23:05:59,11,280.7
SESS000788,U000139,dsa_java_interview,2025-06-08T11:33:07,2025-06-08T11:34:53,3,86.5
SESS000789,U000139,entertainment_heavy,2025-07-06T00:01:17,2025-07-06T00:04:26,5,146.9
SESS000790,U000140,entertainment_heavy,2025-09-04T06:47:12,2025-09-04T06:50:16,7,123.5
SESS000791,U000140,entertainment_heavy,2025-07-31T13:33:40,2025-07-31T13:35:27,4,86.7
SESS000792,U000140,entertainment_heavy,2025-08-11T14:44:34,2025-08-11T14:47:16,6,102.6
SESS000793,U000140,dsa_java_interview,2025-01-25T08:03:37,2025-01-25T08:08:30,8,225.9
SESS000794,U000140,backend_cloud,2025-01-16T17:10:43,2025-01-16T17:13:57,6,123.5
SESS000795,U000140,entertainment_heavy,2025-10-13T09:05:34,2025-10-13T09:11:44,12,220.9
SESS000796,U000140,mixed_scroll,2025-02-16T10:41:51,2025-02-16T10:46:59,12,193.4
SESS000797,U000140,entertainment_heavy,2025-03-21T13:35:35,2025-03-21T13:38:49,6,128.4
SESS000798,U000141,gaming_hardware,2025-10-01T02:05:20,2025-10-01T02:09:49,8,162.8
SESS000799,U000141,dsa_java_interview,2025-01-16T00:31:56,2025-01-16T00:38:32,10,283.2
SESS000800,U000141,dsa_java_interview,2025-06-27T19:06:20,2025-06-27T19:11:05,10,182.3
SESS000801,U000141,gaming_hardware,2025-07-10T00:09:28,2025-07-10T00:12:38,5,135.3
SESS000802,U000141,gaming_hardware,2025-03-01T17:14:33,2025-03-01T17:20:31,12,234.1
SESS000803,U000142,ai_python,2025-06-03T04:13:54,2025-06-03T04:19:22,9,223.8
SESS000804,U000142,cybersecurity,2025-02-21T20:27:19,2025-02-21T20:31:12,8,142.5
SESS000805,U000142,dsa_java_interview,2025-11-01T18:43:38,2025-11-01T18:47:31,6,181.1
SESS000806,U000142,backend_cloud,2025-09-19T13:21:37,2025-09-19T13:26:14,9,160.9
SESS000807,U000142,dsa_java_interview,2025-07-10T14:16:42,2025-07-10T14:20:43,12,137.4
SESS000808,U000142,mixed_scroll,2025-05-01T01:15:28,2025-05-01T01:18:27,6,91.1
SESS000809,U000142,entertainment_heavy,2025-02-09T01:38:27,2025-02-09T01:40:31,4,60.0
SESS000810,U000143,dsa_java_interview,2025-07-14T16:08:11,2025-07-14T16:10:19,5,92.6
SESS000811,U000143,gaming_hardware,2025-10-09T11:27:00,2025-10-09T11:33:43,11,300.6
SESS000812,U000143,entertainment_heavy,2025-10-10T13:35:08,2025-10-10T13:38:22,6,136.7
SESS000813,U000143,backend_cloud,2025-11-16T04:31:24,2025-11-16T04:36:09,9,220.5
SESS000814,U000143,dsa_java_interview,2025-03-15T16:18:55,2025-03-15T16:22:51,7,167.9
SESS000815,U000143,gaming_hardware,2025-04-11T21:46:37,2025-04-11T21:53:29,12,282.0
SESS000816,U000143,gaming_hardware,2025-05-22T19:35:45,2025-05-22T19:38:11,5,95.7
SESS000817,U000143,backend_cloud,2025-07-13T10:42:51,2025-07-13T10:49:24,11,281.7
SESS000818,U000144,mixed_scroll,2025-09-23T19:30:33,2025-09-23T19:34:03,8,132.4
SESS000819,U000144,backend_cloud,2025-02-12T08:51:54,2025-02-12T08:53:09,3,51.6
SESS000820,U000144,mixed_scroll,2025-03-21T21:48:16,2025-03-21T21:52:00,8,148.5
SESS000821,U000144,ai_python,2025-02-02T15:55:58,2025-02-02T16:01:26,11,190.4
SESS000822,U000145,entertainment_heavy,2025-08-24T12:53:24,2025-08-24T12:57:20,6,170.6
SESS000823,U000145,mixed_scroll,2025-03-19T10:06:09,2025-03-19T10:08:52,5,130.6
SESS000824,U000145,ai_python,2025-08-24T12:25:11,2025-08-24T12:27:09,4,72.5
SESS000825,U000146,dsa_java_interview,2025-03-20T13:52:07,2025-03-20T13:54:43,3,127.5
SESS000826,U000146,ai_python,2025-10-17T04:36:04,2025-10-17T04:38:30,5,98.3
SESS000827,U000146,entertainment_heavy,2025-03-12T03:28:23,2025-03-12T03:33:35,10,196.9
SESS000828,U000146,mixed_scroll,2025-02-14T15:08:35,2025-02-14T15:13:03,9,173.4
SESS000829,U000146,cybersecurity,2025-07-20T06:46:07,2025-07-20T06:47:49,4,76.0
SESS000830,U000146,mixed_scroll,2025-08-01T23:16:13,2025-08-01T23:18:36,5,98.0
SESS000831,U000146,entertainment_heavy,2025-10-21T17:19:19,2025-10-21T17:23:36,8,174.6
SESS000832,U000146,entertainment_heavy,2025-10-06T18:34:37,2025-10-06T18:37:43,6,106.0
SESS000833,U000147,backend_cloud,2025-01-22T16:29:19,2025-01-22T16:35:14,10,250.5
SESS000834,U000147,backend_cloud,2025-10-17T02:50:10,2025-10-17T02:52:41,7,83.0
SESS000835,U000147,gaming_hardware,2025-02-18T17:22:11,2025-02-18T17:26:39,7,180.1
SESS000836,U000147,ai_python,2025-09-01T03:32:50,2025-09-01T03:37:19,9,182.6
SESS000837,U000147,ai_python,2025-06-09T20:05:25,2025-06-09T20:10:27,11,185.2
SESS000838,U000147,mixed_scroll,2025-09-02T02:51:49,2025-09-02T02:52:48,3,21.1
SESS000839,U000147,gaming_hardware,2025-03-18T01:35:49,2025-03-18T01:38:09,5,83.2
SESS000840,U000147,cybersecurity,2025-02-27T09:33:28,2025-02-27T09:34:29,3,19.0
SESS000841,U000148,mixed_scroll,2025-07-14T22:35:08,2025-07-14T22:38:58,8,145.9
SESS000842,U000148,backend_cloud,2025-07-05T20:42:56,2025-07-05T20:45:01,4,78.0
SESS000843,U000148,cybersecurity,2025-02-21T23:32:53,2025-02-21T23:38:19,10,210.1
SESS000844,U000148,mixed_scroll,2025-10-22T06:51:50,2025-10-22T06:54:32,5,101.6
SESS000845,U000149,entertainment_heavy,2025-11-05T11:32:18,2025-11-05T11:37:35,11,194.5
SESS000846,U000149,dsa_java_interview,2025-10-27T10:46:35,2025-10-27T10:47:51,3,47.5
SESS000847,U000149,dsa_java_interview,2025-04-20T18:09:58,2025-04-20T18:13:03,6,129.4
SESS000848,U000149,dsa_java_interview,2025-11-03T11:45:02,2025-11-03T11:49:16,10,184.3
SESS000849,U000149,entertainment_heavy,2025-04-29T03:15:29,2025-04-29T03:19:08,9,128.4
SESS000850,U000150,cybersecurity,2025-07-22T11:04:48,2025-07-22T11:09:02,10,166.9
SESS000851,U000150,gaming_hardware,2025-03-14T18:45:03,2025-03-14T18:47:36,4,103.0
SESS000852,U000150,dsa_java_interview,2025-03-05T20:09:28,2025-03-05T20:15:50,12,239.5
SESS000853,U000151,backend_cloud,2025-06-21T05:35:41,2025-06-21T05:37:44,4,78.4
SESS000854,U000151,ai_python,2025-07-08T04:41:21,2025-07-08T04:44:13,6,109.2
SESS000855,U000151,dsa_java_interview,2025-05-17T02:34:12,2025-05-17T02:36:57,4,106.8
SESS000856,U000152,mixed_scroll,2025-05-23T15:39:07,2025-05-23T15:40:59,4,80.9
SESS000857,U000152,entertainment_heavy,2025-02-04T14:07:53,2025-02-04T14:13:42,8,256.0
SESS000858,U000152,cybersecurity,2025-07-20T10:39:36,2025-07-20T10:43:07,6,137.5
SESS000859,U000152,ai_python,2025-03-31T22:23:04,2025-03-31T22:28:16,11,183.1
SESS000860,U000152,backend_cloud,2025-03-23T12:15:02,2025-03-23T12:17:47,7,90.5
SESS000861,U000152,mixed_scroll,2025-09-30T23:37:19,2025-09-30T23:39:19,6,54.9
SESS000862,U000152,backend_cloud,2025-08-03T03:36:33,2025-08-03T03:38:42,7,77.4
SESS000863,U000153,backend_cloud,2025-10-24T06:19:23,2025-10-24T06:25:55,10,250.2
SESS000864,U000153,cybersecurity,2025-04-08T13:10:43,2025-04-08T13:13:17,5,108.5
SESS000865,U000153,dsa_java_interview,2025-09-02T05:00:50,2025-09-02T05:04:09,8,104.9
SESS000866,U000154,gaming_hardware,2025-03-23T05:57:09,2025-03-23T06:02:44,11,213.8
SESS000867,U000154,ai_python,2025-08-11T08:22:08,2025-08-11T08:23:22,3,34.2
SESS000868,U000154,ai_python,2025-09-15T09:50:40,2025-09-15T09:53:14,5,114.3
SESS000869,U000154,entertainment_heavy,2025-06-19T13:16:03,2025-06-19T13:19:20,5,146.4
SESS000870,U000155,gaming_hardware,2025-01-11T14:54:25,2025-01-11T15:00:01,10,209.4
SESS000871,U000155,backend_cloud,2025-01-07T06:56:30,2025-01-07T07:02:05,11,215.4
SESS000872,U000155,mixed_scroll,2025-11-24T03:19:16,2025-11-24T03:24:24,12,199.6
SESS000873,U000155,ai_python,2025-11-14T16:31:17,2025-11-14T16:34:10,5,122.2
SESS000874,U000155,backend_cloud,2025-01-26T00:01:42,2025-01-26T00:06:33,12,171.1
SESS000875,U000155,mixed_scroll,2025-04-20T01:43:54,2025-04-20T01:50:28,12,241.3
SESS000876,U000155,ai_python,2025-04-16T06:29:07,2025-04-16T06:30:42,3,59.8
SESS000877,U000156,mixed_scroll,2025-05-16T16:05:27,2025-05-16T16:09:28,8,155.8
SESS000878,U000156,ai_python,2025-09-08T08:05:13,2025-09-08T08:08:29,7,119.0
SESS000879,U000156,mixed_scroll,2025-02-23T08:02:38,2025-02-23T08:07:35,6,223.2
SESS000880,U000156,backend_cloud,2025-07-31T00:28:49,2025-07-31T00:34:53,10,263.2
SESS000881,U000156,backend_cloud,2025-03-02T08:24:46,2025-03-02T08:27:06,4,102.2
SESS000882,U000156,backend_cloud,2025-07-04T20:35:07,2025-07-04T20:40:12,10,193.1
SESS000883,U000156,cybersecurity,2025-08-31T06:48:40,2025-08-31T06:50:13,3,71.4
SESS000884,U000156,dsa_java_interview,2025-09-26T19:54:38,2025-09-26T19:57:04,4,111.1
SESS000885,U000157,dsa_java_interview,2025-10-21T21:18:47,2025-10-21T21:20:50,3,90.5
SESS000886,U000157,ai_python,2025-02-27T12:57:44,2025-02-27T13:02:11,9,148.4
SESS000887,U000157,backend_cloud,2025-04-05T07:13:15,2025-04-05T07:15:51,5,91.1
SESS000888,U000157,ai_python,2025-10-26T04:20:12,2025-10-26T04:25:41,7,253.0
SESS000889,U000158,mixed_scroll,2025-11-25T18:35:47,2025-11-25T18:38:30,7,75.2
SESS000890,U000158,ai_python,2025-09-14T21:35:59,2025-09-14T21:40:52,12,177.9
SESS000891,U000158,backend_cloud,2025-03-06T06:53:17,2025-03-06T06:56:21,6,110.7
SESS000892,U000158,dsa_java_interview,2025-11-05T16:53:06,2025-11-05T16:56:11,7,97.9
SESS000893,U000158,gaming_hardware,2025-04-24T03:46:52,2025-04-24T03:48:54,6,61.4
SESS000894,U000158,gaming_hardware,2025-05-29T08:53:02,2025-05-29T08:57:32,11,153.8
SESS000895,U000159,dsa_java_interview,2025-11-05T19:48:48,2025-11-05T19:54:32,9,227.9
SESS000896,U000159,gaming_hardware,2025-11-28T06:37:55,2025-11-28T06:39:00,3,34.6
SESS000897,U000159,mixed_scroll,2025-03-29T08:33:32,2025-03-29T08:37:16,7,128.9
SESS000898,U000159,cybersecurity,2025-11-22T00:54:41,2025-11-22T00:58:24,11,119.2
SESS000899,U000159,mixed_scroll,2025-07-16T09:46:56,2025-07-16T09:49:17,4,96.3
SESS000900,U000160,mixed_scroll,2025-03-27T07:39:48,2025-03-27T07:42:09,5,79.9
SESS000901,U000160,entertainment_heavy,2025-07-25T15:19:33,2025-07-25T15:24:27,11,152.1
SESS000902,U000160,mixed_scroll,2025-02-16T15:45:36,2025-02-16T15:47:41,6,67.1
SESS000903,U000160,ai_python,2025-10-12T19:30:25,2025-10-12T19:31:56,3,68.5
SESS000904,U000160,dsa_java_interview,2025-01-13T03:30:23,2025-01-13T03:32:48,4,98.8
SESS000905,U000160,dsa_java_interview,2025-01-29T07:49:12,2025-01-29T07:55:46,11,272.1
SESS000906,U000160,gaming_hardware,2025-09-26T07:19:07,2025-09-26T07:21:30,5,93.0
SESS000907,U000160,dsa_java_interview,2025-05-24T23:00:44,2025-05-24T23:04:00,7,114.1
SESS000908,U000161,ai_python,2025-02-07T13:07:53,2025-02-07T13:09:38,3,69.7
SESS000909,U000161,ai_python,2025-03-09T05:14:15,2025-03-09T05:19:37,12,218.5
SESS000910,U000161,backend_cloud,2025-09-28T21:37:08,2025-09-28T21:41:07,7,149.8
SESS000911,U000162,backend_cloud,2025-05-25T16:22:37,2025-05-25T16:25:42,4,143.1
SESS000912,U000162,mixed_scroll,2025-08-12T01:24:57,2025-08-12T01:26:28,4,53.8
SESS000913,U000162,backend_cloud,2025-09-19T20:23:04,2025-09-19T20:29:55,12,269.3
SESS000914,U000162,dsa_java_interview,2025-11-18T01:57:03,2025-11-18T02:02:35,12,181.9
SESS000915,U000162,cybersecurity,2025-11-21T22:53:31,2025-11-21T22:56:52,7,131.3
SESS000916,U000162,entertainment_heavy,2025-03-08T12:04:35,2025-03-08T12:07:14,6,104.1
SESS000917,U000162,backend_cloud,2025-05-08T14:22:18,2025-05-08T14:23:52,3,67.7
SESS000918,U000163,cybersecurity,2025-07-23T14:41:53,2025-07-23T14:45:18,6,147.5
SESS000919,U000163,mixed_scroll,2025-05-09T19:22:39,2025-05-09T19:25:29,6,120.0
SESS000920,U000163,mixed_scroll,2025-04-25T19:26:32,2025-04-25T19:32:02,11,232.1
SESS000921,U000164,gaming_hardware,2025-10-12T03:26:27,2025-10-12T03:31:21,10,209.2
SESS000922,U000164,gaming_hardware,2025-07-13T03:18:23,2025-07-13T03:20:45,6,83.2
SESS000923,U000164,mixed_scroll,2025-07-31T07:46:12,2025-07-31T07:48:18,4,68.8
SESS000924,U000165,gaming_hardware,2025-01-10T07:07:51,2025-01-10T07:12:24,10,109.0
SESS000925,U000165,mixed_scroll,2025-01-20T05:21:08,2025-01-20T05:25:22,8,179.8
SESS000926,U000165,backend_cloud,2025-05-13T14:08:36,2025-05-13T14:11:46,6,128.6
SESS000927,U000166,entertainment_heavy,2025-09-09T14:46:07,2025-09-09T14:48:38,6,77.6
SESS000928,U000166,cybersecurity,2025-01-04T12:10:03,2025-01-04T12:14:16,11,145.6
SESS000929,U000166,backend_cloud,2025-01-08T16:46:42,2025-01-08T16:50:42,9,162.5
SESS000930,U000166,gaming_hardware,2025-07-30T06:59:02,2025-07-30T07:04:20,9,210.9
SESS000931,U000166,entertainment_heavy,2025-09-11T06:57:41,2025-09-11T06:58:37,3,26.6
SESS000932,U000166,cybersecurity,2025-03-25T22:46:14,2025-03-25T22:51:34,12,190.4
SESS000933,U000166,ai_python,2025-10-02T04:19:18,2025-10-02T04:21:02,3,73.7
SESS000934,U000166,cybersecurity,2025-04-09T23:13:11,2025-04-09T23:18:34,10,199.9
SESS000935,U000167,dsa_java_interview,2025-01-30T01:59:05,2025-01-30T02:02:46,7,169.5
SESS000936,U000167,cybersecurity,2025-04-10T15:43:23,2025-04-10T15:46:13,4,134.3
SESS000937,U000167,dsa_java_interview,2025-07-17T22:14:35,2025-07-17T22:17:03,3,113.7
SESS000938,U000167,entertainment_heavy,2025-08-19T09:43:57,2025-08-19T09:48:43,9,199.9
SESS000939,U000167,cybersecurity,2025-02-01T11:48:45,2025-02-01T11:53:55,10,189.0
SESS000940,U000168,mixed_scroll,2025-04-14T05:32:15,2025-04-14T05:38:17,12,268.9
SESS000941,U000168,backend_cloud,2025-07-16T01:23:09,2025-07-16T01:26:26,10,107.2
SESS000942,U000168,cybersecurity,2025-03-15T03:04:06,2025-03-15T03:07:36,9,121.4
SESS000943,U000168,gaming_hardware,2025-02-23T21:15:35,2025-02-23T21:21:30,10,249.3
SESS000944,U000168,mixed_scroll,2025-11-07T21:31:56,2025-11-07T21:33:28,4,56.7
SESS000945,U000168,ai_python,2025-07-20T02:30:03,2025-07-20T02:32:29,6,84.9
SESS000946,U000169,ai_python,2025-04-02T16:37:39,2025-04-02T16:40:41,6,119.6
SESS000947,U000169,entertainment_heavy,2025-03-29T16:17:40,2025-03-29T16:23:08,12,223.4
SESS000948,U000169,mixed_scroll,2025-01-10T22:26:16,2025-01-10T22:31:10,8,209.4
SESS000949,U000169,ai_python,2025-03-06T12:33:17,2025-03-06T12:38:02,10,144.2
SESS000950,U000169,gaming_hardware,2025-01-14T17:58:54,2025-01-14T18:01:27,4,96.9
SESS000951,U000169,ai_python,2025-01-29T02:25:25,2025-01-29T02:30:26,8,198.6
SESS000952,U000169,backend_cloud,2025-06-16T15:44:59,2025-06-16T15:50:15,11,198.4
SESS000953,U000169,gaming_hardware,2025-11-25T14:32:59,2025-11-25T14:35:43,5,105.7
SESS000954,U000170,cybersecurity,2025-08-19T11:56:04,2025-08-19T12:00:12,11,131.7
SESS000955,U000170,ai_python,2025-01-26T12:53:34,2025-01-26T12:57:32,10,149.5
SESS000956,U000170,gaming_hardware,2025-03-06T23:38:28,2025-03-06T23:41:46,5,122.9
SESS000957,U000170,backend_cloud,2025-04-16T10:55:08,2025-04-16T11:00:01,9,207.0
SESS000958,U000170,ai_python,2025-06-30T20:46:03,2025-06-30T20:47:47,3,54.3
SESS000959,U000170,dsa_java_interview,2025-05-06T05:48:09,2025-05-06T05:50:49,5,94.8
SESS000960,U000170,dsa_java_interview,2025-11-20T13:53:38,2025-11-20T13:55:44,4,69.6
SESS000961,U000171,entertainment_heavy,2025-07-08T23:07:30,2025-07-08T23:10:41,7,113.5
SESS000962,U000171,cybersecurity,2025-06-12T14:22:28,2025-06-12T14:25:55,5,143.0
SESS000963,U000171,dsa_java_interview,2025-07-07T17:30:15,2025-07-07T17:33:26,7,156.1
SESS000964,U000171,mixed_scroll,2025-02-14T03:06:53,2025-02-14T03:11:18,9,184.0
SESS000965,U000171,gaming_hardware,2025-01-04T12:55:49,2025-01-04T12:57:41,6,59.5
SESS000966,U000172,ai_python,2025-05-28T10:39:56,2025-05-28T10:43:57,5,180.2
SESS000967,U000172,entertainment_heavy,2025-06-13T08:13:43,2025-06-13T08:16:03,4,87.6
SESS000968,U000172,backend_cloud,2025-02-19T08:19:09,2025-02-19T08:25:50,11,274.3
SESS000969,U000172,dsa_java_interview,2025-05-08T10:29:22,2025-05-08T10:32:39,6,127.6
SESS000970,U000173,gaming_hardware,2025-09-23T22:24:40,2025-09-23T22:25:51,3,36.8
SESS000971,U000173,dsa_java_interview,2025-11-04T11:24:23,2025-11-04T11:27:51,6,146.2
SESS000972,U000173,gaming_hardware,2025-02-26T06:52:58,2025-02-26T06:58:21,11,218.8
SESS000973,U000173,ai_python,2025-07-18T23:27:29,2025-07-18T23:33:29,12,227.7
SESS000974,U000173,ai_python,2025-07-07T11:04:53,2025-07-07T11:07:29,4,114.9
SESS000975,U000174,cybersecurity,2025-11-09T13:17:20,2025-11-09T13:22:41,11,197.8
SESS000976,U000174,gaming_hardware,2025-04-22T18:28:28,2025-04-22T18:36:14,10,332.2
SESS000977,U000174,mixed_scroll,2025-07-02T23:29:15,2025-07-02T23:30:24,4,40.4
SESS000978,U000174,cybersecurity,2025-11-24T06:03:54,2025-11-24T06:09:25,11,202.4
SESS000979,U000174,backend_cloud,2025-07-26T02:59:50,2025-07-26T03:03:00,8,115.5
SESS000980,U000174,entertainment_heavy,2025-07-10T14:42:55,2025-07-10T14:47:49,10,186.5
SESS000981,U000175,gaming_hardware,2025-02-09T13:48:41,2025-02-09T13:51:12,6,102.9
SESS000982,U000175,mixed_scroll,2025-08-18T15:36:01,2025-08-18T15:41:49,10,258.5
SESS000983,U000175,backend_cloud,2025-08-14T10:02:03,2025-08-14T10:06:57,8,188.4
SESS000984,U000175,dsa_java_interview,2025-04-16T04:52:15,2025-04-16T04:59:20,12,277.0
SESS000985,U000176,backend_cloud,2025-06-27T21:49:38,2025-06-27T21:53:18,5,156.0
SESS000986,U000176,backend_cloud,2025-07-16T00:18:28,2025-07-16T00:25:32,12,291.0
SESS000987,U000176,dsa_java_interview,2025-03-28T07:37:50,2025-03-28T07:41:11,8,131.2
SESS000988,U000176,backend_cloud,2025-06-13T00:42:23,2025-06-13T00:44:20,4,76.9
SESS000989,U000176,mixed_scroll,2025-02-26T22:43:53,2025-02-26T22:46:17,6,100.8
SESS000990,U000177,cybersecurity,2025-09-13T06:49:27,2025-09-13T06:54:46,8,246.8
SESS000991,U000177,backend_cloud,2025-04-21T22:23:20,2025-04-21T22:29:38,9,252.4
SESS000992,U000177,ai_python,2025-01-03T06:32:20,2025-01-03T06:40:06,12,310.0
SESS000993,U000177,entertainment_heavy,2025-06-02T18:58:47,2025-06-02T19:05:52,11,296.3
SESS000994,U000177,cybersecurity,2025-01-21T04:56:55,2025-01-21T04:57:57,3,37.8
SESS000995,U000177,gaming_hardware,2025-03-13T12:01:15,2025-03-13T12:04:16,5,148.0
SESS000996,U000178,ai_python,2025-02-04T08:01:52,2025-02-04T08:09:52,11,371.0
SESS000997,U000178,gaming_hardware,2025-05-09T16:22:32,2025-05-09T16:26:15,6,165.6
SESS000998,U000178,entertainment_heavy,2025-09-13T10:48:54,2025-09-13T10:52:04,6,134.7
SESS000999,U000178,backend_cloud,2025-05-14T03:37:12,2025-05-14T03:39:58,6,97.8
SESS001000,U000179,entertainment_heavy,2025-05-04T07:42:06,2025-05-04T07:47:15,12,196.2
SESS001001,U000179,entertainment_heavy,2025-07-12T09:43:30,2025-07-12T09:50:20,11,306.3
SESS001002,U000179,mixed_scroll,2025-02-18T23:06:54,2025-02-18T23:11:53,10,200.7
SESS001003,U000179,gaming_hardware,2025-05-14T20:38:02,2025-05-14T20:42:16,9,172.5
SESS001004,U000180,dsa_java_interview,2025-06-22T04:17:20,2025-06-22T04:19:52,5,84.2
SESS001005,U000180,cybersecurity,2025-08-15T21:51:30,2025-08-15T21:58:21,11,276.8
SESS001006,U000180,backend_cloud,2025-04-07T09:01:13,2025-04-07T09:05:01,8,147.0
SESS001007,U000180,gaming_hardware,2025-04-29T23:03:55,2025-04-29T23:06:08,3,101.7
SESS001008,U000181,dsa_java_interview,2025-08-11T20:08:58,2025-08-11T20:13:07,10,149.2
SESS001009,U000181,gaming_hardware,2025-07-30T02:20:12,2025-07-30T02:25:42,9,241.6
SESS001010,U000181,backend_cloud,2025-01-22T20:04:11,2025-01-22T20:08:57,11,176.6
SESS001011,U000181,ai_python,2025-06-10T22:46:24,2025-06-10T22:49:09,6,100.1
SESS001012,U000181,ai_python,2025-01-22T06:05:53,2025-01-22T06:07:21,4,54.3
SESS001013,U000181,cybersecurity,2025-10-26T15:04:26,2025-10-26T15:08:04,7,137.8
SESS001014,U000182,backend_cloud,2025-08-29T21:19:28,2025-08-29T21:25:02,11,207.1
SESS001015,U000182,entertainment_heavy,2025-06-17T20:35:22,2025-06-17T20:37:23,4,88.3
SESS001016,U000182,gaming_hardware,2025-01-07T02:03:57,2025-01-07T02:09:19,6,252.7
SESS001017,U000182,cybersecurity,2025-03-06T21:58:41,2025-03-06T22:04:48,10,273.3
SESS001018,U000182,dsa_java_interview,2025-07-25T12:43:30,2025-07-25T12:48:07,8,195.2
SESS001019,U000183,ai_python,2025-02-12T08:46:59,2025-02-12T08:52:10,11,212.5
SESS001020,U000183,entertainment_heavy,2025-10-23T04:53:47,2025-10-23T04:58:14,6,191.0
SESS001021,U000183,ai_python,2025-10-25T03:59:02,2025-10-25T04:02:42,7,131.3
SESS001022,U000183,ai_python,2025-11-14T02:56:57,2025-11-14T03:00:51,7,137.8
SESS001023,U000183,cybersecurity,2025-06-19T21:32:44,2025-06-19T21:33:24,3,27.7
SESS001024,U000183,mixed_scroll,2025-04-26T11:27:02,2025-04-26T11:31:39,7,200.2
SESS001025,U000183,entertainment_heavy,2025-10-16T01:47:59,2025-10-16T01:51:39,6,149.2
SESS001026,U000184,dsa_java_interview,2025-06-24T19:09:21,2025-06-24T19:13:49,8,174.5
SESS001027,U000184,cybersecurity,2025-09-26T21:20:53,2025-09-26T21:23:14,7,73.7
SESS001028,U000184,cybersecurity,2025-01-06T01:27:21,2025-01-06T01:29:09,4,56.5
SESS001029,U000184,entertainment_heavy,2025-07-07T01:39:28,2025-07-07T01:42:31,7,131.4
SESS001030,U000184,gaming_hardware,2025-03-27T09:36:05,2025-03-27T09:39:30,8,122.3
SESS001031,U000184,mixed_scroll,2025-03-05T04:27:42,2025-03-05T04:32:13,8,199.3
SESS001032,U000184,cybersecurity,2025-03-28T11:14:29,2025-03-28T11:17:43,6,117.6
SESS001033,U000185,gaming_hardware,2025-05-24T03:37:51,2025-05-24T03:41:25,5,183.6
SESS001034,U000185,backend_cloud,2025-08-22T18:02:20,2025-08-22T18:04:51,5,111.1
SESS001035,U000185,gaming_hardware,2025-06-05T03:13:32,2025-06-05T03:18:55,12,220.8
SESS001036,U000186,backend_cloud,2025-08-29T12:44:20,2025-08-29T12:49:02,10,219.9
SESS001037,U000186,cybersecurity,2025-08-14T12:51:59,2025-08-14T12:57:57,10,262.2
SESS001038,U000186,dsa_java_interview,2025-06-10T23:13:30,2025-06-10T23:16:57,6,150.2
SESS001039,U000186,cybersecurity,2025-11-16T03:06:43,2025-11-16T03:11:18,10,165.9
SESS001040,U000186,entertainment_heavy,2025-10-12T09:15:40,2025-10-12T09:21:53,11,256.4
SESS001041,U000186,mixed_scroll,2025-03-31T00:45:35,2025-03-31T00:51:44,11,230.8
SESS001042,U000186,cybersecurity,2025-05-15T18:39:05,2025-05-15T18:40:32,4,33.3
SESS001043,U000186,backend_cloud,2025-02-18T13:01:10,2025-02-18T13:03:01,4,66.2
SESS001044,U000187,backend_cloud,2025-01-11T10:41:16,2025-01-11T10:43:54,4,95.6
SESS001045,U000187,ai_python,2025-04-28T22:29:40,2025-04-28T22:35:44,11,256.3
SESS001046,U000187,ai_python,2025-02-18T12:46:51,2025-02-18T12:50:48,8,157.5
SESS001047,U000187,cybersecurity,2025-03-04T19:03:11,2025-03-04T19:07:44,9,197.1
SESS001048,U000188,ai_python,2025-06-06T02:32:36,2025-06-06T02:35:58,7,149.2
SESS001049,U000188,gaming_hardware,2025-11-20T11:52:59,2025-11-20T11:56:43,5,149.1
SESS001050,U000188,dsa_java_interview,2025-03-11T20:12:12,2025-03-11T20:13:14,3,32.9
SESS001051,U000189,backend_cloud,2025-04-24T08:39:21,2025-04-24T08:41:03,3,76.1
SESS001052,U000189,dsa_java_interview,2025-01-13T15:15:36,2025-01-13T15:18:38,5,117.2
SESS001053,U000189,backend_cloud,2025-10-17T21:51:07,2025-10-17T21:56:52,10,223.8
SESS001054,U000189,gaming_hardware,2025-07-03T16:05:13,2025-07-03T16:08:11,5,114.5
SESS001055,U000189,mixed_scroll,2025-04-24T23:42:42,2025-04-24T23:48:05,9,224.0
SESS001056,U000189,entertainment_heavy,2025-06-18T14:08:45,2025-06-18T14:13:32,8,207.2
SESS001057,U000189,mixed_scroll,2025-09-07T16:14:29,2025-09-07T16:17:23,4,114.2
SESS001058,U000190,backend_cloud,2025-08-16T07:33:39,2025-08-16T07:37:41,7,156.3
SESS001059,U000190,cybersecurity,2025-02-22T00:42:05,2025-02-22T00:47:09,12,167.5
SESS001060,U000190,mixed_scroll,2025-06-16T01:32:23,2025-06-16T01:37:31,11,192.1
SESS001061,U000190,backend_cloud,2025-11-14T18:09:47,2025-11-14T18:13:02,7,122.3
SESS001062,U000190,backend_cloud,2025-03-07T04:14:30,2025-03-07T04:18:24,10,146.6
SESS001063,U000190,ai_python,2025-03-13T00:05:55,2025-03-13T00:08:38,6,134.1
SESS001064,U000190,entertainment_heavy,2025-11-06T09:48:52,2025-11-06T09:51:48,6,115.0
SESS001065,U000191,backend_cloud,2025-05-28T20:35:53,2025-05-28T20:39:21,7,149.1
SESS001066,U000191,dsa_java_interview,2025-10-09T11:26:19,2025-10-09T11:29:44,6,125.4
SESS001067,U000191,cybersecurity,2025-05-22T16:02:52,2025-05-22T16:06:44,9,158.5
SESS001068,U000191,mixed_scroll,2025-09-16T04:55:10,2025-09-16T04:58:41,6,144.1
SESS001069,U000192,dsa_java_interview,2025-08-11T03:55:48,2025-08-11T03:57:39,4,77.7
SESS001070,U000192,entertainment_heavy,2025-06-16T20:08:45,2025-06-16T20:10:57,4,105.0
SESS001071,U000192,mixed_scroll,2025-11-23T19:46:29,2025-11-23T19:50:03,5,157.7
SESS001072,U000192,dsa_java_interview,2025-05-26T13:43:01,2025-05-26T13:49:43,12,290.5
SESS001073,U000192,ai_python,2025-09-02T19:54:14,2025-09-02T19:59:44,8,229.8
SESS001074,U000192,backend_cloud,2025-10-30T16:13:53,2025-10-30T16:15:38,4,71.7
SESS001075,U000192,mixed_scroll,2025-09-21T05:02:24,2025-09-21T05:08:53,11,259.6
SESS001076,U000193,mixed_scroll,2025-08-07T22:33:15,2025-08-07T22:35:59,5,106.6
SESS001077,U000193,backend_cloud,2025-09-06T19:34:48,2025-09-06T19:36:21,4,74.2
SESS001078,U000193,dsa_java_interview,2025-02-27T09:34:13,2025-02-27T09:38:23,10,168.9
SESS001079,U000194,entertainment_heavy,2025-01-06T11:52:47,2025-01-06T11:59:00,12,217.2
SESS001080,U000194,entertainment_heavy,2025-10-02T21:34:41,2025-10-02T21:36:22,3,54.4
SESS001081,U000194,dsa_java_interview,2025-06-22T06:01:57,2025-06-22T06:06:17,9,156.8
SESS001082,U000195,ai_python,2025-04-25T20:41:45,2025-04-25T20:44:54,5,130.9
SESS001083,U000195,gaming_hardware,2025-07-30T15:57:13,2025-07-30T16:00:46,7,156.1
SESS001084,U000195,entertainment_heavy,2025-08-12T06:16:15,2025-08-12T06:18:15,3,100.1
SESS001085,U000195,ai_python,2025-10-01T05:12:58,2025-10-01T05:20:01,10,319.1
SESS001086,U000195,cybersecurity,2025-08-07T04:12:39,2025-08-07T04:19:10,11,258.8
SESS001087,U000196,ai_python,2025-03-24T13:46:57,2025-03-24T13:52:47,12,221.3
SESS001088,U000196,gaming_hardware,2025-04-30T13:55:39,2025-04-30T14:01:28,11,238.9
SESS001089,U000196,ai_python,2025-03-24T13:06:26,2025-03-24T13:11:07,8,159.5
SESS001090,U000196,dsa_java_interview,2025-03-28T13:30:33,2025-03-28T13:36:08,12,202.8
SESS001091,U000196,entertainment_heavy,2025-10-28T17:51:12,2025-10-28T17:57:26,11,246.8
SESS001092,U000197,mixed_scroll,2025-06-23T06:28:22,2025-06-23T06:32:39,9,151.4
SESS001093,U000197,dsa_java_interview,2025-03-18T10:42:51,2025-03-18T10:49:21,12,282.8
SESS001094,U000197,mixed_scroll,2025-01-09T11:31:47,2025-01-09T11:35:37,8,157.8
SESS001095,U000197,dsa_java_interview,2025-09-18T09:29:54,2025-09-18T09:33:38,8,143.9
SESS001096,U000198,entertainment_heavy,2025-04-19T22:57:25,2025-04-19T23:03:09,8,263.0
SESS001097,U000198,mixed_scroll,2025-11-09T01:33:59,2025-11-09T01:36:23,4,96.5
SESS001098,U000198,cybersecurity,2025-10-25T18:13:27,2025-10-25T18:17:24,8,163.3
SESS001099,U000198,gaming_hardware,2025-10-22T12:14:52,2025-10-22T12:18:50,7,168.7
SESS001100,U000198,dsa_java_interview,2025-06-01T16:34:12,2025-06-01T16:40:41,12,300.2
SESS001101,U000198,ai_python,2025-05-25T13:02:38,2025-05-25T13:06:56,9,143.8
SESS001102,U000199,gaming_hardware,2025-10-20T15:52:53,2025-10-20T15:55:17,7,92.1
SESS001103,U000199,dsa_java_interview,2025-03-16T00:13:01,2025-03-16T00:14:24,3,64.0
SESS001104,U000199,mixed_scroll,2025-03-10T15:25:31,2025-03-10T15:29:41,11,155.1
SESS001105,U000199,gaming_hardware,2025-06-21T18:28:34,2025-06-21T18:31:13,6,115.0
SESS001106,U000199,gaming_hardware,2025-04-22T13:05:37,2025-04-22T13:09:34,9,129.1
SESS001107,U000200,cybersecurity,2025-05-12T01:52:56,2025-05-12T01:55:08,4,85.4
SESS001108,U000200,ai_python,2025-06-21T21:16:51,2025-06-21T21:19:00,4,72.0
SESS001109,U000200,entertainment_heavy,2025-03-21T04:14:15,2025-03-21T04:17:49,6,147.0
SESS001110,U000200,cybersecurity,2025-01-28T09:53:22,2025-01-28T09:56:26,6,124.2
SESS001111,U000200,entertainment_heavy,2025-07-05T19:31:27,2025-07-05T19:33:33,4,80.9
SESS001112,U000200,ai_python,2025-05-16T13:48:01,2025-05-16T13:49:51,6,57.6
SESS001113,U000200,entertainment_heavy,2025-05-29T20:47:29,2025-05-29T20:48:57,6,47.2
SESS001114,U000201,mixed_scroll,2025-11-24T18:10:25,2025-11-24T18:14:25,9,162.9
SESS001115,U000201,dsa_java_interview,2025-03-29T05:38:19,2025-03-29T05:43:57,11,265.4
SESS001116,U000201,dsa_java_interview,2025-02-18T06:20:25,2025-02-18T06:21:32,3,52.0
SESS001117,U000201,ai_python,2025-08-22T03:27:20,2025-08-22T03:32:08,8,215.0
SESS001118,U000201,ai_python,2025-06-08T15:10:29,2025-06-08T15:12:29,4,79.9
SESS001119,U000201,dsa_java_interview,2025-09-18T19:01:09,2025-09-18T19:07:13,7,300.1
SESS001120,U000201,entertainment_heavy,2025-09-24T19:46:29,2025-09-24T19:50:43,7,175.5
SESS001121,U000202,ai_python,2025-10-30T01:46:36,2025-10-30T01:48:38,4,92.1
SESS001122,U000202,ai_python,2025-03-15T01:34:42,2025-03-15T01:40:26,12,237.8
SESS001123,U000202,gaming_hardware,2025-07-18T19:18:47,2025-07-18T19:21:39,7,117.8
SESS001124,U000203,backend_cloud,2025-01-30T19:21:24,2025-01-30T19:26:19,9,201.4
SESS001125,U000203,backend_cloud,2025-01-21T07:44:34,2025-01-21T07:47:37,5,154.3
SESS001126,U000203,cybersecurity,2025-08-20T18:25:15,2025-08-20T18:29:13,8,163.1
SESS001127,U000203,dsa_java_interview,2025-09-19T20:58:23,2025-09-19T21:00:43,5,88.9
SESS001128,U000203,mixed_scroll,2025-10-23T05:04:29,2025-10-23T05:06:21,3,80.2
SESS001129,U000203,entertainment_heavy,2025-07-10T10:26:09,2025-07-10T10:31:00,8,202.9
SESS001130,U000203,gaming_hardware,2025-07-06T00:26:03,2025-07-06T00:28:40,5,110.0
SESS001131,U000203,dsa_java_interview,2025-02-19T01:40:02,2025-02-19T01:44:38,8,209.9
SESS001132,U000204,mixed_scroll,2025-06-26T15:43:32,2025-06-26T15:49:01,12,215.6
SESS001133,U000204,ai_python,2025-08-31T18:45:08,2025-08-31T18:48:18,6,113.7
SESS001134,U000204,dsa_java_interview,2025-09-20T03:56:00,2025-09-20T03:58:42,4,122.1
SESS001135,U000204,cybersecurity,2025-04-01T08:42:30,2025-04-01T08:43:44,4,38.4
SESS001136,U000204,mixed_scroll,2025-06-03T14:45:55,2025-06-03T14:49:27,7,131.2
SESS001137,U000204,entertainment_heavy,2025-04-29T07:02:34,2025-04-29T07:06:58,10,168.8
SESS001138,U000204,backend_cloud,2025-07-31T17:22:53,2025-07-31T17:26:13,6,141.6
SESS001139,U000205,gaming_hardware,2025-10-16T00:31:57,2025-10-16T00:33:05,3,42.8
SESS001140,U000205,gaming_hardware,2025-05-01T10:00:04,2025-05-01T10:06:54,11,274.8
SESS001141,U000205,cybersecurity,2025-02-26T18:18:59,2025-02-26T18:22:12,6,127.7
SESS001142,U000205,cybersecurity,2025-11-15T02:32:37,2025-11-15T02:36:35,10,131.9
SESS001143,U000205,backend_cloud,2025-09-07T22:12:08,2025-09-07T22:17:51,11,213.6
SESS001144,U000206,cybersecurity,2025-06-19T10:58:54,2025-06-19T11:05:29,11,268.5
SESS001145,U000206,dsa_java_interview,2025-11-12T01:48:01,2025-11-12T01:51:18,6,129.8
SESS001146,U000206,gaming_hardware,2025-08-10T16:49:48,2025-08-10T16:52:06,3,122.6
SESS001147,U000206,ai_python,2025-07-02T10:05:14,2025-07-02T10:08:21,5,134.2
SESS001148,U000206,mixed_scroll,2025-08-05T10:01:18,2025-08-05T10:04:42,5,160.1
SESS001149,U000207,dsa_java_interview,2025-06-26T04:57:14,2025-06-26T05:01:14,7,142.5
SESS001150,U000207,mixed_scroll,2025-09-03T06:41:30,2025-09-03T06:48:40,12,331.3
SESS001151,U000207,entertainment_heavy,2025-10-15T12:47:29,2025-10-15T12:49:32,3,98.4
SESS001152,U000208,dsa_java_interview,2025-07-25T05:39:19,2025-07-25T05:42:37,8,97.6
SESS001153,U000208,entertainment_heavy,2025-07-17T01:06:24,2025-07-17T01:10:10,10,123.3
SESS001154,U000208,gaming_hardware,2025-10-03T12:10:43,2025-10-03T12:14:17,10,126.9
SESS001155,U000208,dsa_java_interview,2025-10-10T01:48:56,2025-10-10T01:51:49,9,88.9
SESS001156,U000209,mixed_scroll,2025-04-19T18:17:38,2025-04-19T18:22:04,7,178.2
SESS001157,U000209,entertainment_heavy,2025-08-06T11:19:16,2025-08-06T11:24:46,12,229.0
SESS001158,U000209,backend_cloud,2025-08-14T10:11:45,2025-08-14T10:15:37,6,171.4
SESS001159,U000209,ai_python,2025-07-26T23:39:04,2025-07-26T23:44:02,9,214.1
SESS001160,U000209,entertainment_heavy,2025-03-16T20:16:06,2025-03-16T20:18:41,6,84.4
SESS001161,U000209,cybersecurity,2025-08-04T10:27:50,2025-08-04T10:32:59,10,197.5
SESS001162,U000209,entertainment_heavy,2025-10-09T22:45:34,2025-10-09T22:51:16,11,204.8
SESS001163,U000209,backend_cloud,2025-06-08T05:58:06,2025-06-08T06:02:54,10,198.3
SESS001164,U000210,mixed_scroll,2025-03-20T06:30:16,2025-03-20T06:33:47,5,177.4
SESS001165,U000210,entertainment_heavy,2025-04-13T03:44:01,2025-04-13T03:46:09,4,83.5
SESS001166,U000210,cybersecurity,2025-02-08T23:22:42,2025-02-08T23:24:27,3,89.0
SESS001167,U000210,mixed_scroll,2025-03-03T00:38:34,2025-03-03T00:44:23,10,224.2
SESS001168,U000210,mixed_scroll,2025-06-13T22:34:10,2025-06-13T22:37:57,7,152.3
SESS001169,U000210,ai_python,2025-11-05T12:17:12,2025-11-05T12:18:43,4,42.5
SESS001170,U000210,mixed_scroll,2025-01-14T23:03:12,2025-01-14T23:05:34,4,88.6
SESS001171,U000211,backend_cloud,2025-08-08T09:18:36,2025-08-08T09:19:35,3,26.3
SESS001172,U000211,dsa_java_interview,2025-02-24T23:55:45,2025-02-25T00:00:17,6,187.6
SESS001173,U000211,entertainment_heavy,2025-02-20T01:22:31,2025-02-20T01:24:52,3,113.2
SESS001174,U000211,dsa_java_interview,2025-06-30T06:08:46,2025-06-30T06:15:57,11,319.5
SESS001175,U000211,dsa_java_interview,2025-05-30T15:25:03,2025-05-30T15:31:56,10,294.7
SESS001176,U000211,mixed_scroll,2025-03-28T11:59:36,2025-03-28T12:01:54,3,109.7
SESS001177,U000211,cybersecurity,2025-02-20T09:04:39,2025-02-20T09:10:26,8,261.1
SESS001178,U000212,mixed_scroll,2025-09-09T04:04:03,2025-09-09T04:05:49,4,50.2
SESS001179,U000212,entertainment_heavy,2025-02-21T01:23:42,2025-02-21T01:26:45,6,143.3
SESS001180,U000212,gaming_hardware,2025-06-09T01:01:12,2025-06-09T01:04:24,6,116.0
SESS001181,U000212,gaming_hardware,2025-08-16T03:12:50,2025-08-16T03:17:30,9,173.4
SESS001182,U000213,dsa_java_interview,2025-03-05T00:20:39,2025-03-05T00:23:24,4,119.5
SESS001183,U000213,cybersecurity,2025-07-30T00:18:33,2025-07-30T00:19:58,3,41.1
SESS001184,U000213,cybersecurity,2025-02-16T18:01:59,2025-02-16T18:06:20,7,160.5
SESS001185,U000213,entertainment_heavy,2025-09-06T10:36:46,2025-09-06T10:38:32,4,60.9
SESS001186,U000213,backend_cloud,2025-08-09T07:15:05,2025-08-09T07:22:33,12,310.3
SESS001187,U000213,gaming_hardware,2025-10-31T12:25:00,2025-10-31T12:29:55,9,198.7
SESS001188,U000214,mixed_scroll,2025-11-02T19:46:55,2025-11-02T19:49:56,5,92.9
SESS001189,U000214,mixed_scroll,2025-03-16T05:03:57,2025-03-16T05:07:56,8,162.7
SESS001190,U000214,dsa_java_interview,2025-09-07T06:10:12,2025-09-07T06:11:59,5,54.3
SESS001191,U000214,backend_cloud,2025-03-31T19:17:06,2025-03-31T19:24:32,12,316.2
SESS001192,U000214,dsa_java_interview,2025-08-27T07:51:20,2025-08-27T07:56:48,12,167.1
SESS001193,U000214,entertainment_heavy,2025-07-19T21:10:31,2025-07-19T21:12:37,4,85.6
SESS001194,U000214,dsa_java_interview,2025-03-18T21:28:23,2025-03-18T21:31:48,7,127.3
SESS001195,U000215,entertainment_heavy,2025-10-04T11:44:41,2025-10-04T11:50:07,9,223.8
SESS001196,U000215,entertainment_heavy,2025-03-20T08:07:49,2025-03-20T08:11:57,6,198.1
SESS001197,U000215,ai_python,2025-02-14T11:12:09,2025-02-14T11:12:55,3,18.9
SESS001198,U000215,gaming_hardware,2025-03-29T01:40:53,2025-03-29T01:43:09,7,94.6
SESS001199,U000215,cybersecurity,2025-01-05T19:32:26,2025-01-05T19:34:54,5,93.9
SESS001200,U000215,cybersecurity,2025-09-11T19:42:06,2025-09-11T19:46:25,10,154.3
SESS001201,U000215,dsa_java_interview,2025-09-09T18:23:32,2025-09-09T18:30:13,11,273.5
SESS001202,U000216,entertainment_heavy,2025-10-14T03:32:04,2025-10-14T03:35:36,6,137.1
SESS001203,U000216,dsa_java_interview,2025-02-20T03:21:51,2025-02-20T03:25:38,10,106.5
SESS001204,U000216,backend_cloud,2025-07-02T05:03:38,2025-07-02T05:04:45,3,41.8
SESS001205,U000216,cybersecurity,2025-03-26T10:35:59,2025-03-26T10:40:09,7,186.2
SESS001206,U000216,mixed_scroll,2025-02-10T00:41:56,2025-02-10T00:46:56,12,170.8
SESS001207,U000216,cybersecurity,2025-06-19T23:55:59,2025-06-20T00:00:33,8,183.6
SESS001208,U000217,dsa_java_interview,2025-10-05T13:41:16,2025-10-05T13:45:13,6,148.2
SESS001209,U000217,backend_cloud,2025-04-25T14:11:34,2025-04-25T14:19:10,11,323.9
SESS001210,U000217,backend_cloud,2025-07-22T14:21:42,2025-07-22T14:23:47,5,86.8
SESS001211,U000217,ai_python,2025-10-16T23:33:27,2025-10-16T23:39:54,11,266.9
SESS001212,U000217,mixed_scroll,2025-03-15T12:10:14,2025-03-15T12:12:30,4,78.5
SESS001213,U000217,cybersecurity,2025-07-19T08:07:40,2025-07-19T08:08:56,3,41.6
SESS001214,U000217,mixed_scroll,2025-09-17T14:36:02,2025-09-17T14:37:43,3,67.4
SESS001215,U000217,ai_python,2025-07-21T08:55:35,2025-07-21T09:00:19,8,196.4
SESS001216,U000218,ai_python,2025-08-11T12:02:00,2025-08-11T12:04:16,4,113.4
SESS001217,U000218,mixed_scroll,2025-03-29T18:34:29,2025-03-29T18:40:18,11,229.1
SESS001218,U000218,cybersecurity,2025-06-17T21:45:10,2025-06-17T21:47:10,4,84.5
SESS001219,U000218,gaming_hardware,2025-07-02T07:16:30,2025-07-02T07:22:33,10,266.2
SESS001220,U000219,mixed_scroll,2025-04-27T22:45:57,2025-04-27T22:51:13,10,221.0
SESS001221,U000219,gaming_hardware,2025-01-16T20:09:23,2025-01-16T20:15:35,9,253.5
SESS001222,U000219,gaming_hardware,2025-06-23T14:29:19,2025-06-23T14:31:10,4,64.0
SESS001223,U000219,mixed_scroll,2025-04-02T08:07:14,2025-04-02T08:12:18,8,207.6
SESS001224,U000219,dsa_java_interview,2025-07-04T22:01:44,2025-07-04T22:04:46,5,131.0
SESS001225,U000219,ai_python,2025-05-22T14:14:31,2025-05-22T14:19:09,11,157.5
SESS001226,U000220,backend_cloud,2025-09-07T16:29:31,2025-09-07T16:34:58,9,241.8
SESS001227,U000220,backend_cloud,2025-11-23T17:19:04,2025-11-23T17:24:47,10,262.7
SESS001228,U000220,dsa_java_interview,2025-07-12T06:38:59,2025-07-12T06:44:00,9,204.3
SESS001229,U000220,dsa_java_interview,2025-11-15T15:13:13,2025-11-15T15:14:55,3,68.7
SESS001230,U000220,cybersecurity,2025-11-02T20:43:46,2025-11-02T20:50:08,12,221.8
SESS001231,U000220,cybersecurity,2025-10-23T03:20:12,2025-10-23T03:25:13,8,236.5
SESS001232,U000220,dsa_java_interview,2025-09-24T01:08:08,2025-09-24T01:14:48,12,289.7
SESS001233,U000220,gaming_hardware,2025-01-31T03:17:04,2025-01-31T03:22:01,9,192.1
SESS001234,U000221,ai_python,2025-02-02T09:13:56,2025-02-02T09:16:42,4,123.5
SESS001235,U000221,cybersecurity,2025-06-22T05:42:40,2025-06-22T05:49:28,12,304.1
SESS001236,U000221,entertainment_heavy,2025-01-23T09:10:22,2025-01-23T09:14:34,9,125.1
SESS001237,U000221,ai_python,2025-11-17T23:13:07,2025-11-17T23:20:16,11,287.2
SESS001238,U000221,dsa_java_interview,2025-04-03T23:42:13,2025-04-03T23:44:53,4,118.4
SESS001239,U000221,cybersecurity,2025-06-06T07:51:02,2025-06-06T07:57:27,12,256.2
SESS001240,U000221,dsa_java_interview,2025-05-16T17:15:13,2025-05-16T17:20:38,10,216.5
SESS001241,U000222,backend_cloud,2025-03-14T07:22:35,2025-03-14T07:26:38,9,148.6
SESS001242,U000222,mixed_scroll,2025-05-30T13:13:56,2025-05-30T13:19:58,10,251.4
SESS001243,U000222,entertainment_heavy,2025-01-29T06:03:50,2025-01-29T06:08:17,9,193.0
SESS001244,U000223,backend_cloud,2025-08-05T12:32:19,2025-08-05T12:37:51,11,217.4
SESS001245,U000223,gaming_hardware,2025-05-31T19:58:00,2025-05-31T20:03:33,10,250.2
SESS001246,U000223,entertainment_heavy,2025-04-15T08:16:40,2025-04-15T08:19:20,5,115.7
SESS001247,U000223,backend_cloud,2025-02-09T10:01:00,2025-02-09T10:07:10,12,210.1
SESS001248,U000224,dsa_java_interview,2025-07-18T22:11:07,2025-07-18T22:13:30,5,77.3
SESS001249,U000224,entertainment_heavy,2025-02-01T18:13:40,2025-02-01T18:15:59,4,90.1
SESS001250,U000224,mixed_scroll,2025-05-18T14:15:58,2025-05-18T14:17:16,3,35.2
SESS001251,U000224,mixed_scroll,2025-06-15T22:37:26,2025-06-15T22:42:11,11,184.1
SESS001252,U000224,backend_cloud,2025-09-22T07:26:13,2025-09-22T07:28:23,5,85.2
SESS001253,U000224,dsa_java_interview,2025-06-06T07:33:14,2025-06-06T07:39:45,12,271.0
SESS001254,U000225,mixed_scroll,2025-06-09T23:35:21,2025-06-09T23:37:47,3,113.8
SESS001255,U000225,gaming_hardware,2025-02-09T03:08:44,2025-02-09T03:11:46,4,136.5
SESS001256,U000225,dsa_java_interview,2025-02-07T02:37:57,2025-02-07T02:42:25,8,179.5
SESS001257,U000225,entertainment_heavy,2025-08-27T02:38:57,2025-08-27T02:43:01,8,165.0
SESS001258,U000225,mixed_scroll,2025-08-08T21:40:50,2025-08-08T21:44:07,4,158.2
SESS001259,U000225,ai_python,2025-04-27T21:00:02,2025-04-27T21:02:48,5,103.5
SESS001260,U000225,mixed_scroll,2025-07-02T03:09:16,2025-07-02T03:14:13,8,231.8
SESS001261,U000226,entertainment_heavy,2025-01-05T02:56:41,2025-01-05T03:01:34,9,234.7
SESS001262,U000226,dsa_java_interview,2025-01-06T11:58:03,2025-01-06T12:01:53,7,159.2
SESS001263,U000226,dsa_java_interview,2025-10-07T16:43:01,2025-10-07T16:47:55,8,222.1
SESS001264,U000226,gaming_hardware,2025-05-19T14:32:10,2025-05-19T14:34:16,5,72.0
SESS001265,U000226,entertainment_heavy,2025-09-18T22:03:40,2025-09-18T22:08:52,6,222.6
SESS001266,U000227,gaming_hardware,2025-02-08T13:45:29,2025-02-08T13:49:36,8,184.7
SESS001267,U000227,mixed_scroll,2025-10-01T15:22:16,2025-10-01T15:27:19,9,225.0
SESS001268,U000227,entertainment_heavy,2025-08-08T11:02:48,2025-08-08T11:06:53,10,178.3
SESS001269,U000227,mixed_scroll,2025-10-18T08:22:19,2025-10-18T08:28:28,11,256.1
SESS001270,U000228,gaming_hardware,2025-04-27T21:42:13,2025-04-27T21:47:41,11,237.6
SESS001271,U000228,mixed_scroll,2025-06-06T23:04:27,2025-06-06T23:08:23,9,156.1
SESS001272,U000228,ai_python,2025-07-07T07:27:47,2025-07-07T07:32:15,10,152.1
SESS001273,U000229,entertainment_heavy,2025-07-14T10:48:02,2025-07-14T10:49:44,5,58.9
SESS001274,U000229,backend_cloud,2025-11-11T03:50:07,2025-11-11T03:54:15,8,143.3
SESS001275,U000229,mixed_scroll,2025-04-17T19:49:14,2025-04-17T19:51:15,4,71.5
SESS001276,U000229,backend_cloud,2025-08-24T20:29:31,2025-08-24T20:32:49,5,147.7
SESS001277,U000230,backend_cloud,2025-04-12T03:39:56,2025-04-12T03:42:38,4,117.2
SESS001278,U000230,mixed_scroll,2025-02-02T13:07:35,2025-02-02T13:10:36,5,144.8
SESS001279,U000230,gaming_hardware,2025-08-14T04:40:02,2025-08-14T04:45:32,11,209.7
SESS001280,U000230,backend_cloud,2025-06-09T10:55:53,2025-06-09T11:00:23,7,199.8
SESS001281,U000230,mixed_scroll,2025-02-05T06:09:33,2025-02-05T06:13:00,8,131.4
SESS001282,U000230,backend_cloud,2025-03-03T00:00:27,2025-03-03T00:05:36,9,238.0
SESS001283,U000230,cybersecurity,2025-01-07T19:03:30,2025-01-07T19:05:32,4,73.9
SESS001284,U000231,dsa_java_interview,2025-08-27T13:09:25,2025-08-27T13:14:44,9,202.5
SESS001285,U000231,dsa_java_interview,2025-09-29T16:12:42,2025-09-29T16:16:50,8,150.8
SESS001286,U000231,entertainment_heavy,2025-08-23T05:02:02,2025-08-23T05:07:55,11,221.0
SESS001287,U000231,cybersecurity,2025-06-25T20:28:06,2025-06-25T20:31:18,5,136.0
SESS001288,U000231,dsa_java_interview,2025-08-15T11:58:42,2025-08-15T12:00:05,3,44.9
SESS001289,U000231,gaming_hardware,2025-07-17T08:21:18,2025-07-17T08:24:28,5,120.7
SESS001290,U000231,entertainment_heavy,2025-02-14T09:41:37,2025-02-14T09:46:51,10,227.7
SESS001291,U000232,ai_python,2025-06-18T17:08:02,2025-06-18T17:10:17,4,77.7
SESS001292,U000232,entertainment_heavy,2025-01-16T08:11:42,2025-01-16T08:15:02,7,133.3
SESS001293,U000232,mixed_scroll,2025-03-13T17:25:38,2025-03-13T17:29:16,7,153.6
SESS001294,U000232,backend_cloud,2025-04-26T22:20:03,2025-04-26T22:23:05,6,121.2
SESS001295,U000232,entertainment_heavy,2025-05-28T17:43:08,2025-05-28T17:51:50,12,385.5
SESS001296,U000232,dsa_java_interview,2025-09-22T22:16:54,2025-09-22T22:18:03,3,39.3
SESS001297,U000232,mixed_scroll,2025-09-08T18:31:17,2025-09-08T18:36:03,9,217.1
SESS001298,U000232,gaming_hardware,2025-04-11T15:04:51,2025-04-11T15:09:33,10,146.5
SESS001299,U000233,gaming_hardware,2025-01-22T17:27:13,2025-01-22T17:29:43,6,108.4
SESS001300,U000233,dsa_java_interview,2025-07-14T18:37:38,2025-07-14T18:45:04,12,324.9
SESS001301,U000233,dsa_java_interview,2025-07-08T17:34:32,2025-07-08T17:38:30,6,170.2
SESS001302,U000233,mixed_scroll,2025-08-09T21:03:06,2025-08-09T21:05:26,4,93.9
SESS001303,U000233,mixed_scroll,2025-08-21T06:05:52,2025-08-21T06:12:31,12,268.9
SESS001304,U000233,gaming_hardware,2025-04-03T08:15:54,2025-04-03T08:22:10,8,257.0
SESS001305,U000234,mixed_scroll,2025-09-02T06:22:49,2025-09-02T06:27:55,10,190.7
SESS001306,U000234,ai_python,2025-06-08T16:58:34,2025-06-08T17:02:58,9,158.0
SESS001307,U000234,cybersecurity,2025-05-26T22:16:45,2025-05-26T22:19:44,7,80.9
SESS001308,U000234,entertainment_heavy,2025-01-14T17:30:21,2025-01-14T17:34:23,8,158.1
SESS001309,U000234,backend_cloud,2025-10-01T22:25:09,2025-10-01T22:30:22,12,205.6
SESS001310,U000234,cybersecurity,2025-05-01T08:40:55,2025-05-01T08:42:52,7,77.7
SESS001311,U000234,backend_cloud,2025-08-07T00:15:39,2025-08-07T00:20:06,8,174.3
SESS001312,U000234,entertainment_heavy,2025-07-08T04:20:47,2025-07-08T04:26:56,11,230.9
SESS001313,U000235,dsa_java_interview,2025-09-12T19:36:41,2025-09-12T19:40:29,8,145.7
SESS001314,U000235,gaming_hardware,2025-04-13T08:05:14,2025-04-13T08:09:33,9,163.3
SESS001315,U000235,ai_python,2025-08-27T16:19:35,2025-08-27T16:24:45,12,202.0
SESS001316,U000235,cybersecurity,2025-04-25T23:42:18,2025-04-25T23:46:46,9,180.3
SESS001317,U000235,dsa_java_interview,2025-10-01T13:36:27,2025-10-01T13:38:43,5,86.9
SESS001318,U000236,gaming_hardware,2025-10-19T15:02:40,2025-10-19T15:05:10,4,118.0
SESS001319,U000236,gaming_hardware,2025-04-07T04:04:51,2025-04-07T04:07:06,5,79.2
SESS001320,U000236,ai_python,2025-10-22T02:46:41,2025-10-22T02:51:26,8,182.5
SESS001321,U000236,entertainment_heavy,2025-03-30T20:07:47,2025-03-30T20:11:27,6,144.0
SESS001322,U000237,cybersecurity,2025-08-27T22:08:23,2025-08-27T22:13:58,12,195.3
SESS001323,U000237,entertainment_heavy,2025-03-03T07:03:14,2025-03-03T07:04:41,3,65.5
SESS001324,U000237,dsa_java_interview,2025-04-15T18:16:03,2025-04-15T18:18:56,8,123.6
SESS001325,U000237,mixed_scroll,2025-04-14T06:06:33,2025-04-14T06:11:19,8,202.5
SESS001326,U000237,ai_python,2025-04-24T03:56:47,2025-04-24T04:05:29,12,390.5
SESS001327,U000238,mixed_scroll,2025-06-07T02:22:29,2025-06-07T02:26:52,7,182.7
SESS001328,U000238,mixed_scroll,2025-01-29T21:14:03,2025-01-29T21:15:04,3,43.6
SESS001329,U000238,backend_cloud,2025-08-07T17:14:49,2025-08-07T17:22:02,12,316.8
SESS001330,U000239,entertainment_heavy,2025-08-07T04:37:16,2025-08-07T04:41:02,7,148.9
SESS001331,U000239,dsa_java_interview,2025-06-12T16:58:40,2025-06-12T17:04:47,10,282.6
SESS001332,U000239,backend_cloud,2025-08-30T03:58:39,2025-08-30T04:03:56,10,202.0
SESS001333,U000239,entertainment_heavy,2025-06-28T01:58:22,2025-06-28T02:03:12,8,171.1
SESS001334,U000239,ai_python,2025-02-18T07:24:47,2025-02-18T07:28:26,6,148.8
SESS001335,U000240,dsa_java_interview,2025-10-07T09:15:42,2025-10-07T09:20:20,8,178.7
SESS001336,U000240,gaming_hardware,2025-02-22T09:43:05,2025-02-22T09:45:36,6,76.4
SESS001337,U000240,backend_cloud,2025-04-25T16:44:44,2025-04-25T16:46:52,4,83.8
SESS001338,U000241,mixed_scroll,2025-08-18T16:31:32,2025-08-18T16:37:07,11,225.1
SESS001339,U000241,gaming_hardware,2025-01-13T03:38:13,2025-01-13T03:40:05,5,85.1
SESS001340,U000241,mixed_scroll,2025-08-20T06:02:54,2025-08-20T06:10:28,12,317.4
SESS001341,U000241,entertainment_heavy,2025-02-09T05:41:32,2025-02-09T05:44:11,6,92.9
SESS001342,U000241,cybersecurity,2025-04-02T00:19:15,2025-04-02T00:24:28,11,193.8
SESS001343,U000241,backend_cloud,2025-09-29T08:41:17,2025-09-29T08:46:18,10,227.6
SESS001344,U000241,cybersecurity,2025-03-03T08:26:20,2025-03-03T08:31:08,10,222.3
SESS001345,U000241,cybersecurity,2025-07-16T01:47:47,2025-07-16T01:52:16,7,183.6
SESS001346,U000242,cybersecurity,2025-05-14T17:39:39,2025-05-14T17:44:47,9,218.7
SESS001347,U000242,mixed_scroll,2025-07-05T23:37:48,2025-07-05T23:43:21,7,253.6
SESS001348,U000242,dsa_java_interview,2025-07-19T23:42:15,2025-07-19T23:46:11,9,150.5
SESS001349,U000242,gaming_hardware,2025-09-01T02:10:50,2025-09-01T02:19:08,12,358.7
SESS001350,U000243,backend_cloud,2025-10-02T01:58:32,2025-10-02T01:59:42,3,43.2
SESS001351,U000243,cybersecurity,2025-06-22T09:10:41,2025-06-22T09:13:05,4,97.4
SESS001352,U000243,cybersecurity,2025-09-19T06:46:41,2025-09-19T06:51:34,10,197.9
SESS001353,U000244,cybersecurity,2025-03-28T11:48:32,2025-03-28T11:50:20,3,72.6
SESS001354,U000244,entertainment_heavy,2025-05-24T04:46:13,2025-05-24T04:48:33,5,89.7
SESS001355,U000244,ai_python,2025-10-10T05:51:37,2025-10-10T05:56:04,11,175.1
SESS001356,U000244,mixed_scroll,2025-09-29T00:08:34,2025-09-29T00:11:49,6,140.9
SESS001357,U000244,mixed_scroll,2025-03-21T15:47:16,2025-03-21T15:51:11,8,140.0
SESS001358,U000245,cybersecurity,2025-05-03T15:19:41,2025-05-03T15:26:28,12,262.0
SESS001359,U000245,backend_cloud,2025-06-29T00:25:42,2025-06-29T00:31:00,10,225.3
SESS001360,U000245,backend_cloud,2025-08-19T23:53:33,2025-08-20T00:00:08,12,256.1
SESS001361,U000245,ai_python,2025-07-24T03:32:11,2025-07-24T03:34:25,3,116.0
SESS001362,U000246,entertainment_heavy,2025-11-07T13:01:36,2025-11-07T13:03:56,4,90.6
SESS001363,U000246,dsa_java_interview,2025-09-21T23:13:35,2025-09-21T23:16:38,7,100.9
SESS001364,U000246,entertainment_heavy,2025-02-25T14:00:23,2025-02-25T14:03:32,6,140.0
SESS001365,U000246,cybersecurity,2025-07-16T23:01:10,2025-07-16T23:05:40,7,202.4
SESS001366,U000246,entertainment_heavy,2025-02-10T14:49:25,2025-02-10T14:54:17,9,210.8
SESS001367,U000247,entertainment_heavy,2025-06-22T00:57:58,2025-06-22T01:01:38,6,151.2
SESS001368,U000247,mixed_scroll,2025-09-11T06:22:42,2025-09-11T06:27:43,10,230.4
SESS001369,U000247,backend_cloud,2025-08-16T04:30:04,2025-08-16T04:36:28,12,274.8
SESS001370,U000247,dsa_java_interview,2025-01-09T23:37:43,2025-01-09T23:40:34,5,139.5
SESS001371,U000247,mixed_scroll,2025-02-28T14:31:09,2025-02-28T14:34:40,7,116.8
SESS001372,U000247,entertainment_heavy,2025-04-16T11:18:05,2025-04-16T11:25:05,12,293.4
SESS001373,U000247,gaming_hardware,2025-01-29T22:24:23,2025-01-29T22:28:26,8,165.7
SESS001374,U000248,backend_cloud,2025-11-04T18:26:38,2025-11-04T18:29:59,6,133.2
SESS001375,U000248,entertainment_heavy,2025-02-24T08:58:28,2025-02-24T09:01:08,8,119.7
SESS001376,U000248,backend_cloud,2025-03-26T15:38:08,2025-03-26T15:41:55,7,142.0
SESS001377,U000249,ai_python,2025-01-10T20:35:23,2025-01-10T20:39:07,7,149.8
SESS001378,U000249,cybersecurity,2025-07-04T00:59:18,2025-07-04T01:00:49,3,57.2
SESS001379,U000249,backend_cloud,2025-03-05T19:03:43,2025-03-05T19:08:30,10,185.5
SESS001380,U000249,backend_cloud,2025-01-06T17:21:14,2025-01-06T17:28:04,12,264.4
SESS001381,U000249,cybersecurity,2025-01-28T03:38:33,2025-01-28T03:40:10,3,58.2
SESS001382,U000250,dsa_java_interview,2025-06-11T10:35:24,2025-06-11T10:39:30,7,167.7
SESS001383,U000250,entertainment_heavy,2025-07-12T16:33:45,2025-07-12T16:39:55,10,232.2
SESS001384,U000250,entertainment_heavy,2025-08-18T11:50:54,2025-08-18T11:54:59,10,167.7
SESS001385,U000250,cybersecurity,2025-04-30T01:38:08,2025-04-30T01:42:23,9,154.1
SESS001386,U000250,gaming_hardware,2025-11-30T11:44:43,2025-11-30T11:48:02,7,155.6
SESS001387,U000250,gaming_hardware,2025-06-22T01:02:25,2025-06-22T01:06:14,7,149.1
SESS001388,U000251,backend_cloud,2025-11-01T12:17:28,2025-11-01T12:21:40,7,173.6
SESS001389,U000251,cybersecurity,2025-02-01T01:33:27,2025-02-01T01:38:04,8,185.0
SESS001390,U000251,mixed_scroll,2025-02-28T06:23:10,2025-02-28T06:24:51,3,59.5
SESS001391,U000252,cybersecurity,2025-09-29T14:12:43,2025-09-29T14:18:50,10,232.4
SESS001392,U000252,dsa_java_interview,2025-03-27T00:38:34,2025-03-27T00:42:51,9,160.5
SESS001393,U000252,cybersecurity,2025-10-25T19:55:07,2025-10-25T19:59:14,6,177.5
SESS001394,U000252,dsa_java_interview,2025-02-05T02:00:17,2025-02-05T02:07:00,12,284.8
SESS001395,U000252,backend_cloud,2025-03-22T23:24:56,2025-03-22T23:26:37,4,58.2
SESS001396,U000253,cybersecurity,2025-01-24T21:00:07,2025-01-24T21:04:13,9,146.1
SESS001397,U000253,gaming_hardware,2025-11-08T15:24:17,2025-11-08T15:27:27,5,131.5
SESS001398,U000253,entertainment_heavy,2025-05-04T04:16:24,2025-05-04T04:21:51,11,231.7
SESS001399,U000253,cybersecurity,2025-01-18T08:07:00,2025-01-18T08:12:46,11,217.3
SESS001400,U000253,gaming_hardware,2025-02-27T13:46:07,2025-02-27T13:48:21,5,77.6
SESS001401,U000253,ai_python,2025-08-24T06:42:32,2025-08-24T06:45:40,6,128.6
SESS001402,U000253,backend_cloud,2025-04-25T05:54:00,2025-04-25T05:56:08,5,83.8
SESS001403,U000253,dsa_java_interview,2025-11-07T00:26:26,2025-11-07T00:32:13,10,242.3
SESS001404,U000254,backend_cloud,2025-01-26T08:10:48,2025-01-26T08:12:57,4,68.6
SESS001405,U000254,gaming_hardware,2025-11-15T20:07:27,2025-11-15T20:12:55,10,234.0
SESS001406,U000254,cybersecurity,2025-02-03T22:43:02,2025-02-03T22:44:52,4,71.4
SESS001407,U000254,dsa_java_interview,2025-04-29T22:54:20,2025-04-29T22:59:37,11,190.0
SESS001408,U000254,backend_cloud,2025-03-08T08:28:59,2025-03-08T08:30:41,3,76.1
SESS001409,U000255,gaming_hardware,2025-10-04T00:24:45,2025-10-04T00:31:33,11,277.8
SESS001410,U000255,entertainment_heavy,2025-05-18T14:11:00,2025-05-18T14:16:02,10,191.4
SESS001411,U000255,gaming_hardware,2025-05-28T05:53:03,2025-05-28T05:55:11,4,90.6
SESS001412,U000255,ai_python,2025-09-21T15:32:36,2025-09-21T15:36:40,6,168.2
SESS001413,U000255,backend_cloud,2025-03-01T22:54:09,2025-03-01T23:01:18,10,323.3
SESS001414,U000255,gaming_hardware,2025-01-26T13:42:44,2025-01-26T13:48:28,10,227.8
SESS001415,U000256,dsa_java_interview,2025-02-13T03:06:53,2025-02-13T03:11:27,11,152.6
SESS001416,U000256,entertainment_heavy,2025-07-07T13:09:52,2025-07-07T13:15:30,12,199.6
SESS001417,U000256,gaming_hardware,2025-09-22T03:19:21,2025-09-22T03:21:52,4,123.0
SESS001418,U000256,backend_cloud,2025-11-20T12:22:50,2025-11-20T12:23:59,3,46.5
SESS001419,U000257,cybersecurity,2025-08-08T20:28:49,2025-08-08T20:30:42,5,59.8
SESS001420,U000257,entertainment_heavy,2025-09-20T08:40:38,2025-09-20T08:45:35,10,197.6
SESS001421,U000257,ai_python,2025-02-20T19:32:29,2025-02-20T19:35:50,5,131.2
SESS001422,U000257,mixed_scroll,2025-06-13T08:17:08,2025-06-13T08:19:00,4,69.7
SESS001423,U000257,mixed_scroll,2025-03-06T12:39:35,2025-03-06T12:44:44,12,202.2
SESS001424,U000257,dsa_java_interview,2025-02-22T17:48:07,2025-02-22T17:51:51,10,123.5
SESS001425,U000257,ai_python,2025-10-04T00:41:38,2025-10-04T00:44:55,7,132.6
SESS001426,U000257,mixed_scroll,2025-03-16T22:10:27,2025-03-16T22:16:36,12,230.4
SESS001427,U000258,ai_python,2025-02-15T15:40:04,2025-02-15T15:45:35,11,196.8
SESS001428,U000258,gaming_hardware,2025-04-01T12:22:09,2025-04-01T12:27:41,12,215.5
SESS001429,U000258,mixed_scroll,2025-01-28T07:48:01,2025-01-28T07:54:46,12,236.9
SESS001430,U000259,dsa_java_interview,2025-10-28T07:30:13,2025-10-28T07:34:01,7,160.1
SESS001431,U000259,backend_cloud,2025-08-28T22:48:23,2025-08-28T22:53:09,9,193.2
SESS001432,U000259,backend_cloud,2025-04-18T08:08:01,2025-04-18T08:12:39,11,192.5
SESS001433,U000259,backend_cloud,2025-07-13T00:06:45,2025-07-13T00:10:30,7,145.0
SESS001434,U000259,mixed_scroll,2025-10-16T21:51:04,2025-10-16T21:54:05,5,123.6
SESS001435,U000259,ai_python,2025-08-26T08:21:51,2025-08-26T08:26:48,9,185.3
SESS001436,U000259,ai_python,2025-09-25T03:05:18,2025-09-25T03:08:57,9,123.3
SESS001437,U000259,mixed_scroll,2025-01-07T04:42:47,2025-01-07T04:46:20,7,155.9
SESS001438,U000260,gaming_hardware,2025-02-25T21:30:58,2025-02-25T21:37:09,10,238.4
SESS001439,U000260,dsa_java_interview,2025-09-07T19:12:28,2025-09-07T19:14:01,3,68.3
SESS001440,U000260,entertainment_heavy,2025-04-22T01:35:15,2025-04-22T01:38:27,6,130.3
SESS001441,U000260,backend_cloud,2025-01-07T08:50:53,2025-01-07T08:53:56,6,119.8
SESS001442,U000261,mixed_scroll,2025-04-02T04:08:46,2025-04-02T04:14:08,9,199.3
SESS001443,U000261,mixed_scroll,2025-05-18T14:31:09,2025-05-18T14:32:29,4,47.3
SESS001444,U000261,mixed_scroll,2025-08-21T18:39:43,2025-08-21T18:44:40,11,203.5
SESS001445,U000261,gaming_hardware,2025-09-18T01:07:46,2025-09-18T01:11:43,8,162.8
SESS001446,U000261,ai_python,2025-02-27T07:33:39,2025-02-27T07:36:11,4,113.2
SESS001447,U000261,dsa_java_interview,2025-01-06T15:09:21,2025-01-06T15:11:18,3,82.4
SESS001448,U000261,backend_cloud,2025-07-30T01:10:28,2025-07-30T01:15:25,10,202.8
SESS001449,U000261,cybersecurity,2025-06-29T14:07:15,2025-06-29T14:11:47,7,179.9
SESS001450,U000262,gaming_hardware,2025-11-26T13:50:50,2025-11-26T13:55:57,8,216.5
SESS001451,U000262,entertainment_heavy,2025-10-17T11:17:19,2025-10-17T11:20:24,6,135.5
SESS001452,U000262,backend_cloud,2025-06-12T04:41:22,2025-06-12T04:43:47,3,114.3
SESS001453,U000262,ai_python,2025-09-20T04:47:57,2025-09-20T04:54:24,10,259.9
SESS001454,U000263,cybersecurity,2025-03-17T17:21:07,2025-03-17T17:23:03,3,89.1
SESS001455,U000263,gaming_hardware,2025-01-02T13:52:25,2025-01-02T13:56:04,8,135.8
SESS001456,U000263,mixed_scroll,2025-10-28T08:15:42,2025-10-28T08:21:51,11,236.5
SESS001457,U000263,dsa_java_interview,2025-10-27T08:27:09,2025-10-27T08:31:13,7,167.1
SESS001458,U000263,gaming_hardware,2025-10-15T22:35:21,2025-10-15T22:39:11,6,163.2
SESS001459,U000263,backend_cloud,2025-01-13T03:15:21,2025-01-13T03:19:38,8,162.5
SESS001460,U000263,dsa_java_interview,2025-03-01T08:43:27,2025-03-01T08:47:23,8,121.6
SESS001461,U000264,gaming_hardware,2025-11-22T17:16:16,2025-11-22T17:21:50,10,238.3
SESS001462,U000264,backend_cloud,2025-06-19T16:15:18,2025-06-19T16:18:19,7,101.3
SESS001463,U000264,ai_python,2025-11-19T10:42:49,2025-11-19T10:47:03,11,155.0
SESS001464,U000264,backend_cloud,2025-01-22T17:29:32,2025-01-22T17:35:40,12,257.7
SESS001465,U000265,gaming_hardware,2025-03-12T06:35:01,2025-03-12T06:37:43,6,93.9
SESS001466,U000265,ai_python,2025-08-09T14:11:21,2025-08-09T14:17:28,12,252.3
SESS001467,U000265,cybersecurity,2025-07-11T07:59:55,2025-07-11T08:04:08,7,147.8
SESS001468,U000265,dsa_java_interview,2025-10-06T18:32:06,2025-10-06T18:35:48,6,172.5
SESS001469,U000265,ai_python,2025-09-23T02:02:46,2025-09-23T02:06:32,6,147.0
SESS001470,U000266,dsa_java_interview,2025-07-07T05:35:31,2025-07-07T05:38:32,8,135.4
SESS001471,U000266,gaming_hardware,2025-03-09T01:57:07,2025-03-09T01:59:13,5,69.5
SESS001472,U000266,cybersecurity,2025-06-01T01:20:55,2025-06-01T01:25:11,8,151.6
SESS001473,U000267,dsa_java_interview,2025-09-19T23:38:08,2025-09-19T23:42:52,9,225.0
SESS001474,U000267,gaming_hardware,2025-04-30T04:47:30,2025-04-30T04:54:43,12,283.9
SESS001475,U000267,dsa_java_interview,2025-11-05T15:49:00,2025-11-05T15:50:54,4,68.7
SESS001476,U000267,ai_python,2025-10-20T05:56:27,2025-10-20T06:01:25,8,217.4
SESS001477,U000268,entertainment_heavy,2025-06-21T17:43:34,2025-06-21T17:45:11,3,76.6
SESS001478,U000268,ai_python,2025-09-26T19:43:08,2025-09-26T19:45:56,7,114.1
SESS001479,U000268,gaming_hardware,2025-08-21T00:26:34,2025-08-21T00:28:30,5,55.5
SESS001480,U000268,mixed_scroll,2025-02-26T09:05:08,2025-02-26T09:05:59,3,21.2
SESS001481,U000268,entertainment_heavy,2025-11-03T14:00:51,2025-11-03T14:03:24,6,98.4
SESS001482,U000268,dsa_java_interview,2025-06-07T22:45:01,2025-06-07T22:48:30,7,154.9
SESS001483,U000268,entertainment_heavy,2025-04-17T04:23:00,2025-04-17T04:28:49,10,250.4
SESS001484,U000269,dsa_java_interview,2025-11-05T06:18:49,2025-11-05T06:26:05,11,309.3
SESS001485,U000269,backend_cloud,2025-08-26T14:29:48,2025-08-26T14:37:30,10,360.0
SESS001486,U000269,gaming_hardware,2025-04-10T15:11:05,2025-04-10T15:14:14,4,144.1
SESS001487,U000269,backend_cloud,2025-03-28T14:00:25,2025-03-28T14:05:29,10,193.3
SESS001488,U000269,ai_python,2025-11-13T12:02:41,2025-11-13T12:04:26,4,66.4
SESS001489,U000269,ai_python,2025-07-27T17:39:36,2025-07-27T17:42:32,6,106.2
SESS001490,U000270,entertainment_heavy,2025-03-30T01:56:55,2025-03-30T01:59:11,4,98.6
SESS001491,U000270,cybersecurity,2025-11-05T05:42:54,2025-11-05T05:45:15,8,72.9
SESS001492,U000270,gaming_hardware,2025-06-22T06:42:44,2025-06-22T06:47:01,9,157.7
SESS001493,U000270,entertainment_heavy,2025-11-25T09:41:06,2025-11-25T09:48:40,12,331.4
SESS001494,U000270,gaming_hardware,2025-03-22T14:25:17,2025-03-22T14:27:41,4,98.9
SESS001495,U000270,backend_cloud,2025-04-05T10:44:20,2025-04-05T10:46:53,5,99.1
SESS001496,U000271,mixed_scroll,2025-09-10T11:55:32,2025-09-10T11:57:00,4,44.7
SESS001497,U000271,cybersecurity,2025-09-22T09:53:43,2025-09-22T10:00:54,12,326.2
SESS001498,U000271,mixed_scroll,2025-11-19T07:11:06,2025-11-19T07:15:25,7,169.4
SESS001499,U000271,dsa_java_interview,2025-03-10T19:57:56,2025-03-10T19:59:49,5,91.0
SESS001500,U000271,mixed_scroll,2025-11-27T05:40:30,2025-11-27T05:44:39,12,146.8
SESS001501,U000272,mixed_scroll,2025-11-21T23:51:27,2025-11-21T23:56:55,11,231.6
SESS001502,U000272,entertainment_heavy,2025-06-06T16:20:41,2025-06-06T16:24:53,10,167.1
SESS001503,U000272,cybersecurity,2025-10-31T01:16:11,2025-10-31T01:21:26,11,191.6
SESS001504,U000272,cybersecurity,2025-09-01T12:49:31,2025-09-01T12:51:08,4,52.9
SESS001505,U000272,cybersecurity,2025-05-31T19:46:49,2025-05-31T19:51:14,10,186.9
SESS001506,U000272,ai_python,2025-02-15T07:38:58,2025-02-15T07:44:48,12,243.4
SESS001507,U000272,mixed_scroll,2025-04-06T06:28:30,2025-04-06T06:29:58,4,58.3
SESS001508,U000272,dsa_java_interview,2025-04-16T16:48:25,2025-04-16T16:50:25,6,74.3
SESS001509,U000273,dsa_java_interview,2025-07-03T17:14:18,2025-07-03T17:18:31,9,166.4
SESS001510,U000273,ai_python,2025-02-01T00:06:47,2025-02-01T00:08:46,3,71.6
SESS001511,U000273,dsa_java_interview,2025-01-19T07:11:42,2025-01-19T07:13:34,3,82.3
SESS001512,U000273,dsa_java_interview,2025-10-09T03:17:22,2025-10-09T03:19:27,7,71.1
SESS001513,U000273,gaming_hardware,2025-05-11T21:19:51,2025-05-11T21:22:48,7,79.7
SESS001514,U000274,gaming_hardware,2025-04-07T12:37:38,2025-04-07T12:42:31,10,231.4
SESS001515,U000274,dsa_java_interview,2025-02-16T09:05:09,2025-02-16T09:09:23,8,153.1
SESS001516,U000274,ai_python,2025-02-24T20:32:10,2025-02-24T20:35:12,5,114.2
SESS001517,U000274,entertainment_heavy,2025-02-15T16:36:04,2025-02-15T16:40:27,9,162.5
SESS001518,U000275,ai_python,2025-03-18T08:24:29,2025-03-18T08:28:53,7,185.6
SESS001519,U000275,backend_cloud,2025-08-07T15:47:02,2025-08-07T15:51:50,9,187.1
SESS001520,U000275,entertainment_heavy,2025-09-11T20:03:59,2025-09-11T20:05:45,4,44.4
SESS001521,U000275,entertainment_heavy,2025-11-17T12:22:11,2025-11-17T12:27:14,9,167.5
SESS001522,U000275,ai_python,2025-04-09T04:39:37,2025-04-09T04:41:59,5,71.7
SESS001523,U000275,gaming_hardware,2025-06-18T02:50:35,2025-06-18T02:55:31,7,247.7
SESS001524,U000275,ai_python,2025-03-21T21:15:51,2025-03-21T21:19:04,5,142.4
SESS001525,U000276,dsa_java_interview,2025-04-04T18:24:52,2025-04-04T18:26:31,4,44.7
SESS001526,U000276,entertainment_heavy,2025-08-12T09:13:00,2025-08-12T09:13:59,3,22.7
SESS001527,U000276,entertainment_heavy,2025-05-30T09:57:16,2025-05-30T10:00:24,5,141.8
SESS001528,U000276,mixed_scroll,2025-06-27T21:29:54,2025-06-27T21:37:07,12,303.4
SESS001529,U000276,entertainment_heavy,2025-08-10T10:18:48,2025-08-10T10:22:41,6,168.3
SESS001530,U000276,gaming_hardware,2025-04-14T00:17:29,2025-04-14T00:24:01,10,274.1
SESS001531,U000277,backend_cloud,2025-03-31T17:20:15,2025-03-31T17:22:31,5,97.3
SESS001532,U000277,mixed_scroll,2025-02-19T22:51:31,2025-02-19T22:53:11,3,54.4
SESS001533,U000277,mixed_scroll,2025-01-02T22:11:54,2025-01-02T22:12:28,3,22.0
SESS001534,U000277,backend_cloud,2025-01-06T22:39:15,2025-01-06T22:40:45,4,53.6
SESS001535,U000278,cybersecurity,2025-11-13T09:55:08,2025-11-13T09:59:31,8,170.1
SESS001536,U000278,ai_python,2025-08-10T06:14:32,2025-08-10T06:17:41,7,118.2
SESS001537,U000278,entertainment_heavy,2025-02-02T20:45:23,2025-02-02T20:51:06,11,223.2
SESS001538,U000279,entertainment_heavy,2025-04-15T06:21:11,2025-04-15T06:23:07,4,66.8
SESS001539,U000279,gaming_hardware,2025-04-14T17:57:35,2025-04-14T17:59:37,3,75.8
SESS001540,U000279,mixed_scroll,2025-04-15T22:10:28,2025-04-15T22:15:19,10,192.1
SESS001541,U000279,entertainment_heavy,2025-11-02T10:45:58,2025-11-02T10:49:36,6,134.7
SESS001542,U000279,backend_cloud,2025-11-22T01:29:23,2025-11-22T01:31:42,5,95.8
SESS001543,U000279,mixed_scroll,2025-04-03T17:03:32,2025-04-03T17:05:46,5,104.6
SESS001544,U000279,ai_python,2025-09-19T05:48:30,2025-09-19T05:51:48,5,122.3
SESS001545,U000280,backend_cloud,2025-06-06T05:21:39,2025-06-06T05:25:02,6,153.1
SESS001546,U000280,gaming_hardware,2025-04-23T12:20:57,2025-04-23T12:23:43,7,105.8
SESS001547,U000280,entertainment_heavy,2025-02-28T09:03:09,2025-02-28T09:04:45,3,72.3
SESS001548,U000281,entertainment_heavy,2025-03-19T10:09:02,2025-03-19T10:15:32,12,233.6
SESS001549,U000281,backend_cloud,2025-06-08T02:06:28,2025-06-08T02:08:38,3,85.9
SESS001550,U000281,cybersecurity,2025-11-04T03:16:49,2025-11-04T03:19:58,7,131.9
SESS001551,U000281,cybersecurity,2025-07-20T10:29:42,2025-07-20T10:35:58,12,241.5
SESS001552,U000281,backend_cloud,2025-03-14T01:21:26,2025-03-14T01:26:57,10,241.9
SESS001553,U000281,gaming_hardware,2025-07-05T13:24:12,2025-07-05T13:31:40,11,341.5
SESS001554,U000281,entertainment_heavy,2025-04-18T05:01:51,2025-04-18T05:03:44,4,77.1
SESS001555,U000282,dsa_java_interview,2025-11-13T09:51:12,2025-11-13T09:55:27,9,167.1
SESS001556,U000282,gaming_hardware,2025-05-18T19:31:15,2025-05-18T19:37:34,12,267.0
SESS001557,U000282,mixed_scroll,2025-02-08T16:12:13,2025-02-08T16:16:24,7,190.9
SESS001558,U000282,dsa_java_interview,2025-08-05T23:56:36,2025-08-05T23:59:43,6,114.1
SESS001559,U000282,dsa_java_interview,2025-01-07T15:38:15,2025-01-07T15:40:33,4,98.2
SESS001560,U000282,dsa_java_interview,2025-06-15T02:51:00,2025-06-15T02:54:26,5,153.5
SESS001561,U000282,ai_python,2025-04-25T02:24:15,2025-04-25T02:28:16,9,139.0
SESS001562,U000282,dsa_java_interview,2025-09-19T08:27:50,2025-09-19T08:31:36,7,147.9
SESS001563,U000283,backend_cloud,2025-07-01T21:34:16,2025-07-01T21:39:53,12,212.7
SESS001564,U000283,entertainment_heavy,2025-04-08T00:54:04,2025-04-08T00:57:33,6,146.4
SESS001565,U000283,entertainment_heavy,2025-08-08T18:32:11,2025-08-08T18:37:50,11,238.1
SESS001566,U000283,ai_python,2025-11-27T13:10:56,2025-11-27T13:15:35,6,201.5
SESS001567,U000283,gaming_hardware,2025-03-28T22:28:40,2025-03-28T22:34:30,9,234.1
SESS001568,U000283,ai_python,2025-03-31T03:24:35,2025-03-31T03:27:55,7,157.0
SESS001569,U000284,entertainment_heavy,2025-03-25T11:31:49,2025-03-25T11:36:16,8,172.2
SESS001570,U000284,mixed_scroll,2025-01-12T15:39:02,2025-01-12T15:44:58,11,255.4
SESS001571,U000284,mixed_scroll,2025-04-07T09:09:23,2025-04-07T09:15:52,12,234.8
SESS001572,U000284,cybersecurity,2025-04-22T00:21:39,2025-04-22T00:27:25,10,242.5
SESS001573,U000285,entertainment_heavy,2025-04-04T18:19:06,2025-04-04T18:24:17,9,217.5
SESS001574,U000285,cybersecurity,2025-03-27T15:36:36,2025-03-27T15:41:33,9,225.4
SESS001575,U000285,gaming_hardware,2025-11-30T13:54:20,2025-11-30T13:58:54,9,183.9
SESS001576,U000285,mixed_scroll,2025-05-21T18:02:19,2025-05-21T18:09:19,12,289.0
SESS001577,U000285,ai_python,2025-11-13T02:57:41,2025-11-13T03:00:39,6,100.0
SESS001578,U000286,cybersecurity,2025-02-16T17:17:24,2025-02-16T17:19:11,4,72.2
SESS001579,U000286,entertainment_heavy,2025-08-29T15:24:28,2025-08-29T15:30:40,12,249.9
SESS001580,U000286,entertainment_heavy,2025-07-03T06:55:36,2025-07-03T06:59:59,7,170.0
SESS001581,U000287,entertainment_heavy,2025-10-22T01:21:42,2025-10-22T01:27:24,9,232.6
SESS001582,U000287,gaming_hardware,2025-10-03T14:03:44,2025-10-03T14:09:30,10,239.5
SESS001583,U000287,dsa_java_interview,2025-09-09T20:37:23,2025-09-09T20:39:38,6,64.1
SESS001584,U000287,dsa_java_interview,2025-03-08T22:11:39,2025-03-08T22:16:39,12,193.6
SESS001585,U000288,backend_cloud,2025-09-30T15:45:01,2025-09-30T15:49:28,8,189.4
SESS001586,U000288,cybersecurity,2025-03-20T23:37:55,2025-03-20T23:43:24,12,219.1
SESS001587,U000288,backend_cloud,2025-05-11T03:32:14,2025-05-11T03:37:22,12,208.9
SESS001588,U000288,entertainment_heavy,2025-04-30T01:12:31,2025-04-30T01:18:19,8,263.2
SESS001589,U000288,gaming_hardware,2025-11-23T05:39:39,2025-11-23T05:45:03,10,218.1
SESS001590,U000288,ai_python,2025-04-10T13:39:09,2025-04-10T13:46:05,11,269.6
SESS001591,U000289,cybersecurity,2025-07-18T14:35:23,2025-07-18T14:42:31,12,290.1
SESS001592,U000289,entertainment_heavy,2025-03-03T19:31:59,2025-03-03T19:39:13,12,301.3
SESS001593,U000289,dsa_java_interview,2025-06-29T04:07:46,2025-06-29T04:12:31,10,182.5
SESS001594,U000289,dsa_java_interview,2025-04-03T16:31:15,2025-04-03T16:37:02,10,251.1
SESS001595,U000290,backend_cloud,2025-05-15T00:50:44,2025-05-15T00:57:25,12,247.9
SESS001596,U000290,entertainment_heavy,2025-09-18T09:05:25,2025-09-18T09:10:42,10,223.6
SESS001597,U000290,entertainment_heavy,2025-10-21T10:17:56,2025-10-21T10:22:12,8,167.8
SESS001598,U000290,backend_cloud,2025-11-21T03:21:53,2025-11-21T03:27:54,10,242.9
SESS001599,U000290,entertainment_heavy,2025-08-28T02:43:43,2025-08-28T02:45:57,3,96.8
SESS001600,U000290,backend_cloud,2025-04-25T10:53:31,2025-04-25T10:59:31,10,257.8
SESS001601,U000291,gaming_hardware,2025-07-23T18:12:41,2025-07-23T18:16:45,8,169.6
SESS001602,U000291,backend_cloud,2025-02-21T03:10:44,2025-02-21T03:13:10,5,75.7
SESS001603,U000291,ai_python,2025-05-02T06:09:28,2025-05-02T06:15:00,10,217.8
SESS001604,U000292,backend_cloud,2025-01-29T21:57:18,2025-01-29T21:59:16,4,77.6
SESS001605,U000292,mixed_scroll,2025-05-22T12:05:26,2025-05-22T12:11:22,10,243.5
SESS001606,U000292,entertainment_heavy,2025-01-18T02:52:27,2025-01-18T02:54:51,5,92.4
SESS001607,U000293,mixed_scroll,2025-07-18T03:45:28,2025-07-18T03:50:11,10,181.4
SESS001608,U000293,backend_cloud,2025-08-26T14:50:49,2025-08-26T14:55:08,7,180.5
SESS001609,U000293,entertainment_heavy,2025-11-28T18:46:08,2025-11-28T18:49:27,5,144.6
SESS001610,U000294,backend_cloud,2025-05-22T10:57:55,2025-05-22T11:01:20,8,146.5
SESS001611,U000294,backend_cloud,2025-07-02T21:55:12,2025-07-02T21:59:10,6,189.6
SESS001612,U000294,gaming_hardware,2025-08-22T20:07:25,2025-08-22T20:09:40,4,99.5
SESS001613,U000294,backend_cloud,2025-10-20T16:53:56,2025-10-20T16:56:24,6,103.6
SESS001614,U000294,ai_python,2025-08-04T11:19:29,2025-08-04T11:22:11,4,111.3
SESS001615,U000294,gaming_hardware,2025-09-11T06:20:01,2025-09-11T06:23:41,6,151.5
SESS001616,U000294,mixed_scroll,2025-09-21T21:38:24,2025-09-21T21:41:00,4,119.1
SESS001617,U000294,cybersecurity,2025-05-02T11:10:13,2025-05-02T11:13:14,5,136.6
SESS001618,U000295,mixed_scroll,2025-05-24T07:12:28,2025-05-24T07:17:57,11,218.5
SESS001619,U000295,backend_cloud,2025-02-14T10:39:08,2025-02-14T10:42:16,7,125.4
SESS001620,U000295,entertainment_heavy,2025-10-06T06:27:17,2025-10-06T06:35:01,11,342.7
SESS001621,U000295,gaming_hardware,2025-07-21T09:30:12,2025-07-21T09:34:45,10,152.8
SESS001622,U000295,gaming_hardware,2025-11-27T00:31:48,2025-11-27T00:35:17,5,142.3
SESS001623,U000296,backend_cloud,2025-10-09T18:03:49,2025-10-09T18:09:55,11,238.2
SESS001624,U000296,entertainment_heavy,2025-03-13T13:51:40,2025-03-13T13:53:17,4,59.4
SESS001625,U000296,backend_cloud,2025-07-27T20:41:05,2025-07-27T20:45:12,8,165.4
SESS001626,U000297,ai_python,2025-07-21T22:30:12,2025-07-21T22:34:24,7,180.9
SESS001627,U000297,mixed_scroll,2025-11-20T06:50:25,2025-11-20T06:52:31,4,75.1
SESS001628,U000297,backend_cloud,2025-09-16T16:39:08,2025-09-16T16:42:11,7,115.5
SESS001629,U000298,backend_cloud,2025-10-04T15:14:49,2025-10-04T15:19:51,9,186.6
SESS001630,U000298,mixed_scroll,2025-09-01T12:20:32,2025-09-01T12:23:46,4,131.3
SESS001631,U000298,gaming_hardware,2025-11-24T05:48:24,2025-11-24T05:53:18,8,200.5
SESS001632,U000298,mixed_scroll,2025-08-22T19:18:16,2025-08-22T19:21:11,5,125.9
SESS001633,U000298,cybersecurity,2025-10-05T05:52:33,2025-10-05T05:54:20,3,58.1
SESS001634,U000298,ai_python,2025-05-06T11:50:47,2025-05-06T11:56:01,10,206.2
SESS001635,U000298,entertainment_heavy,2025-11-04T09:07:03,2025-11-04T09:09:12,3,92.6
SESS001636,U000298,dsa_java_interview,2025-10-20T21:22:27,2025-10-20T21:26:45,10,147.2
SESS001637,U000299,ai_python,2025-09-13T13:01:33,2025-09-13T13:07:21,10,265.6
SESS001638,U000299,dsa_java_interview,2025-05-06T12:13:11,2025-05-06T12:14:34,4,33.3
SESS001639,U000299,entertainment_heavy,2025-10-15T00:44:23,2025-10-15T00:49:49,11,195.5
SESS001640,U000299,ai_python,2025-08-31T10:48:47,2025-08-31T10:52:39,8,112.2
SESS001641,U000299,cybersecurity,2025-07-10T20:17:08,2025-07-10T20:20:05,5,119.8
SESS001642,U000299,backend_cloud,2025-10-19T10:52:34,2025-10-19T10:54:34,3,89.5
SESS001643,U000299,ai_python,2025-06-18T07:42:26,2025-06-18T07:48:08,10,228.2
SESS001644,U000299,ai_python,2025-02-25T22:24:43,2025-02-25T22:30:43,11,247.4
SESS001645,U000300,backend_cloud,2025-02-07T04:22:28,2025-02-07T04:24:48,5,97.8
SESS001646,U000300,backend_cloud,2025-04-20T16:46:21,2025-04-20T16:49:45,5,161.1
SESS001647,U000300,entertainment_heavy,2025-03-26T23:23:37,2025-03-26T23:28:03,6,178.5
SESS001648,U000301,entertainment_heavy,2025-06-22T08:08:53,2025-06-22T08:16:01,12,316.5
SESS001649,U000301,backend_cloud,2025-07-19T00:09:39,2025-07-19T00:11:51,4,92.3
SESS001650,U000301,ai_python,2025-02-09T08:49:03,2025-02-09T08:54:51,11,247.7
SESS001651,U000302,ai_python,2025-01-30T21:45:14,2025-01-30T21:50:03,11,203.2
SESS001652,U000302,gaming_hardware,2025-10-01T18:21:45,2025-10-01T18:24:57,6,141.6
SESS001653,U000302,gaming_hardware,2025-02-10T04:21:27,2025-02-10T04:25:45,8,186.1
SESS001654,U000302,entertainment_heavy,2025-06-08T21:52:40,2025-06-08T21:57:43,11,209.5
SESS001655,U000302,gaming_hardware,2025-10-21T12:11:13,2025-10-21T12:14:36,7,107.5
SESS001656,U000302,ai_python,2025-04-13T03:37:01,2025-04-13T03:41:50,9,206.7
SESS001657,U000302,dsa_java_interview,2025-09-12T22:29:49,2025-09-12T22:31:29,3,71.8
SESS001658,U000302,dsa_java_interview,2025-03-13T11:03:33,2025-03-13T11:07:17,7,117.6
SESS001659,U000303,gaming_hardware,2025-02-22T18:45:27,2025-02-22T18:50:10,9,167.9
SESS001660,U000303,backend_cloud,2025-10-11T13:04:53,2025-10-11T13:08:21,7,148.9
SESS001661,U000303,cybersecurity,2025-06-27T10:59:22,2025-06-27T11:04:08,11,179.8
SESS001662,U000303,backend_cloud,2025-05-22T09:00:01,2025-05-22T09:03:55,8,155.9
SESS001663,U000304,gaming_hardware,2025-09-19T04:38:16,2025-09-19T04:41:29,5,154.5
SESS001664,U000304,entertainment_heavy,2025-05-24T13:40:32,2025-05-24T13:41:38,3,37.2
SESS001665,U000304,entertainment_heavy,2025-07-23T11:09:02,2025-07-23T11:11:13,4,85.2
SESS001666,U000304,ai_python,2025-02-26T02:30:32,2025-02-26T02:32:44,5,59.8
SESS001667,U000304,gaming_hardware,2025-04-17T06:53:54,2025-04-17T07:01:03,12,281.4
SESS001668,U000304,mixed_scroll,2025-09-11T03:02:22,2025-09-11T03:03:59,3,61.3
SESS001669,U000304,ai_python,2025-03-18T17:07:32,2025-03-18T17:12:05,7,169.9
SESS001670,U000305,gaming_hardware,2025-02-05T08:19:54,2025-02-05T08:26:36,12,271.9
SESS001671,U000305,ai_python,2025-11-03T00:13:33,2025-11-03T00:17:16,5,173.3
SESS001672,U000305,dsa_java_interview,2025-07-27T01:07:38,2025-07-27T01:11:02,6,142.6
SESS001673,U000305,backend_cloud,2025-09-01T23:07:07,2025-09-01T23:08:33,3,44.4
SESS001674,U000306,mixed_scroll,2025-09-24T20:56:24,2025-09-24T20:59:25,5,108.3
SESS001675,U000306,entertainment_heavy,2025-10-29T09:31:59,2025-10-29T09:35:16,9,108.7
SESS001676,U000306,entertainment_heavy,2025-09-23T22:44:16,2025-09-23T22:46:37,4,92.6
SESS001677,U000306,dsa_java_interview,2025-07-11T07:29:49,2025-07-11T07:34:30,10,173.0
SESS001678,U000306,mixed_scroll,2025-11-28T08:20:30,2025-11-28T08:22:35,4,63.5
SESS001679,U000307,ai_python,2025-09-27T06:20:42,2025-09-27T06:24:31,6,166.4
SESS001680,U000307,dsa_java_interview,2025-10-08T10:08:24,2025-10-08T10:12:02,8,115.0
SESS001681,U000307,backend_cloud,2025-01-29T01:00:21,2025-01-29T01:05:59,11,230.8
SESS001682,U000307,gaming_hardware,2025-04-01T14:31:36,2025-04-01T14:36:04,6,212.6
SESS001683,U000307,mixed_scroll,2025-04-20T19:12:12,2025-04-20T19:18:59,11,279.8
SESS001684,U000307,dsa_java_interview,2025-11-04T19:25:34,2025-11-04T19:30:28,9,192.7
SESS001685,U000307,entertainment_heavy,2025-10-03T15:31:44,2025-10-03T15:35:39,7,182.7
SESS001686,U000308,dsa_java_interview,2025-04-01T06:36:26,2025-04-01T06:41:24,9,173.2
SESS001687,U000308,backend_cloud,2025-02-15T19:25:01,2025-02-15T19:26:37,4,66.0
SESS001688,U000308,cybersecurity,2025-08-18T14:45:57,2025-08-18T14:50:51,11,186.2
SESS001689,U000308,gaming_hardware,2025-06-27T21:18:41,2025-06-27T21:19:44,4,48.8
SESS001690,U000309,entertainment_heavy,2025-08-12T13:41:36,2025-08-12T13:44:07,6,79.7
SESS001691,U000309,dsa_java_interview,2025-11-04T20:48:23,2025-11-04T20:53:32,8,200.3
SESS001692,U000309,cybersecurity,2025-06-04T12:31:15,2025-06-04T12:36:35,7,216.2
SESS001693,U000310,mixed_scroll,2025-02-21T11:25:23,2025-02-21T11:32:43,12,315.5
SESS001694,U000310,backend_cloud,2025-03-05T18:01:06,2025-03-05T18:07:41,8,290.1
SESS001695,U000310,cybersecurity,2025-05-15T12:28:38,2025-05-15T12:34:57,8,262.2
SESS001696,U000310,cybersecurity,2025-03-08T03:25:07,2025-03-08T03:32:17,11,314.8
SESS001697,U000311,entertainment_heavy,2025-09-09T20:29:21,2025-09-09T20:33:23,10,140.8
SESS001698,U000311,cybersecurity,2025-01-18T12:52:17,2025-01-18T12:57:15,7,235.9
SESS001699,U000311,dsa_java_interview,2025-03-14T08:35:55,2025-03-14T08:40:46,9,195.7
SESS001700,U000312,backend_cloud,2025-07-18T10:45:58,2025-07-18T10:51:49,12,207.9
SESS001701,U000312,gaming_hardware,2025-06-06T03:24:03,2025-06-06T03:28:46,9,184.8
SESS001702,U000312,backend_cloud,2025-11-18T05:09:17,2025-11-18T05:13:49,9,170.8
SESS001703,U000312,mixed_scroll,2025-01-13T08:01:21,2025-01-13T08:07:50,12,282.9
SESS001704,U000312,backend_cloud,2025-03-06T14:35:37,2025-03-06T14:37:21,3,66.5
SESS001705,U000313,dsa_java_interview,2025-09-06T13:02:58,2025-09-06T13:07:07,8,173.7
SESS001706,U000313,ai_python,2025-02-27T01:11:47,2025-02-27T01:18:17,12,280.1
SESS001707,U000313,ai_python,2025-05-28T04:38:46,2025-05-28T04:45:30,10,286.8
SESS001708,U000313,backend_cloud,2025-07-31T21:26:48,2025-07-31T21:33:24,11,258.2
SESS001709,U000313,backend_cloud,2025-07-07T21:37:53,2025-07-07T21:43:10,12,214.2
SESS001710,U000313,cybersecurity,2025-09-15T00:18:47,2025-09-15T00:20:44,4,76.1
SESS001711,U000313,ai_python,2025-08-22T02:41:12,2025-08-22T02:45:19,10,147.6
SESS001712,U000314,dsa_java_interview,2025-04-14T16:53:59,2025-04-14T16:56:33,5,92.1
SESS001713,U000314,entertainment_heavy,2025-07-18T14:42:11,2025-07-18T14:46:18,8,159.4
SESS001714,U000314,dsa_java_interview,2025-06-09T16:06:14,2025-06-09T16:09:57,6,183.7
SESS001715,U000314,cybersecurity,2025-10-12T03:31:45,2025-10-12T03:40:10,12,394.0
SESS001716,U000314,dsa_java_interview,2025-11-08T14:25:03,2025-11-08T14:26:59,4,63.7
SESS001717,U000314,entertainment_heavy,2025-06-06T14:56:30,2025-06-06T15:00:52,10,185.4
SESS001718,U000314,backend_cloud,2025-03-01T07:51:14,2025-03-01T07:57:23,10,274.3
SESS001719,U000314,dsa_java_interview,2025-05-24T04:36:53,2025-05-24T04:43:42,10,304.7
SESS001720,U000315,cybersecurity,2025-03-16T12:45:42,2025-03-16T12:47:43,4,82.3
SESS001721,U000315,ai_python,2025-02-03T13:30:33,2025-02-03T13:34:18,6,155.4
SESS001722,U000315,entertainment_heavy,2025-11-25T18:52:28,2025-11-25T18:54:59,4,101.3
SESS001723,U000315,ai_python,2025-01-01T00:49:54,2025-01-01T00:54:45,7,229.2
SESS001724,U000315,backend_cloud,2025-01-31T23:17:35,2025-01-31T23:20:23,7,106.8
SESS001725,U000315,cybersecurity,2025-07-24T07:56:55,2025-07-24T07:59:54,7,124.2
SESS001726,U000315,entertainment_heavy,2025-02-07T21:14:06,2025-02-07T21:21:14,12,284.3
SESS001727,U000315,dsa_java_interview,2025-11-09T13:48:09,2025-11-09T13:50:17,4,88.9
SESS001728,U000316,gaming_hardware,2025-03-20T06:55:47,2025-03-20T07:00:48,7,230.9
SESS001729,U000316,ai_python,2025-09-18T01:58:34,2025-09-18T02:01:02,4,107.1
SESS001730,U000316,dsa_java_interview,2025-05-03T06:13:01,2025-05-03T06:18:50,11,227.3
SESS001731,U000316,ai_python,2025-10-19T08:46:22,2025-10-19T08:50:30,8,173.8
SESS001732,U000316,gaming_hardware,2025-01-04T23:28:42,2025-01-04T23:32:25,8,92.2
SESS001733,U000317,cybersecurity,2025-11-24T09:40:52,2025-11-24T09:44:47,8,154.2
SESS001734,U000317,cybersecurity,2025-03-22T16:47:48,2025-03-22T16:51:08,8,103.5
SESS001735,U000317,gaming_hardware,2025-08-11T18:39:21,2025-08-11T18:42:34,6,153.6
SESS001736,U000317,ai_python,2025-02-13T18:02:07,2025-02-13T18:05:09,5,108.9
SESS001737,U000317,entertainment_heavy,2025-06-03T02:42:31,2025-06-03T02:49:48,12,322.2
SESS001738,U000317,dsa_java_interview,2025-02-24T11:05:15,2025-02-24T11:07:41,4,75.6
SESS001739,U000318,ai_python,2025-02-18T16:18:07,2025-02-18T16:19:46,3,49.0
SESS001740,U000318,gaming_hardware,2025-11-15T00:59:42,2025-11-15T01:02:16,5,106.3
SESS001741,U000318,cybersecurity,2025-08-07T04:37:09,2025-08-07T04:39:08,5,74.9
SESS001742,U000318,dsa_java_interview,2025-05-02T10:58:23,2025-05-02T10:59:22,3,35.2
SESS001743,U000319,cybersecurity,2025-04-10T11:35:16,2025-04-10T11:39:15,9,156.0
SESS001744,U000319,dsa_java_interview,2025-10-07T02:41:56,2025-10-07T02:46:47,10,186.0
SESS001745,U000319,backend_cloud,2025-04-29T22:29:32,2025-04-29T22:32:45,7,145.2
SESS001746,U000319,ai_python,2025-11-15T00:03:32,2025-11-15T00:06:45,6,122.9
SESS001747,U000319,ai_python,2025-07-11T00:52:07,2025-07-11T00:54:41,7,82.6
SESS001748,U000319,entertainment_heavy,2025-08-24T18:40:26,2025-08-24T18:42:33,6,92.8
SESS001749,U000319,cybersecurity,2025-08-25T23:22:38,2025-08-25T23:26:58,8,174.0
SESS001750,U000320,dsa_java_interview,2025-10-19T00:21:16,2025-10-19T00:24:22,5,139.7
SESS001751,U000320,cybersecurity,2025-02-14T09:52:00,2025-02-14T09:53:41,5,35.3
SESS001752,U000320,dsa_java_interview,2025-10-30T21:24:02,2025-10-30T21:27:00,8,116.9
SESS001753,U000320,backend_cloud,2025-02-16T00:48:31,2025-02-16T00:54:08,11,219.2
SESS001754,U000321,dsa_java_interview,2025-01-20T12:49:02,2025-01-20T12:53:16,9,154.0
SESS001755,U000321,entertainment_heavy,2025-04-09T17:06:27,2025-04-09T17:08:54,5,92.8
SESS001756,U000321,backend_cloud,2025-10-04T14:05:18,2025-10-04T14:08:01,5,113.2
SESS001757,U000321,mixed_scroll,2025-07-31T12:29:15,2025-07-31T12:34:24,8,224.7
SESS001758,U000321,ai_python,2025-04-09T03:51:32,2025-04-09T03:53:40,4,89.7
SESS001759,U000322,ai_python,2025-08-05T13:15:30,2025-08-05T13:17:13,4,58.9
SESS001760,U000322,backend_cloud,2025-04-11T12:04:25,2025-04-11T12:10:30,12,247.5
SESS001761,U000322,mixed_scroll,2025-07-01T00:04:19,2025-07-01T00:07:32,8,113.0
SESS001762,U000322,ai_python,2025-03-05T06:48:22,2025-03-05T06:51:57,7,114.2
SESS001763,U000322,cybersecurity,2025-01-27T01:44:01,2025-01-27T01:50:49,12,305.3
SESS001764,U000322,dsa_java_interview,2025-03-04T12:51:57,2025-03-04T12:59:32,12,334.6
SESS001765,U000322,gaming_hardware,2025-09-12T21:23:24,2025-09-12T21:27:58,11,158.4
SESS001766,U000323,dsa_java_interview,2025-02-15T09:29:46,2025-02-15T09:33:05,8,101.2
SESS001767,U000323,cybersecurity,2025-07-11T22:35:52,2025-07-11T22:40:31,10,185.7
SESS001768,U000323,ai_python,2025-02-19T01:41:15,2025-02-19T01:44:37,7,104.1
SESS001769,U000323,ai_python,2025-11-30T02:08:38,2025-11-30T02:12:56,8,183.6
SESS001770,U000323,gaming_hardware,2025-05-11T13:05:42,2025-05-11T13:08:42,6,111.2
SESS001771,U000323,ai_python,2025-06-24T03:32:40,2025-06-24T03:34:11,3,60.1
SESS001772,U000324,cybersecurity,2025-05-13T22:51:18,2025-05-13T22:55:24,9,150.9
SESS001773,U000324,dsa_java_interview,2025-11-27T00:06:21,2025-11-27T00:13:25,12,319.4
SESS001774,U000324,dsa_java_interview,2025-02-15T04:26:41,2025-02-15T04:29:31,7,95.9
SESS001775,U000324,cybersecurity,2025-06-07T01:10:54,2025-06-07T01:12:16,3,58.6
SESS001776,U000324,ai_python,2025-04-12T15:03:48,2025-04-12T15:05:31,4,62.1
SESS001777,U000324,dsa_java_interview,2025-10-18T19:04:55,2025-10-18T19:06:45,5,75.5
SESS001778,U000325,backend_cloud,2025-03-10T04:59:07,2025-03-10T05:00:47,4,49.8
SESS001779,U000325,entertainment_heavy,2025-09-21T13:41:41,2025-09-21T13:45:47,10,176.3
SESS001780,U000325,backend_cloud,2025-05-08T03:43:08,2025-05-08T03:46:54,9,133.3
SESS001781,U000325,backend_cloud,2025-06-25T21:54:00,2025-06-25T21:56:35,5,112.4
SESS001782,U000325,ai_python,2025-02-02T16:26:37,2025-02-02T16:28:43,3,91.2
SESS001783,U000325,entertainment_heavy,2025-06-20T05:38:31,2025-06-20T05:40:12,4,62.2
SESS001784,U000325,backend_cloud,2025-02-15T02:39:18,2025-02-15T02:44:24,12,180.4
SESS001785,U000326,entertainment_heavy,2025-07-04T20:27:09,2025-07-04T20:32:47,9,255.5
SESS001786,U000326,cybersecurity,2025-01-09T16:17:25,2025-01-09T16:23:46,11,266.4
SESS001787,U000326,dsa_java_interview,2025-03-14T06:37:45,2025-03-14T06:40:01,5,79.6
SESS001788,U000327,gaming_hardware,2025-05-14T20:53:10,2025-05-14T20:55:37,6,91.4
SESS001789,U000327,dsa_java_interview,2025-08-07T04:45:49,2025-08-07T04:51:13,10,204.0
SESS001790,U000327,mixed_scroll,2025-11-17T18:19:31,2025-11-17T18:22:33,6,112.6
SESS001791,U000327,ai_python,2025-11-29T14:43:59,2025-11-29T14:46:13,4,79.8
SESS001792,U000327,mixed_scroll,2025-11-10T03:20:09,2025-11-10T03:24:37,11,152.1
SESS001793,U000327,entertainment_heavy,2025-01-30T11:08:14,2025-01-30T11:11:42,6,162.0
SESS001794,U000328,entertainment_heavy,2025-11-07T06:08:21,2025-11-07T06:09:57,4,47.5
SESS001795,U000328,ai_python,2025-02-21T20:56:50,2025-02-21T20:58:19,3,65.1
SESS001796,U000328,entertainment_heavy,2025-06-06T10:34:43,2025-06-06T10:42:24,12,348.9
SESS001797,U000328,gaming_hardware,2025-02-26T20:20:35,2025-02-26T20:22:40,4,67.9
SESS001798,U000328,ai_python,2025-10-18T13:01:15,2025-10-18T13:07:05,12,234.3
SESS001799,U000329,dsa_java_interview,2025-01-26T14:16:49,2025-01-26T14:22:08,11,198.9
SESS001800,U000329,ai_python,2025-11-11T07:37:28,2025-11-11T07:44:20,12,273.0
SESS001801,U000329,cybersecurity,2025-01-23T09:08:49,2025-01-23T09:13:51,9,187.6
SESS001802,U000330,dsa_java_interview,2025-05-27T22:50:29,2025-05-27T22:53:48,6,128.2
SESS001803,U000330,entertainment_heavy,2025-02-05T22:08:15,2025-02-05T22:14:32,10,273.9
SESS001804,U000330,entertainment_heavy,2025-10-17T12:53:33,2025-10-17T12:58:18,7,215.3
SESS001805,U000330,mixed_scroll,2025-04-09T01:43:35,2025-04-09T01:47:52,7,193.7
SESS001806,U000330,backend_cloud,2025-09-11T10:42:43,2025-09-11T10:44:35,3,94.3
SESS001807,U000330,ai_python,2025-01-14T22:49:47,2025-01-14T22:51:26,3,67.6
SESS001808,U000330,dsa_java_interview,2025-02-04T15:33:50,2025-02-04T15:37:25,6,154.3
SESS001809,U000331,mixed_scroll,2025-04-30T06:05:09,2025-04-30T06:11:19,11,262.3
SESS001810,U000331,entertainment_heavy,2025-08-18T12:43:15,2025-08-18T12:45:01,4,73.1
SESS001811,U000331,cybersecurity,2025-04-18T07:42:06,2025-04-18T07:48:08,11,250.4
SESS001812,U000331,cybersecurity,2025-06-28T02:07:58,2025-06-28T02:09:56,3,75.2
SESS001813,U000331,backend_cloud,2025-06-25T05:14:14,2025-06-25T05:20:20,11,232.2
SESS001814,U000331,entertainment_heavy,2025-06-22T18:21:13,2025-06-22T18:24:45,6,144.0
SESS001815,U000331,gaming_hardware,2025-09-02T18:52:03,2025-09-02T18:53:04,3,33.5
SESS001816,U000332,cybersecurity,2025-09-19T00:51:33,2025-09-19T00:54:25,7,112.7
SESS001817,U000332,backend_cloud,2025-09-11T06:56:29,2025-09-11T07:00:30,10,132.0
SESS001818,U000332,cybersecurity,2025-10-22T17:05:43,2025-10-22T17:11:21,12,197.4
SESS001819,U000332,dsa_java_interview,2025-09-11T06:22:31,2025-09-11T06:25:52,8,127.1
SESS001820,U000332,dsa_java_interview,2025-01-01T22:04:27,2025-01-01T22:09:56,11,225.1
SESS001821,U000332,ai_python,2025-11-04T01:16:51,2025-11-04T01:18:19,3,57.5
SESS001822,U000333,entertainment_heavy,2025-07-01T01:31:39,2025-07-01T01:37:09,11,226.6
SESS001823,U000333,mixed_scroll,2025-09-01T10:16:32,2025-09-01T10:18:47,4,92.8
SESS001824,U000333,entertainment_heavy,2025-06-07T06:07:54,2025-06-07T06:13:12,10,217.4
SESS001825,U000333,cybersecurity,2025-04-23T17:38:19,2025-04-23T17:41:17,4,117.5
SESS001826,U000333,cybersecurity,2025-02-16T18:30:59,2025-02-16T18:36:14,10,191.1
SESS001827,U000333,dsa_java_interview,2025-03-17T07:28:28,2025-03-17T07:31:26,6,119.1
SESS001828,U000334,cybersecurity,2025-07-24T02:35:40,2025-07-24T02:42:46,10,312.9
SESS001829,U000334,mixed_scroll,2025-11-22T18:03:25,2025-11-22T18:07:58,9,178.3
SESS001830,U000334,dsa_java_interview,2025-01-01T00:21:17,2025-01-01T00:22:51,4,53.2
SESS001831,U000334,dsa_java_interview,2025-02-09T21:04:39,2025-02-09T21:07:03,6,96.8
SESS001832,U000334,entertainment_heavy,2025-02-22T20:25:20,2025-02-22T20:31:18,11,230.2
SESS001833,U000335,entertainment_heavy,2025-02-25T07:40:50,2025-02-25T07:47:07,10,252.7
SESS001834,U000335,mixed_scroll,2025-05-16T21:28:50,2025-05-16T21:33:45,8,197.4
SESS001835,U000335,entertainment_heavy,2025-07-28T14:06:43,2025-07-28T14:10:04,4,152.4
SESS001836,U000335,mixed_scroll,2025-09-09T15:38:38,2025-09-09T15:43:35,9,187.2
SESS001837,U000335,dsa_java_interview,2025-07-30T22:37:03,2025-07-30T22:42:29,11,190.4
SESS001838,U000336,ai_python,2025-10-26T04:16:17,2025-10-26T04:17:45,3,45.9
SESS001839,U000336,backend_cloud,2025-06-29T07:56:32,2025-06-29T07:57:51,3,47.5
SESS001840,U000336,entertainment_heavy,2025-08-27T14:25:55,2025-08-27T14:27:33,4,60.6
SESS001841,U000336,mixed_scroll,2025-01-27T08:47:42,2025-01-27T08:50:15,5,91.6
SESS001842,U000336,ai_python,2025-03-30T19:45:35,2025-03-30T19:49:00,8,110.6
SESS001843,U000336,dsa_java_interview,2025-06-07T08:33:51,2025-06-07T08:41:40,12,329.8
SESS001844,U000337,mixed_scroll,2025-02-13T23:23:54,2025-02-13T23:28:37,8,185.5
SESS001845,U000337,cybersecurity,2025-09-12T05:47:50,2025-09-12T05:52:33,9,209.0
SESS001846,U000337,entertainment_heavy,2025-01-09T21:20:48,2025-01-09T21:24:42,8,157.3
SESS001847,U000338,mixed_scroll,2025-04-28T21:03:40,2025-04-28T21:07:12,6,153.7
SESS001848,U000338,cybersecurity,2025-02-05T01:31:33,2025-02-05T01:34:11,5,93.5
SESS001849,U000338,backend_cloud,2025-06-20T13:35:04,2025-06-20T13:43:03,12,306.4
SESS001850,U000338,ai_python,2025-08-12T13:26:19,2025-08-12T13:33:59,12,331.3
SESS001851,U000338,dsa_java_interview,2025-07-14T14:06:22,2025-07-14T14:10:02,6,137.6
SESS001852,U000339,mixed_scroll,2025-09-27T17:37:56,2025-09-27T17:43:19,11,206.1
SESS001853,U000339,gaming_hardware,2025-06-09T12:43:35,2025-06-09T12:46:38,5,141.8
SESS001854,U000339,mixed_scroll,2025-07-30T17:08:19,2025-07-30T17:10:32,4,82.0
SESS001855,U000339,dsa_java_interview,2025-03-08T07:00:28,2025-03-08T07:03:07,5,90.3
SESS001856,U000339,backend_cloud,2025-09-29T09:23:56,2025-09-29T09:26:02,6,64.6
SESS001857,U000339,mixed_scroll,2025-06-22T07:46:59,2025-06-22T07:52:08,12,165.9
SESS001858,U000339,cybersecurity,2025-04-04T12:24:52,2025-04-04T12:31:47,11,289.7
SESS001859,U000339,dsa_java_interview,2025-07-26T22:24:31,2025-07-26T22:29:52,12,204.5
SESS001860,U000340,dsa_java_interview,2025-03-25T08:21:41,2025-03-25T08:26:59,10,222.4
SESS001861,U000340,dsa_java_interview,2025-02-19T11:38:13,2025-02-19T11:42:35,10,144.4
SESS001862,U000340,gaming_hardware,2025-04-30T15:37:03,2025-04-30T15:38:55,5,73.2
SESS001863,U000340,dsa_java_interview,2025-04-12T09:33:44,2025-04-12T09:38:29,12,173.7
SESS001864,U000340,ai_python,2025-10-22T22:14:12,2025-10-22T22:22:10,12,340.0
SESS001865,U000340,dsa_java_interview,2025-10-17T00:44:17,2025-10-17T00:48:23,7,176.1
SESS001866,U000341,cybersecurity,2025-11-05T20:46:19,2025-11-05T20:51:57,10,221.7
SESS001867,U000341,gaming_hardware,2025-08-14T13:00:09,2025-08-14T13:03:36,6,135.4
SESS001868,U000341,gaming_hardware,2025-03-16T06:28:34,2025-03-16T06:31:43,7,111.2
SESS001869,U000341,cybersecurity,2025-03-06T13:21:00,2025-03-06T13:22:19,3,46.6
SESS001870,U000342,gaming_hardware,2025-07-08T23:29:47,2025-07-08T23:33:34,9,124.9
SESS001871,U000342,ai_python,2025-03-01T11:51:45,2025-03-01T11:56:20,11,181.9
SESS001872,U000342,ai_python,2025-01-16T21:37:27,2025-01-16T21:40:24,6,110.3
SESS001873,U000342,entertainment_heavy,2025-11-04T14:55:01,2025-11-04T14:57:23,5,95.5
SESS001874,U000342,cybersecurity,2025-04-23T09:10:55,2025-04-23T09:14:56,8,127.0
SESS001875,U000342,mixed_scroll,2025-01-23T13:29:49,2025-01-23T13:35:37,10,242.9
SESS001876,U000342,mixed_scroll,2025-01-12T14:35:24,2025-01-12T14:41:46,11,271.3
SESS001877,U000342,cybersecurity,2025-10-10T05:59:44,2025-10-10T06:03:09,7,165.6
SESS001878,U000343,entertainment_heavy,2025-07-10T13:50:47,2025-07-10T13:56:38,12,222.5
SESS001879,U000343,cybersecurity,2025-10-10T00:34:23,2025-10-10T00:36:42,4,95.9
SESS001880,U000343,mixed_scroll,2025-02-04T20:46:06,2025-02-04T20:50:24,7,196.4
SESS001881,U000343,backend_cloud,2025-04-18T14:14:51,2025-04-18T14:17:37,5,113.9
SESS001882,U000343,entertainment_heavy,2025-05-25T03:22:34,2025-05-25T03:25:34,6,130.7
SESS001883,U000343,gaming_hardware,2025-04-26T01:20:27,2025-04-26T01:25:55,11,197.0
SESS001884,U000343,cybersecurity,2025-02-14T06:00:46,2025-02-14T06:05:11,7,158.7
SESS001885,U000344,gaming_hardware,2025-09-15T11:19:59,2025-09-15T11:24:33,9,173.9
SESS001886,U000344,backend_cloud,2025-02-20T05:34:25,2025-02-20T05:36:58,6,94.7
SESS001887,U000344,mixed_scroll,2025-02-08T04:42:28,2025-02-08T04:45:57,7,140.5
SESS001888,U000344,dsa_java_interview,2025-08-12T11:17:38,2025-08-12T11:22:56,9,225.1
SESS001889,U000345,backend_cloud,2025-02-05T10:49:50,2025-02-05T10:54:16,9,179.7
SESS001890,U000345,mixed_scroll,2025-06-28T12:40:51,2025-06-28T12:45:00,6,172.7
SESS001891,U000345,entertainment_heavy,2025-02-28T11:42:03,2025-02-28T11:48:59,12,285.3
SESS001892,U000345,entertainment_heavy,2025-01-22T06:11:23,2025-01-22T06:15:52,9,140.7
SESS001893,U000345,ai_python,2025-02-27T20:00:17,2025-02-27T20:03:10,5,108.8
SESS001894,U000345,mixed_scroll,2025-10-10T09:47:43,2025-10-10T09:55:38,12,352.5
SESS001895,U000345,dsa_java_interview,2025-11-25T01:42:23,2025-11-25T01:46:41,6,185.1
SESS001896,U000345,entertainment_heavy,2025-11-09T18:55:52,2025-11-09T18:58:59,4,134.4
SESS001897,U000346,ai_python,2025-02-13T02:34:08,2025-02-13T02:38:30,8,215.1
SESS001898,U000346,gaming_hardware,2025-05-28T22:52:06,2025-05-28T22:57:44,11,237.4
SESS001899,U000346,cybersecurity,2025-06-20T00:59:57,2025-06-20T01:02:45,4,119.4
SESS001900,U000346,ai_python,2025-04-25T21:22:08,2025-04-25T21:24:21,5,94.5
SESS001901,U000346,ai_python,2025-03-18T13:33:38,2025-03-18T13:36:23,9,94.6
SESS001902,U000346,gaming_hardware,2025-06-24T05:38:17,2025-06-24T05:44:26,12,244.7
SESS001903,U000346,gaming_hardware,2025-05-25T14:31:57,2025-05-25T14:34:39,5,113.8
SESS001904,U000347,dsa_java_interview,2025-08-31T13:46:58,2025-08-31T13:52:01,11,204.8
SESS001905,U000347,ai_python,2025-02-24T03:03:43,2025-02-24T03:10:51,12,274.7
SESS001906,U000347,mixed_scroll,2025-08-01T20:14:05,2025-08-01T20:17:35,10,95.7
SESS001907,U000347,ai_python,2025-02-09T16:48:57,2025-02-09T16:54:27,12,196.7
SESS001908,U000347,cybersecurity,2025-05-07T06:32:17,2025-05-07T06:33:34,3,35.7
SESS001909,U000347,ai_python,2025-03-22T06:08:09,2025-03-22T06:13:54,11,223.8
SESS001910,U000347,mixed_scroll,2025-07-09T20:42:13,2025-07-09T20:43:39,4,43.9
SESS001911,U000347,backend_cloud,2025-03-09T02:08:08,2025-03-09T02:09:55,4,77.9
SESS001912,U000348,mixed_scroll,2025-03-02T19:51:47,2025-03-02T19:56:25,10,154.9
SESS001913,U000348,dsa_java_interview,2025-03-13T04:22:49,2025-03-13T04:26:55,8,169.5
SESS001914,U000348,cybersecurity,2025-07-14T07:04:37,2025-07-14T07:08:20,8,151.9
SESS001915,U000348,mixed_scroll,2025-02-28T17:40:13,2025-02-28T17:42:43,5,94.1
SESS001916,U000348,mixed_scroll,2025-05-19T11:01:58,2025-05-19T11:08:03,11,195.8
SESS001917,U000349,mixed_scroll,2025-06-25T23:55:15,2025-06-26T00:00:48,9,229.7
SESS001918,U000349,entertainment_heavy,2025-10-29T19:55:01,2025-10-29T20:02:37,12,335.1
SESS001919,U000349,mixed_scroll,2025-10-07T19:16:01,2025-10-07T19:22:05,8,284.6
SESS001920,U000349,entertainment_heavy,2025-10-02T05:06:47,2025-10-02T05:11:47,12,186.7
SESS001921,U000350,entertainment_heavy,2025-10-02T16:39:23,2025-10-02T16:44:44,12,215.0
SESS001922,U000350,backend_cloud,2025-11-12T08:49:08,2025-11-12T08:52:59,7,149.7
SESS001923,U000350,ai_python,2025-04-18T14:34:46,2025-04-18T14:38:31,7,143.8
SESS001924,U000350,ai_python,2025-08-18T18:50:25,2025-08-18T18:54:06,8,178.2
SESS001925,U000350,dsa_java_interview,2025-05-24T19:59:47,2025-05-24T20:05:24,11,217.7
SESS001926,U000350,cybersecurity,2025-11-06T17:42:42,2025-11-06T17:47:17,11,178.2
SESS001927,U000351,dsa_java_interview,2025-06-05T08:51:56,2025-06-05T08:53:29,3,66.1
SESS001928,U000351,entertainment_heavy,2025-08-22T00:12:07,2025-08-22T00:16:53,10,200.4
SESS001929,U000351,mixed_scroll,2025-02-15T02:03:12,2025-02-15T02:08:04,9,196.3
SESS001930,U000351,backend_cloud,2025-11-23T03:35:11,2025-11-23T03:41:25,11,259.0
SESS001931,U000351,ai_python,2025-01-04T11:05:46,2025-01-04T11:09:46,6,191.2
SESS001932,U000351,mixed_scroll,2025-04-17T04:51:51,2025-04-17T04:57:31,11,222.7
SESS001933,U000352,cybersecurity,2025-11-04T17:20:15,2025-11-04T17:24:02,7,179.9
SESS001934,U000352,cybersecurity,2025-02-22T19:41:22,2025-02-22T19:44:57,7,140.3
SESS001935,U000352,ai_python,2025-03-10T18:50:19,2025-03-10T18:55:58,11,229.6
SESS001936,U000352,dsa_java_interview,2025-01-04T09:10:53,2025-01-04T09:15:11,9,135.9
SESS001937,U000352,cybersecurity,2025-03-28T01:06:46,2025-03-28T01:09:32,5,125.8
SESS001938,U000352,cybersecurity,2025-04-25T07:49:58,2025-04-25T07:53:44,7,140.1
SESS001939,U000353,cybersecurity,2025-05-21T08:38:21,2025-05-21T08:41:39,6,151.5
SESS001940,U000353,dsa_java_interview,2025-06-19T04:33:44,2025-06-19T04:39:51,12,257.8
SESS001941,U000353,gaming_hardware,2025-03-15T06:48:05,2025-03-15T06:55:28,12,322.1
SESS001942,U000353,cybersecurity,2025-02-14T07:37:10,2025-02-14T07:42:37,8,247.1
SESS001943,U000354,dsa_java_interview,2025-05-15T13:37:18,2025-05-15T13:44:14,10,279.9
SESS001944,U000354,gaming_hardware,2025-09-30T13:33:25,2025-09-30T13:35:26,4,85.7
SESS001945,U000354,dsa_java_interview,2025-02-10T14:49:02,2025-02-10T14:53:59,9,223.7
SESS001946,U000354,dsa_java_interview,2025-08-08T01:24:18,2025-08-08T01:29:28,8,229.0
SESS001947,U000354,cybersecurity,2025-10-28T02:16:16,2025-10-28T02:19:44,5,148.0
SESS001948,U000354,entertainment_heavy,2025-06-24T04:23:34,2025-06-24T04:26:11,6,102.8
SESS001949,U000354,ai_python,2025-02-24T03:13:10,2025-02-24T03:17:40,11,184.8
SESS001950,U000354,ai_python,2025-07-20T05:28:30,2025-07-20T05:31:30,7,105.4
SESS001951,U000355,mixed_scroll,2025-09-12T04:29:04,2025-09-12T04:36:47,12,329.1
SESS001952,U000355,dsa_java_interview,2025-02-04T01:23:50,2025-02-04T01:30:29,12,302.1
SESS001953,U000355,gaming_hardware,2025-03-13T00:55:59,2025-03-13T00:59:39,6,141.2
SESS001954,U000355,ai_python,2025-05-06T19:30:33,2025-05-06T19:31:58,3,55.3
SESS001955,U000355,cybersecurity,2025-10-16T18:54:17,2025-10-16T18:59:15,7,221.2
SESS001956,U000355,mixed_scroll,2025-05-04T09:27:53,2025-05-04T09:32:55,8,205.9
SESS001957,U000355,gaming_hardware,2025-11-06T20:25:03,2025-11-06T20:29:43,9,187.6
SESS001958,U000356,entertainment_heavy,2025-06-28T11:13:50,2025-06-28T11:17:20,7,143.1
SESS001959,U000356,cybersecurity,2025-08-15T14:18:11,2025-08-15T14:19:46,4,52.1
SESS001960,U000356,entertainment_heavy,2025-07-02T19:36:07,2025-07-02T19:41:33,11,230.9
SESS001961,U000356,ai_python,2025-11-28T09:37:28,2025-11-28T09:42:46,9,185.9
SESS001962,U000357,cybersecurity,2025-07-17T01:26:16,2025-07-17T01:28:35,6,65.7
SESS001963,U000357,ai_python,2025-10-03T01:01:16,2025-10-03T01:08:29,10,346.5
SESS001964,U000357,mixed_scroll,2025-05-05T03:21:59,2025-05-05T03:25:04,7,105.6
SESS001965,U000357,dsa_java_interview,2025-07-03T04:49:40,2025-07-03T04:54:45,8,227.6
SESS001966,U000357,cybersecurity,2025-11-06T06:09:00,2025-11-06T06:13:40,10,180.7
SESS001967,U000358,backend_cloud,2025-07-24T01:47:00,2025-07-24T01:48:52,6,61.3
SESS001968,U000358,gaming_hardware,2025-05-27T20:34:20,2025-05-27T20:38:15,8,147.6
SESS001969,U000358,entertainment_heavy,2025-04-20T21:09:25,2025-04-20T21:12:10,6,87.6
SESS001970,U000358,dsa_java_interview,2025-06-21T06:47:51,2025-06-21T06:51:26,8,131.8
SESS001971,U000358,ai_python,2025-09-21T18:47:26,2025-09-21T18:54:08,11,295.7
SESS001972,U000358,backend_cloud,2025-10-28T05:12:20,2025-10-28T05:14:28,3,93.4
SESS001973,U000358,dsa_java_interview,2025-02-26T17:16:42,2025-02-26T17:21:07,8,163.3
SESS001974,U000359,dsa_java_interview,2025-08-10T04:51:02,2025-08-10T04:56:32,12,236.9
SESS001975,U000359,dsa_java_interview,2025-04-17T16:43:48,2025-04-17T16:49:16,11,206.4
SESS001976,U000359,backend_cloud,2025-09-16T20:29:35,2025-09-16T20:36:09,11,289.4
SESS001977,U000359,dsa_java_interview,2025-08-12T18:18:33,2025-08-12T18:20:17,3,75.2
SESS001978,U000359,backend_cloud,2025-11-24T04:30:22,2025-11-24T04:35:32,9,196.7
SESS001979,U000359,entertainment_heavy,2025-11-16T19:23:56,2025-11-16T19:29:26,8,223.7
SESS001980,U000360,ai_python,2025-10-01T07:28:24,2025-10-01T07:33:23,10,201.2
SESS001981,U000360,gaming_hardware,2025-08-01T09:38:56,2025-08-01T09:45:09,10,265.4
SESS001982,U000360,cybersecurity,2025-05-25T18:07:12,2025-05-25T18:09:20,3,91.7
SESS001983,U000360,dsa_java_interview,2025-07-23T03:07:34,2025-07-23T03:14:32,12,266.9
SESS001984,U000360,dsa_java_interview,2025-05-12T23:38:03,2025-05-12T23:41:42,7,160.9
SESS001985,U000360,ai_python,2025-10-10T00:23:24,2025-10-10T00:28:48,11,219.6
SESS001986,U000361,ai_python,2025-03-03T12:45:25,2025-03-03T12:47:19,4,71.8
SESS001987,U000361,gaming_hardware,2025-02-24T17:06:22,2025-02-24T17:09:20,9,125.4
SESS001988,U000361,cybersecurity,2025-06-17T15:49:46,2025-06-17T15:54:11,11,147.9
SESS001989,U000361,backend_cloud,2025-06-09T15:53:30,2025-06-09T15:59:46,11,199.7
SESS001990,U000362,ai_python,2025-05-19T02:32:00,2025-05-19T02:36:34,9,195.5
SESS001991,U000362,mixed_scroll,2025-05-13T06:37:48,2025-05-13T06:39:22,4,53.6
SESS001992,U000362,ai_python,2025-04-13T11:50:50,2025-04-13T11:52:29,3,84.0
SESS001993,U000363,entertainment_heavy,2025-02-27T17:28:44,2025-02-27T17:32:18,7,118.2
SESS001994,U000363,backend_cloud,2025-09-27T07:18:18,2025-09-27T07:23:15,9,204.8
SESS001995,U000363,gaming_hardware,2025-09-30T18:42:08,2025-09-30T18:50:06,12,342.9
SESS001996,U000363,gaming_hardware,2025-09-13T11:42:53,2025-09-13T11:46:27,7,158.1
SESS001997,U000363,cybersecurity,2025-05-07T21:11:36,2025-05-07T21:16:46,10,224.2
SESS001998,U000363,mixed_scroll,2025-01-20T16:44:58,2025-01-20T16:45:41,3,15.7
SESS001999,U000363,dsa_java_interview,2025-09-16T10:22:27,2025-09-16T10:24:49,5,95.2
SESS002000,U000363,dsa_java_interview,2025-07-16T11:06:10,2025-07-16T11:11:17,9,205.2
SESS002001,U000364,backend_cloud,2025-03-30T06:54:23,2025-03-30T06:56:12,4,73.1
SESS002002,U000364,gaming_hardware,2025-10-15T18:35:07,2025-10-15T18:38:18,7,131.9
SESS002003,U000364,mixed_scroll,2025-04-05T09:42:16,2025-04-05T09:43:55,3,68.3
SESS002004,U000364,backend_cloud,2025-06-23T04:11:10,2025-06-23T04:16:33,12,210.6
SESS002005,U000364,backend_cloud,2025-05-24T22:11:24,2025-05-24T22:15:45,11,183.4
SESS002006,U000364,dsa_java_interview,2025-06-19T06:03:41,2025-06-19T06:08:21,8,198.1
SESS002007,U000364,mixed_scroll,2025-02-18T20:19:18,2025-02-18T20:24:08,9,200.9
SESS002008,U000365,backend_cloud,2025-04-09T03:46:29,2025-04-09T03:49:12,4,114.2
SESS002009,U000365,gaming_hardware,2025-08-30T08:03:44,2025-08-30T08:05:54,5,84.8
SESS002010,U000365,entertainment_heavy,2025-04-16T01:39:09,2025-04-16T01:42:44,8,135.9
SESS002011,U000365,mixed_scroll,2025-08-31T08:24:31,2025-08-31T08:29:39,8,201.6
SESS002012,U000365,ai_python,2025-10-15T08:20:28,2025-10-15T08:23:39,5,134.9
SESS002013,U000365,backend_cloud,2025-02-01T00:40:41,2025-02-01T00:45:06,9,152.4
SESS002014,U000365,entertainment_heavy,2025-09-25T04:50:04,2025-09-25T04:54:47,10,218.8
SESS002015,U000365,dsa_java_interview,2025-11-22T22:10:34,2025-11-22T22:12:48,3,89.9
SESS002016,U000366,entertainment_heavy,2025-04-06T03:29:40,2025-04-06T03:32:47,6,106.4
SESS002017,U000366,dsa_java_interview,2025-04-15T06:43:43,2025-04-15T06:47:29,9,142.8
SESS002018,U000366,dsa_java_interview,2025-01-11T05:31:15,2025-01-11T05:35:21,9,190.6
SESS002019,U000366,backend_cloud,2025-05-10T08:10:37,2025-05-10T08:14:42,8,145.8
SESS002020,U000366,cybersecurity,2025-06-30T08:17:23,2025-06-30T08:23:19,10,232.8
SESS002021,U000366,cybersecurity,2025-07-15T12:51:26,2025-07-15T12:53:33,3,76.9
SESS002022,U000367,dsa_java_interview,2025-10-10T20:27:34,2025-10-10T20:29:47,4,87.9
SESS002023,U000367,entertainment_heavy,2025-04-28T06:40:42,2025-04-28T06:44:14,6,141.0
SESS002024,U000367,entertainment_heavy,2025-04-28T16:05:53,2025-04-28T16:06:56,3,47.9
SESS002025,U000367,backend_cloud,2025-03-25T16:49:12,2025-03-25T16:53:49,9,158.5
SESS002026,U000367,dsa_java_interview,2025-06-19T01:13:27,2025-06-19T01:15:58,6,95.4
SESS002027,U000367,dsa_java_interview,2025-09-20T04:29:01,2025-09-20T04:34:38,12,230.5
SESS002028,U000368,ai_python,2025-03-23T08:52:37,2025-03-23T08:56:05,7,112.8
SESS002029,U000368,entertainment_heavy,2025-11-22T03:18:30,2025-11-22T03:21:41,7,115.3
SESS002030,U000368,mixed_scroll,2025-02-09T14:03:24,2025-02-09T14:08:27,7,232.7
SESS002031,U000368,backend_cloud,2025-04-05T15:06:00,2025-04-05T15:07:47,3,79.3
SESS002032,U000369,backend_cloud,2025-09-30T10:51:43,2025-09-30T10:54:56,7,156.7
SESS002033,U000369,entertainment_heavy,2025-11-26T15:29:55,2025-11-26T15:32:25,5,83.0
SESS002034,U000369,mixed_scroll,2025-07-01T18:05:03,2025-07-01T18:09:08,6,186.1
SESS002035,U000369,cybersecurity,2025-08-16T14:46:32,2025-08-16T14:49:36,7,107.5
SESS002036,U000369,backend_cloud,2025-08-08T23:04:04,2025-08-08T23:08:19,11,134.9
SESS002037,U000369,dsa_java_interview,2025-01-09T05:31:44,2025-01-09T05:36:09,8,186.6
SESS002038,U000369,backend_cloud,2025-10-02T19:15:39,2025-10-02T19:21:49,11,218.1
SESS002039,U000369,gaming_hardware,2025-02-10T20:45:49,2025-02-10T20:48:12,4,91.0
SESS002040,U000370,cybersecurity,2025-07-25T22:02:17,2025-07-25T22:08:03,12,250.8
SESS002041,U000370,cybersecurity,2025-09-03T09:30:35,2025-09-03T09:34:16,8,153.3
SESS002042,U000370,backend_cloud,2025-02-28T03:48:14,2025-02-28T03:49:59,3,73.1
SESS002043,U000370,dsa_java_interview,2025-01-23T06:01:19,2025-01-23T06:03:43,4,96.7
SESS002044,U000371,mixed_scroll,2025-05-13T11:56:49,2025-05-13T12:01:10,8,165.8
SESS002045,U000371,cybersecurity,2025-04-24T05:24:50,2025-04-24T05:27:23,7,97.7
SESS002046,U000371,cybersecurity,2025-07-20T23:09:54,2025-07-20T23:13:47,7,161.7
SESS002047,U000371,cybersecurity,2025-09-09T10:13:43,2025-09-09T10:16:23,7,87.5
SESS002048,U000371,cybersecurity,2025-02-08T00:36:44,2025-02-08T00:40:46,9,153.4
SESS002049,U000371,entertainment_heavy,2025-04-23T00:54:18,2025-04-23T00:55:35,3,32.3
SESS002050,U000372,entertainment_heavy,2025-08-23T18:31:03,2025-08-23T18:36:38,11,255.5
SESS002051,U000372,gaming_hardware,2025-03-26T11:28:18,2025-03-26T11:31:18,7,104.1
SESS002052,U000372,gaming_hardware,2025-06-13T12:08:30,2025-06-13T12:15:43,12,279.2
SESS002053,U000372,entertainment_heavy,2025-06-21T05:15:12,2025-06-21T05:18:07,5,113.0
SESS002054,U000372,ai_python,2025-04-22T20:51:22,2025-04-22T20:56:24,10,212.7
SESS002055,U000372,entertainment_heavy,2025-05-17T08:55:54,2025-05-17T08:57:45,3,78.4
SESS002056,U000373,entertainment_heavy,2025-01-21T11:34:30,2025-01-21T11:38:51,10,171.1
SESS002057,U000373,cybersecurity,2025-07-23T09:15:07,2025-07-23T09:21:18,12,274.5
SESS002058,U000373,ai_python,2025-06-11T21:40:37,2025-06-11T21:44:32,7,177.2
SESS002059,U000373,entertainment_heavy,2025-04-28T23:17:59,2025-04-28T23:20:26,5,117.8
SESS002060,U000373,dsa_java_interview,2025-09-11T03:15:29,2025-09-11T03:17:56,4,95.6
SESS002061,U000373,mixed_scroll,2025-09-10T16:11:27,2025-09-10T16:16:32,10,214.2
SESS002062,U000373,cybersecurity,2025-08-11T21:23:41,2025-08-11T21:25:59,5,73.0
SESS002063,U000374,ai_python,2025-01-15T15:44:14,2025-01-15T15:48:46,7,183.4
SESS002064,U000374,gaming_hardware,2025-05-20T20:12:20,2025-05-20T20:15:33,5,133.6
SESS002065,U000374,dsa_java_interview,2025-07-05T12:41:56,2025-07-05T12:46:37,9,219.7
SESS002066,U000375,cybersecurity,2025-08-09T17:59:23,2025-08-09T18:00:56,3,70.6
SESS002067,U000375,entertainment_heavy,2025-11-22T12:54:46,2025-11-22T12:58:12,6,144.0
SESS002068,U000375,entertainment_heavy,2025-03-08T16:28:08,2025-03-08T16:31:04,5,113.5
SESS002069,U000375,backend_cloud,2025-03-20T04:16:33,2025-03-20T04:19:26,6,100.0
SESS002070,U000375,entertainment_heavy,2025-01-12T20:24:49,2025-01-12T20:27:08,5,73.5
SESS002071,U000376,backend_cloud,2025-11-07T20:24:39,2025-11-07T20:27:22,5,119.1
SESS002072,U000376,mixed_scroll,2025-03-06T01:59:10,2025-03-06T02:01:08,5,55.5
SESS002073,U000376,cybersecurity,2025-02-25T01:01:43,2025-02-25T01:07:15,11,209.2
SESS002074,U000376,backend_cloud,2025-01-13T09:52:17,2025-01-13T09:53:35,3,47.6
SESS002075,U000376,dsa_java_interview,2025-08-05T03:49:53,2025-08-05T03:51:23,4,58.7
SESS002076,U000377,backend_cloud,2025-03-21T13:53:00,2025-03-21T13:55:28,5,104.5
SESS002077,U000377,dsa_java_interview,2025-11-23T09:18:47,2025-11-23T09:21:36,4,138.0
SESS002078,U000377,entertainment_heavy,2025-07-10T20:13:59,2025-07-10T20:19:10,9,182.3
SESS002079,U000377,entertainment_heavy,2025-07-14T16:08:40,2025-07-14T16:12:25,8,163.5
SESS002080,U000377,backend_cloud,2025-01-31T06:43:57,2025-01-31T06:48:18,10,158.1
SESS002081,U000377,mixed_scroll,2025-04-25T15:13:59,2025-04-25T15:15:44,5,56.9
SESS002082,U000377,cybersecurity,2025-04-20T07:30:10,2025-04-20T07:34:21,9,178.4
SESS002083,U000378,cybersecurity,2025-05-26T01:45:24,2025-05-26T01:47:45,4,89.3
SESS002084,U000378,mixed_scroll,2025-06-25T23:06:36,2025-06-25T23:07:54,3,38.3
SESS002085,U000378,dsa_java_interview,2025-02-12T05:53:04,2025-02-12T05:56:42,6,192.5
SESS002086,U000378,mixed_scroll,2025-01-05T23:47:41,2025-01-05T23:52:39,11,181.3
SESS002087,U000378,gaming_hardware,2025-08-30T11:10:07,2025-08-30T11:11:49,3,67.8
SESS002088,U000378,backend_cloud,2025-09-03T08:44:30,2025-09-03T08:49:11,10,193.6
SESS002089,U000378,entertainment_heavy,2025-07-06T06:11:07,2025-07-06T06:13:54,7,92.0
SESS002090,U000379,backend_cloud,2025-09-07T20:15:05,2025-09-07T20:19:44,10,165.4
SESS002091,U000379,ai_python,2025-01-07T10:10:56,2025-01-07T10:11:58,3,37.8
SESS002092,U000379,gaming_hardware,2025-08-19T03:06:52,2025-08-19T03:12:24,9,224.7
SESS002093,U000379,backend_cloud,2025-08-10T05:00:45,2025-08-10T05:07:23,12,263.5
SESS002094,U000379,backend_cloud,2025-05-22T12:14:10,2025-05-22T12:17:50,10,129.3
SESS002095,U000379,mixed_scroll,2025-02-23T17:20:43,2025-02-23T17:26:10,11,224.9
SESS002096,U000379,gaming_hardware,2025-04-12T02:35:10,2025-04-12T02:36:57,4,90.1
SESS002097,U000379,mixed_scroll,2025-05-23T09:35:19,2025-05-23T09:39:28,7,173.1
SESS002098,U000380,gaming_hardware,2025-10-23T14:56:35,2025-10-23T15:02:22,12,217.8
SESS002099,U000380,gaming_hardware,2025-01-04T18:23:13,2025-01-04T18:28:17,11,187.5
SESS002100,U000380,dsa_java_interview,2025-05-18T13:33:37,2025-05-18T13:39:25,9,228.1
SESS002101,U000380,cybersecurity,2025-02-26T12:27:00,2025-02-26T12:31:16,9,158.4
SESS002102,U000380,entertainment_heavy,2025-08-21T06:07:05,2025-08-21T06:11:15,7,169.9
SESS002103,U000380,gaming_hardware,2025-03-28T02:32:41,2025-03-28T02:38:59,8,251.4
SESS002104,U000381,entertainment_heavy,2025-04-29T00:21:40,2025-04-29T00:24:52,4,156.6
SESS002105,U000381,backend_cloud,2025-08-09T09:40:27,2025-08-09T09:47:16,12,271.6
SESS002106,U000381,gaming_hardware,2025-01-12T02:02:46,2025-01-12T02:07:05,8,140.6
SESS002107,U000381,backend_cloud,2025-11-03T04:12:15,2025-11-03T04:15:44,8,132.8
SESS002108,U000381,dsa_java_interview,2025-11-30T20:40:52,2025-11-30T20:44:12,7,118.0
SESS002109,U000381,gaming_hardware,2025-03-29T14:03:56,2025-03-29T14:09:04,11,202.1
SESS002110,U000381,entertainment_heavy,2025-09-23T20:15:23,2025-09-23T20:18:03,6,111.0
SESS002111,U000381,gaming_hardware,2025-09-26T14:08:57,2025-09-26T14:16:39,12,345.3
SESS002112,U000382,cybersecurity,2025-04-16T02:27:44,2025-04-16T02:30:28,5,93.6
SESS002113,U000382,gaming_hardware,2025-10-14T11:31:02,2025-10-14T11:32:40,3,57.7
SESS002114,U000382,backend_cloud,2025-02-03T22:04:41,2025-02-03T22:07:01,6,101.3
SESS002115,U000382,ai_python,2025-11-09T23:56:32,2025-11-10T00:03:51,12,299.3
SESS002116,U000382,mixed_scroll,2025-04-11T23:46:47,2025-04-11T23:49:41,8,104.8
SESS002117,U000383,ai_python,2025-01-06T15:04:02,2025-01-06T15:07:23,7,138.2
SESS002118,U000383,entertainment_heavy,2025-02-02T08:08:55,2025-02-02T08:10:44,3,74.6
SESS002119,U000383,cybersecurity,2025-02-07T17:46:23,2025-02-07T17:48:55,5,83.8
SESS002120,U000383,cybersecurity,2025-10-21T10:49:32,2025-10-21T10:55:28,12,239.7
SESS002121,U000383,entertainment_heavy,2025-11-24T04:39:48,2025-11-24T04:43:18,6,157.9
SESS002122,U000384,mixed_scroll,2025-07-30T17:12:45,2025-07-30T17:19:52,11,287.8
SESS002123,U000384,gaming_hardware,2025-03-16T03:40:59,2025-03-16T03:44:38,6,153.3
SESS002124,U000384,ai_python,2025-01-02T16:04:36,2025-01-02T16:11:34,12,333.5
SESS002125,U000384,mixed_scroll,2025-05-06T11:51:55,2025-05-06T11:55:14,7,138.6
SESS002126,U000384,backend_cloud,2025-07-22T21:00:45,2025-07-22T21:06:04,8,236.4
SESS002127,U000385,backend_cloud,2025-11-15T13:59:19,2025-11-15T14:02:27,5,123.5
SESS002128,U000385,backend_cloud,2025-10-29T12:59:43,2025-10-29T13:02:41,6,98.3
SESS002129,U000385,dsa_java_interview,2025-05-22T23:06:01,2025-05-22T23:09:41,7,144.3
SESS002130,U000385,ai_python,2025-11-08T08:06:59,2025-11-08T08:10:07,5,126.3
SESS002131,U000386,backend_cloud,2025-08-03T05:43:38,2025-08-03T05:46:04,6,99.8
SESS002132,U000386,mixed_scroll,2025-09-20T08:52:35,2025-09-20T08:56:34,6,152.6
SESS002133,U000386,backend_cloud,2025-06-22T19:23:52,2025-06-22T19:25:39,4,79.2
SESS002134,U000386,backend_cloud,2025-11-27T21:49:15,2025-11-27T21:53:23,6,167.5
SESS002135,U000387,ai_python,2025-02-27T12:02:05,2025-02-27T12:06:21,9,149.3
SESS002136,U000387,gaming_hardware,2025-11-23T17:03:10,2025-11-23T17:07:30,7,163.1
SESS002137,U000387,cybersecurity,2025-11-17T03:59:50,2025-11-17T04:05:44,12,226.6
SESS002138,U000387,gaming_hardware,2025-07-30T14:42:33,2025-07-30T14:46:37,7,167.3
SESS002139,U000387,ai_python,2025-11-28T12:07:36,2025-11-28T12:12:13,9,193.2
SESS002140,U000388,cybersecurity,2025-11-01T22:36:06,2025-11-01T22:41:53,9,224.6
SESS002141,U000388,dsa_java_interview,2025-11-02T07:43:21,2025-11-02T07:49:54,12,255.7
SESS002142,U000388,mixed_scroll,2025-07-28T16:38:52,2025-07-28T16:42:15,6,139.1
SESS002143,U000388,cybersecurity,2025-11-13T14:59:51,2025-11-13T15:02:48,6,121.5
SESS002144,U000388,dsa_java_interview,2025-08-04T08:32:11,2025-08-04T08:39:09,11,308.4
SESS002145,U000389,dsa_java_interview,2025-09-23T19:39:56,2025-09-23T19:43:26,7,139.9
SESS002146,U000389,backend_cloud,2025-06-11T21:47:28,2025-06-11T21:53:25,11,252.5
SESS002147,U000389,mixed_scroll,2025-11-25T07:33:19,2025-11-25T07:38:11,9,192.8
SESS002148,U000389,gaming_hardware,2025-06-26T07:52:09,2025-06-26T07:56:55,9,180.6
SESS002149,U000389,ai_python,2025-02-07T02:39:57,2025-02-07T02:42:45,5,128.0
SESS002150,U000390,dsa_java_interview,2025-08-22T10:21:50,2025-08-22T10:25:18,8,139.8
SESS002151,U000390,entertainment_heavy,2025-10-13T01:08:31,2025-10-13T01:11:53,7,144.6
SESS002152,U000390,dsa_java_interview,2025-04-02T17:46:52,2025-04-02T17:53:13,10,289.1
SESS002153,U000390,cybersecurity,2025-08-01T03:51:53,2025-08-01T03:57:24,11,241.5
SESS002154,U000390,backend_cloud,2025-06-14T14:15:25,2025-06-14T14:20:33,10,205.1
SESS002155,U000390,gaming_hardware,2025-10-12T23:58:49,2025-10-13T00:03:40,10,205.0
SESS002156,U000390,mixed_scroll,2025-10-13T23:52:21,2025-10-13T23:56:03,7,164.5
SESS002157,U000391,backend_cloud,2025-07-28T02:52:36,2025-07-28T02:55:54,6,125.4
SESS002158,U000391,dsa_java_interview,2025-01-05T17:46:50,2025-01-05T17:50:31,8,142.3
SESS002159,U000391,ai_python,2025-09-27T21:49:30,2025-09-27T21:55:36,10,241.3
SESS002160,U000391,entertainment_heavy,2025-11-04T11:10:03,2025-11-04T11:12:24,5,74.9
SESS002161,U000391,backend_cloud,2025-09-10T19:05:58,2025-09-10T19:10:45,7,198.3
SESS002162,U000392,entertainment_heavy,2025-11-03T01:45:44,2025-11-03T01:50:25,10,171.9
SESS002163,U000392,mixed_scroll,2025-04-22T01:46:48,2025-04-22T01:50:41,8,149.3
SESS002164,U000392,ai_python,2025-04-21T21:26:29,2025-04-21T21:28:58,7,71.2
SESS002165,U000392,cybersecurity,2025-09-09T19:35:59,2025-09-09T19:40:02,9,135.3
SESS002166,U000392,mixed_scroll,2025-08-17T06:26:49,2025-08-17T06:28:14,3,53.9
SESS002167,U000393,entertainment_heavy,2025-05-28T12:38:50,2025-05-28T12:42:01,7,109.2
SESS002168,U000393,gaming_hardware,2025-09-05T03:38:39,2025-09-05T03:41:35,6,117.3
SESS002169,U000393,dsa_java_interview,2025-08-18T02:39:47,2025-08-18T02:42:04,4,102.4
SESS002170,U000393,dsa_java_interview,2025-05-21T15:38:38,2025-05-21T15:40:24,3,66.5
SESS002171,U000393,ai_python,2025-02-18T18:13:54,2025-02-18T18:20:54,11,303.5
SESS002172,U000393,backend_cloud,2025-05-16T14:03:54,2025-05-16T14:07:23,6,147.2
SESS002173,U000393,cybersecurity,2025-02-09T20:06:54,2025-02-09T20:10:37,5,134.2
SESS002174,U000394,mixed_scroll,2025-04-20T01:24:45,2025-04-20T01:29:16,8,183.2
SESS002175,U000394,gaming_hardware,2025-08-25T18:32:14,2025-08-25T18:34:23,3,101.0
SESS002176,U000394,dsa_java_interview,2025-04-07T06:55:06,2025-04-07T06:56:35,4,48.3
SESS002177,U000395,ai_python,2025-11-12T00:42:15,2025-11-12T00:44:59,6,108.2
SESS002178,U000395,dsa_java_interview,2025-10-25T16:02:28,2025-10-25T16:06:07,10,127.7
SESS002179,U000395,cybersecurity,2025-05-15T13:37:17,2025-05-15T13:38:44,3,56.6
SESS002180,U000396,entertainment_heavy,2025-07-29T07:21:18,2025-07-29T07:25:30,8,169.8
SESS002181,U000396,cybersecurity,2025-04-02T19:02:56,2025-04-02T19:06:59,8,155.0
SESS002182,U000396,dsa_java_interview,2025-04-19T10:18:56,2025-04-19T10:20:56,4,88.2
SESS002183,U000396,gaming_hardware,2025-07-31T09:40:13,2025-07-31T09:41:44,3,54.5
SESS002184,U000396,backend_cloud,2025-08-08T06:38:24,2025-08-08T06:43:25,10,182.4
SESS002185,U000396,mixed_scroll,2025-11-01T11:12:48,2025-11-01T11:14:41,3,89.1
SESS002186,U000396,ai_python,2025-11-10T21:03:15,2025-11-10T21:08:18,9,211.7
SESS002187,U000397,dsa_java_interview,2025-01-01T02:26:24,2025-01-01T02:28:38,6,82.8
SESS002188,U000397,cybersecurity,2025-07-16T07:11:00,2025-07-16T07:13:28,8,83.9
SESS002189,U000397,backend_cloud,2025-08-02T08:37:08,2025-08-02T08:41:45,10,162.8
SESS002190,U000397,dsa_java_interview,2025-10-11T03:48:24,2025-10-11T03:51:24,6,104.0
SESS002191,U000397,gaming_hardware,2025-05-21T05:25:07,2025-05-21T05:28:03,6,117.5
SESS002192,U000397,entertainment_heavy,2025-01-03T00:30:42,2025-01-03T00:38:14,12,302.2
SESS002193,U000397,gaming_hardware,2025-08-31T18:25:18,2025-08-31T18:29:00,9,109.5
SESS002194,U000397,dsa_java_interview,2025-07-26T00:40:41,2025-07-26T00:45:25,7,197.8
SESS002195,U000398,mixed_scroll,2025-02-02T00:56:00,2025-02-02T01:01:37,10,241.4
SESS002196,U000398,backend_cloud,2025-05-19T20:58:12,2025-05-19T21:03:50,11,237.3
SESS002197,U000398,ai_python,2025-11-14T09:24:49,2025-11-14T09:27:52,7,91.3
SESS002198,U000398,mixed_scroll,2025-03-07T03:16:12,2025-03-07T03:22:05,12,221.0
SESS002199,U000398,backend_cloud,2025-07-02T09:54:05,2025-07-02T10:00:11,12,227.5
SESS002200,U000398,backend_cloud,2025-03-05T08:59:37,2025-03-05T09:00:36,3,22.3
SESS002201,U000399,entertainment_heavy,2025-04-05T22:29:30,2025-04-05T22:35:54,10,264.5
SESS002202,U000399,gaming_hardware,2025-08-27T07:16:51,2025-08-27T07:22:00,11,193.0
SESS002203,U000399,ai_python,2025-02-15T00:44:29,2025-02-15T00:47:10,6,91.3
SESS002204,U000399,gaming_hardware,2025-06-10T16:11:56,2025-06-10T16:17:38,12,215.8
SESS002205,U000399,cybersecurity,2025-05-26T13:10:26,2025-05-26T13:16:10,11,259.0
SESS002206,U000399,ai_python,2025-02-27T03:41:22,2025-02-27T03:48:22,11,284.0
SESS002207,U000399,dsa_java_interview,2025-09-14T08:00:57,2025-09-14T08:02:47,4,55.9
SESS002208,U000399,backend_cloud,2025-06-01T03:03:57,2025-06-01T03:07:23,7,93.2
SESS002209,U000400,mixed_scroll,2025-07-30T01:22:22,2025-07-30T01:26:03,7,158.6
SESS002210,U000400,mixed_scroll,2025-03-17T04:55:21,2025-03-17T04:58:55,5,158.1
SESS002211,U000400,ai_python,2025-10-11T11:51:16,2025-10-11T11:53:05,4,71.9
SESS002212,U000400,cybersecurity,2025-03-12T07:18:07,2025-03-12T07:21:51,8,118.8
SESS002213,U000400,ai_python,2025-11-08T20:36:49,2025-11-08T20:38:41,4,54.2
SESS002214,U000400,gaming_hardware,2025-01-17T00:18:07,2025-01-17T00:21:44,8,129.4
SESS002215,U000400,cybersecurity,2025-07-16T09:13:52,2025-07-16T09:16:24,4,111.3
SESS002216,U000401,cybersecurity,2025-10-02T12:13:09,2025-10-02T12:19:13,10,239.9
SESS002217,U000401,cybersecurity,2025-07-23T07:07:22,2025-07-23T07:10:37,7,133.5
SESS002218,U000401,dsa_java_interview,2025-06-21T12:46:00,2025-06-21T12:47:20,3,29.3
SESS002219,U000401,mixed_scroll,2025-09-01T03:15:48,2025-09-01T03:20:40,8,214.7
SESS002220,U000401,backend_cloud,2025-02-14T07:50:27,2025-02-14T07:55:59,10,222.5
SESS002221,U000402,cybersecurity,2025-10-06T06:47:27,2025-10-06T06:54:10,11,263.2
SESS002222,U000402,mixed_scroll,2025-09-23T17:13:35,2025-09-23T17:20:30,11,277.5
SESS002223,U000402,entertainment_heavy,2025-11-08T15:04:51,2025-11-08T15:09:16,9,156.6
SESS002224,U000403,mixed_scroll,2025-07-08T20:08:13,2025-07-08T20:12:34,10,146.7
SESS002225,U000403,ai_python,2025-01-04T12:34:22,2025-01-04T12:38:47,7,182.5
SESS002226,U000403,cybersecurity,2025-02-21T15:06:13,2025-02-21T15:08:26,3,104.4
SESS002227,U000404,backend_cloud,2025-09-18T07:31:33,2025-09-18T07:37:16,11,257.3
SESS002228,U000404,backend_cloud,2025-08-15T04:20:42,2025-08-15T04:27:41,10,272.6
SESS002229,U000404,cybersecurity,2025-06-19T20:33:08,2025-06-19T20:36:16,4,139.2
SESS002230,U000404,dsa_java_interview,2025-08-25T08:27:05,2025-08-25T08:31:08,8,153.5
SESS002231,U000404,ai_python,2025-05-25T08:34:58,2025-05-25T08:39:59,9,222.3
SESS002232,U000405,ai_python,2025-08-05T15:44:44,2025-08-05T15:49:46,12,217.1
SESS002233,U000405,gaming_hardware,2025-03-23T11:47:20,2025-03-23T11:52:16,10,211.2
SESS002234,U000405,gaming_hardware,2025-08-07T05:51:31,2025-08-07T05:57:48,11,233.5
SESS002235,U000405,backend_cloud,2025-07-22T05:28:16,2025-07-22T05:33:36,10,206.4
SESS002236,U000405,backend_cloud,2025-10-31T14:46:47,2025-10-31T14:53:36,12,265.8
SESS002237,U000406,ai_python,2025-09-25T01:52:21,2025-09-25T01:57:04,10,185.9
SESS002238,U000406,entertainment_heavy,2025-10-10T08:28:18,2025-10-10T08:35:29,12,293.7
SESS002239,U000406,entertainment_heavy,2025-06-30T20:32:37,2025-06-30T20:36:49,11,152.0
SESS002240,U000406,backend_cloud,2025-06-01T21:59:07,2025-06-01T22:03:57,9,197.0
SESS002241,U000407,cybersecurity,2025-06-05T06:16:18,2025-06-05T06:17:30,3,45.4
SESS002242,U000407,mixed_scroll,2025-07-04T14:21:11,2025-07-04T14:26:40,9,221.8
SESS002243,U000407,gaming_hardware,2025-08-02T22:08:34,2025-08-02T22:13:57,9,223.0
SESS002244,U000407,ai_python,2025-10-04T02:32:12,2025-10-04T02:33:46,3,49.7
SESS002245,U000408,dsa_java_interview,2025-11-14T09:34:02,2025-11-14T09:38:32,10,178.5
SESS002246,U000408,entertainment_heavy,2025-08-14T04:31:57,2025-08-14T04:33:52,3,76.7
SESS002247,U000408,mixed_scroll,2025-10-27T23:07:08,2025-10-27T23:12:39,11,251.9
SESS002248,U000408,cybersecurity,2025-09-24T12:52:42,2025-09-24T12:58:36,10,244.9
SESS002249,U000408,cybersecurity,2025-01-01T09:58:53,2025-01-01T10:05:23,11,260.9
SESS002250,U000408,entertainment_heavy,2025-02-04T16:42:31,2025-02-04T16:43:48,3,43.0
SESS002251,U000408,entertainment_heavy,2025-11-12T01:28:27,2025-11-12T01:35:12,12,260.1
SESS002252,U000408,cybersecurity,2025-04-07T10:30:56,2025-04-07T10:34:04,8,121.6
SESS002253,U000409,backend_cloud,2025-09-02T09:05:12,2025-09-02T09:06:21,3,38.7
SESS002254,U000409,dsa_java_interview,2025-01-18T05:24:27,2025-01-18T05:30:17,11,226.2
SESS002255,U000409,entertainment_heavy,2025-09-08T21:04:30,2025-09-08T21:07:49,8,123.2
SESS002256,U000409,backend_cloud,2025-07-17T11:08:42,2025-07-17T11:12:53,9,168.9
SESS002257,U000409,entertainment_heavy,2025-10-27T06:27:38,2025-10-27T06:30:11,5,86.9
SESS002258,U000410,backend_cloud,2025-05-14T11:54:06,2025-05-14T11:54:45,3,24.4
SESS002259,U000410,dsa_java_interview,2025-06-21T09:01:50,2025-06-21T09:05:19,8,145.0
SESS002260,U000410,dsa_java_interview,2025-05-06T06:45:26,2025-05-06T06:47:19,5,55.7
SESS002261,U000411,dsa_java_interview,2025-01-22T19:12:27,2025-01-22T19:13:26,3,19.6
SESS002262,U000411,mixed_scroll,2025-10-31T11:07:41,2025-10-31T11:09:59,3,112.9
SESS002263,U000411,gaming_hardware,2025-02-15T22:24:39,2025-02-15T22:28:29,7,168.7
SESS002264,U000411,cybersecurity,2025-09-10T18:30:37,2025-09-10T18:32:09,3,46.7
SESS002265,U000411,backend_cloud,2025-11-11T19:16:31,2025-11-11T19:20:20,7,164.0
SESS002266,U000411,ai_python,2025-08-21T23:35:13,2025-08-21T23:37:30,6,79.4
SESS002267,U000411,ai_python,2025-03-11T09:43:39,2025-03-11T09:47:30,7,156.8
SESS002268,U000411,entertainment_heavy,2025-06-15T13:26:34,2025-06-15T13:30:24,8,158.6
SESS002269,U000412,gaming_hardware,2025-03-04T05:32:01,2025-03-04T05:37:01,8,205.1
SESS002270,U000412,ai_python,2025-07-29T13:47:44,2025-07-29T13:48:43,3,25.6
SESS002271,U000412,entertainment_heavy,2025-04-26T12:53:02,2025-04-26T12:59:21,11,290.5
SESS002272,U000412,gaming_hardware,2025-02-09T03:43:31,2025-02-09T03:47:50,11,178.9
SESS002273,U000412,backend_cloud,2025-01-05T13:37:48,2025-01-05T13:40:53,6,119.7
SESS002274,U000412,gaming_hardware,2025-11-25T13:46:00,2025-11-25T13:51:35,12,232.1
SESS002275,U000412,backend_cloud,2025-07-07T19:16:20,2025-07-07T19:17:39,3,43.0
SESS002276,U000413,dsa_java_interview,2025-09-14T02:38:04,2025-09-14T02:44:19,12,244.4
SESS002277,U000413,entertainment_heavy,2025-03-02T09:03:24,2025-03-02T09:08:18,8,227.2
SESS002278,U000413,entertainment_heavy,2025-01-13T07:50:05,2025-01-13T07:52:06,6,64.2
SESS002279,U000413,backend_cloud,2025-01-10T07:49:11,2025-01-10T07:52:43,8,120.1
SESS002280,U000414,entertainment_heavy,2025-05-25T01:04:40,2025-05-25T01:08:41,8,156.5
SESS002281,U000414,mixed_scroll,2025-07-11T19:16:48,2025-07-11T19:21:10,9,174.6
SESS002282,U000414,ai_python,2025-08-02T16:52:08,2025-08-02T16:55:57,8,144.7
SESS002283,U000414,backend_cloud,2025-10-18T02:17:26,2025-10-18T02:23:11,12,226.9
SESS002284,U000414,entertainment_heavy,2025-08-06T18:10:45,2025-08-06T18:15:34,12,156.9
SESS002285,U000415,ai_python,2025-09-20T07:11:55,2025-09-20T07:18:25,11,266.6
SESS002286,U000415,ai_python,2025-05-27T06:57:30,2025-05-27T07:00:15,5,113.4
SESS002287,U000415,dsa_java_interview,2025-09-23T08:30:16,2025-09-23T08:33:11,7,92.5
SESS002288,U000415,ai_python,2025-06-02T18:56:02,2025-06-02T19:01:14,10,224.9
SESS002289,U000415,gaming_hardware,2025-04-21T14:57:16,2025-04-21T15:04:35,12,312.1
SESS002290,U000416,cybersecurity,2025-01-12T15:52:32,2025-01-12T15:55:32,6,112.8
SESS002291,U000416,ai_python,2025-09-19T20:43:11,2025-09-19T20:49:36,11,295.3
SESS002292,U000416,ai_python,2025-02-28T09:28:28,2025-02-28T09:32:00,7,125.2
SESS002293,U000416,ai_python,2025-04-06T03:05:10,2025-04-06T03:07:19,6,69.9
SESS002294,U000416,entertainment_heavy,2025-11-29T00:16:25,2025-11-29T00:21:30,9,228.3
SESS002295,U000417,mixed_scroll,2025-03-28T08:01:52,2025-03-28T08:03:55,4,82.3
SESS002296,U000417,ai_python,2025-11-14T05:03:38,2025-11-14T05:09:35,11,230.0
SESS002297,U000417,entertainment_heavy,2025-07-08T11:57:10,2025-07-08T12:00:02,7,112.7
SESS002298,U000417,dsa_java_interview,2025-09-03T15:08:00,2025-09-03T15:11:11,6,135.6
SESS002299,U000417,backend_cloud,2025-04-07T01:10:40,2025-04-07T01:14:46,8,160.8
SESS002300,U000418,gaming_hardware,2025-03-02T02:08:52,2025-03-02T02:10:17,3,46.1
SESS002301,U000418,mixed_scroll,2025-11-22T13:04:33,2025-11-22T13:07:18,4,106.1
SESS002302,U000418,dsa_java_interview,2025-09-30T14:28:16,2025-09-30T14:31:36,6,115.6
SESS002303,U000418,entertainment_heavy,2025-02-09T22:14:57,2025-02-09T22:18:42,7,162.5
SESS002304,U000418,backend_cloud,2025-11-25T07:00:46,2025-11-25T07:05:25,10,194.3
SESS002305,U000418,entertainment_heavy,2025-01-09T10:32:30,2025-01-09T10:37:53,9,219.7
SESS002306,U000418,mixed_scroll,2025-07-04T10:14:14,2025-07-04T10:16:13,4,89.0
SESS002307,U000419,entertainment_heavy,2025-04-16T21:03:20,2025-04-16T21:05:28,4,101.3
SESS002308,U000419,entertainment_heavy,2025-06-02T01:44:47,2025-06-02T01:49:55,10,205.0
SESS002309,U000419,ai_python,2025-05-06T18:47:32,2025-05-06T18:55:36,10,361.4
SESS002310,U000419,gaming_hardware,2025-10-01T10:56:41,2025-10-01T11:00:28,7,125.8
SESS002311,U000420,cybersecurity,2025-06-27T22:01:06,2025-06-27T22:03:34,3,106.8
SESS002312,U000420,entertainment_heavy,2025-02-16T07:32:08,2025-02-16T07:40:21,12,362.3
SESS002313,U000420,backend_cloud,2025-08-21T03:46:34,2025-08-21T03:50:37,7,191.0
SESS002314,U000420,gaming_hardware,2025-03-20T04:43:41,2025-03-20T04:47:24,7,142.9
SESS002315,U000420,cybersecurity,2025-11-29T13:37:38,2025-11-29T13:42:36,8,208.9
SESS002316,U000420,dsa_java_interview,2025-09-27T21:03:04,2025-09-27T21:06:42,7,144.4
SESS002317,U000420,mixed_scroll,2025-07-26T17:37:55,2025-07-26T17:41:37,7,157.5
SESS002318,U000420,dsa_java_interview,2025-09-20T22:07:37,2025-09-20T22:14:03,7,288.8
SESS002319,U000421,gaming_hardware,2025-07-16T05:07:36,2025-07-16T05:09:46,6,79.9
SESS002320,U000421,gaming_hardware,2025-07-01T12:16:35,2025-07-01T12:17:29,3,31.4
SESS002321,U000421,entertainment_heavy,2025-09-26T05:44:13,2025-09-26T05:49:47,9,223.3
SESS002322,U000421,ai_python,2025-07-30T12:48:40,2025-07-30T12:54:23,11,219.0
SESS002323,U000421,dsa_java_interview,2025-11-28T19:33:58,2025-11-28T19:40:40,11,291.0
SESS002324,U000421,gaming_hardware,2025-07-08T16:44:48,2025-07-08T16:50:18,11,208.6
SESS002325,U000421,entertainment_heavy,2025-04-25T07:42:54,2025-04-25T07:43:45,3,29.2
SESS002326,U000422,backend_cloud,2025-04-04T09:52:34,2025-04-04T09:57:22,8,192.1
SESS002327,U000422,ai_python,2025-09-23T13:51:07,2025-09-23T13:53:19,4,83.0
SESS002328,U000422,ai_python,2025-08-07T18:56:44,2025-08-07T18:59:40,5,127.9
SESS002329,U000422,mixed_scroll,2025-04-28T07:03:04,2025-04-28T07:08:26,9,242.1
SESS002330,U000422,mixed_scroll,2025-05-27T17:23:53,2025-05-27T17:25:40,3,79.9
SESS002331,U000422,entertainment_heavy,2025-03-04T13:00:56,2025-03-04T13:05:38,7,197.6
SESS002332,U000422,gaming_hardware,2025-10-18T16:07:16,2025-10-18T16:13:42,10,287.0
SESS002333,U000423,cybersecurity,2025-03-26T19:21:27,2025-03-26T19:27:03,11,217.5
SESS002334,U000423,entertainment_heavy,2025-02-15T22:37:26,2025-02-15T22:38:47,3,46.6
SESS002335,U000423,dsa_java_interview,2025-11-01T18:29:09,2025-11-01T18:33:17,7,172.4
SESS002336,U000423,ai_python,2025-02-19T05:21:35,2025-02-19T05:28:17,11,265.9
SESS002337,U000424,backend_cloud,2025-04-26T14:55:32,2025-04-26T14:58:18,5,113.8
SESS002338,U000424,mixed_scroll,2025-07-15T20:19:44,2025-07-15T20:25:26,11,205.3
SESS002339,U000424,gaming_hardware,2025-06-27T10:36:47,2025-06-27T10:43:46,9,336.0
SESS002340,U000424,cybersecurity,2025-01-12T16:14:37,2025-01-12T16:17:41,5,135.6
SESS002341,U000424,dsa_java_interview,2025-01-30T17:13:07,2025-01-30T17:19:29,11,241.6
SESS002342,U000424,backend_cloud,2025-09-01T14:36:37,2025-09-01T14:38:09,5,42.7
SESS002343,U000425,mixed_scroll,2025-04-05T00:12:35,2025-04-05T00:14:43,4,95.1
SESS002344,U000425,cybersecurity,2025-07-05T06:05:11,2025-07-05T06:09:13,9,166.3
SESS002345,U000425,entertainment_heavy,2025-04-22T19:47:10,2025-04-22T19:52:06,12,181.7
SESS002346,U000425,backend_cloud,2025-01-06T02:46:22,2025-01-06T02:48:52,5,97.6
SESS002347,U000425,gaming_hardware,2025-01-15T15:33:06,2025-01-15T15:38:16,10,188.4
SESS002348,U000425,dsa_java_interview,2025-07-19T09:50:39,2025-07-19T09:57:19,9,295.8
SESS002349,U000425,gaming_hardware,2025-05-16T02:35:25,2025-05-16T02:38:37,6,120.0
SESS002350,U000426,gaming_hardware,2025-10-20T19:41:49,2025-10-20T19:42:48,3,22.1
SESS002351,U000426,dsa_java_interview,2025-08-23T05:01:35,2025-08-23T05:06:19,10,180.7
SESS002352,U000426,cybersecurity,2025-03-26T17:34:56,2025-03-26T17:37:31,6,113.7
SESS002353,U000426,gaming_hardware,2025-04-21T04:47:02,2025-04-21T04:53:47,12,277.1
SESS002354,U000426,entertainment_heavy,2025-02-18T14:18:53,2025-02-18T14:24:04,10,195.3
SESS002355,U000426,ai_python,2025-10-12T03:08:19,2025-10-12T03:09:33,3,42.3
SESS002356,U000426,ai_python,2025-08-25T04:48:08,2025-08-25T04:54:13,12,230.1
SESS002357,U000426,gaming_hardware,2025-05-30T03:29:17,2025-05-30T03:30:55,4,58.6
SESS002358,U000427,mixed_scroll,2025-07-17T07:57:14,2025-07-17T08:01:44,9,197.8
SESS002359,U000427,mixed_scroll,2025-04-28T15:53:21,2025-04-28T15:57:22,8,141.5
SESS002360,U000427,gaming_hardware,2025-04-24T12:56:21,2025-04-24T12:58:17,3,84.4
SESS002361,U000427,cybersecurity,2025-03-29T02:02:18,2025-03-29T02:08:52,11,257.4
SESS002362,U000427,mixed_scroll,2025-01-10T22:16:31,2025-01-10T22:19:02,5,89.6
SESS002363,U000428,backend_cloud,2025-01-09T00:53:56,2025-01-09T00:55:54,4,86.9
SESS002364,U000428,gaming_hardware,2025-01-16T20:53:47,2025-01-16T20:59:53,12,245.8
SESS002365,U000428,entertainment_heavy,2025-10-08T21:07:26,2025-10-08T21:13:38,10,257.6
SESS002366,U000428,cybersecurity,2025-11-05T18:13:04,2025-11-05T18:16:51,8,156.1
SESS002367,U000428,cybersecurity,2025-04-07T17:09:11,2025-04-07T17:15:03,11,214.3
SESS002368,U000429,entertainment_heavy,2025-07-18T22:13:21,2025-07-18T22:15:46,3,98.6
SESS002369,U000429,dsa_java_interview,2025-07-24T19:39:38,2025-07-24T19:42:37,6,112.4
SESS002370,U000429,cybersecurity,2025-10-24T13:44:23,2025-10-24T13:46:18,3,80.2
SESS002371,U000429,entertainment_heavy,2025-04-04T12:57:41,2025-04-04T13:03:10,11,184.8
SESS002372,U000429,cybersecurity,2025-03-06T23:06:27,2025-03-06T23:12:40,10,280.4
SESS002373,U000430,ai_python,2025-03-06T19:04:49,2025-03-06T19:07:20,3,116.9
SESS002374,U000430,mixed_scroll,2025-07-06T05:52:05,2025-07-06T05:53:53,4,65.2
SESS002375,U000430,gaming_hardware,2025-07-20T10:55:32,2025-07-20T10:59:34,8,142.9
SESS002376,U000430,dsa_java_interview,2025-09-23T16:30:19,2025-09-23T16:33:34,9,101.3
SESS002377,U000431,mixed_scroll,2025-05-17T02:52:27,2025-05-17T02:56:23,7,165.2
SESS002378,U000431,dsa_java_interview,2025-08-22T04:09:43,2025-08-22T04:16:05,12,263.9
SESS002379,U000431,backend_cloud,2025-01-15T18:08:10,2025-01-15T18:11:15,6,142.4
SESS002380,U000432,cybersecurity,2025-02-04T10:21:47,2025-02-04T10:24:25,4,108.3
SESS002381,U000432,dsa_java_interview,2025-11-15T03:51:23,2025-11-15T03:53:49,6,87.7
SESS002382,U000432,dsa_java_interview,2025-06-03T03:24:45,2025-06-03T03:25:48,5,40.1
SESS002383,U000433,ai_python,2025-06-26T16:46:18,2025-06-26T16:51:04,8,182.1
SESS002384,U000433,cybersecurity,2025-04-19T16:32:20,2025-04-19T16:35:58,8,141.6
SESS002385,U000433,entertainment_heavy,2025-01-21T04:46:40,2025-01-21T04:49:26,5,114.6
SESS002386,U000433,cybersecurity,2025-01-26T22:48:30,2025-01-26T22:49:43,3,32.2
SESS002387,U000433,backend_cloud,2025-01-20T08:20:19,2025-01-20T08:24:02,7,149.8
SESS002388,U000433,ai_python,2025-01-10T20:15:15,2025-01-10T20:19:25,10,169.9
SESS002389,U000434,cybersecurity,2025-02-10T19:22:32,2025-02-10T19:27:28,9,190.2
SESS002390,U000434,backend_cloud,2025-02-03T13:04:20,2025-02-03T13:09:23,8,211.6
SESS002391,U000434,dsa_java_interview,2025-11-09T18:13:48,2025-11-09T18:19:30,12,199.2
SESS002392,U000435,gaming_hardware,2025-04-27T02:16:13,2025-04-27T02:20:48,11,158.3
SESS002393,U000435,mixed_scroll,2025-01-29T15:39:55,2025-01-29T15:44:16,9,146.7
SESS002394,U000435,gaming_hardware,2025-02-10T20:51:11,2025-02-10T20:52:55,5,64.9
SESS002395,U000435,dsa_java_interview,2025-01-26T17:31:38,2025-01-26T17:38:00,9,259.5
SESS002396,U000436,backend_cloud,2025-03-01T15:20:33,2025-03-01T15:23:21,5,115.8
SESS002397,U000436,backend_cloud,2025-07-29T07:34:24,2025-07-29T07:39:27,11,167.6
SESS002398,U000436,ai_python,2025-02-24T04:48:40,2025-02-24T04:54:54,9,244.2
SESS002399,U000436,cybersecurity,2025-11-08T23:39:31,2025-11-08T23:44:13,6,219.6
SESS002400,U000436,backend_cloud,2025-11-08T04:31:01,2025-11-08T04:33:41,6,107.4
SESS002401,U000437,dsa_java_interview,2025-08-08T04:31:01,2025-08-08T04:34:30,8,136.0
SESS002402,U000437,mixed_scroll,2025-05-13T04:36:51,2025-05-13T04:38:39,4,92.6
SESS002403,U000437,ai_python,2025-02-11T12:37:36,2025-02-11T12:43:01,10,205.4
SESS002404,U000437,mixed_scroll,2025-01-18T05:58:27,2025-01-18T06:01:18,6,104.0
SESS002405,U000438,gaming_hardware,2025-06-24T10:25:25,2025-06-24T10:27:59,5,88.2
SESS002406,U000438,dsa_java_interview,2025-10-12T13:46:30,2025-10-12T13:49:12,6,99.4
SESS002407,U000438,gaming_hardware,2025-08-05T13:42:30,2025-08-05T13:44:57,6,85.7
SESS002408,U000439,entertainment_heavy,2025-03-28T22:49:31,2025-03-28T22:53:34,5,185.3
SESS002409,U000439,dsa_java_interview,2025-07-12T02:28:31,2025-07-12T02:29:07,3,15.8
SESS002410,U000439,backend_cloud,2025-01-16T06:47:48,2025-01-16T06:51:02,7,106.1
SESS002411,U000439,entertainment_heavy,2025-06-15T07:59:31,2025-06-15T08:03:29,9,163.8
SESS002412,U000439,gaming_hardware,2025-08-03T16:37:05,2025-08-03T16:42:00,8,210.9
SESS002413,U000439,ai_python,2025-07-23T23:25:41,2025-07-23T23:33:04,10,327.6
SESS002414,U000440,entertainment_heavy,2025-06-24T23:45:35,2025-06-24T23:52:33,12,249.5
SESS002415,U000440,entertainment_heavy,2025-04-25T22:28:07,2025-04-25T22:35:33,12,312.5
SESS002416,U000440,cybersecurity,2025-08-20T11:21:39,2025-08-20T11:27:20,12,205.8
SESS002417,U000440,ai_python,2025-04-06T05:48:12,2025-04-06T05:49:34,4,56.4
SESS002418,U000441,backend_cloud,2025-04-25T09:50:17,2025-04-25T09:52:42,6,82.2
SESS002419,U000441,gaming_hardware,2025-05-01T00:04:59,2025-05-01T00:06:49,3,77.9
SESS002420,U000441,dsa_java_interview,2025-10-28T23:30:27,2025-10-28T23:31:48,4,46.1
SESS002421,U000441,gaming_hardware,2025-09-29T18:33:45,2025-09-29T18:35:11,3,51.5
SESS002422,U000441,backend_cloud,2025-04-25T07:41:44,2025-04-25T07:47:09,10,209.5
SESS002423,U000441,cybersecurity,2025-09-22T10:19:57,2025-09-22T10:23:35,7,147.3
SESS002424,U000442,gaming_hardware,2025-11-01T11:28:24,2025-11-01T11:33:40,11,194.8
SESS002425,U000442,entertainment_heavy,2025-02-08T08:24:34,2025-02-08T08:28:56,12,148.6
SESS002426,U000442,gaming_hardware,2025-03-05T01:50:23,2025-03-05T01:52:25,4,74.9
SESS002427,U000443,gaming_hardware,2025-05-08T01:27:27,2025-05-08T01:30:55,6,161.3
SESS002428,U000443,gaming_hardware,2025-06-09T03:56:53,2025-06-09T03:58:41,4,50.2
SESS002429,U000443,cybersecurity,2025-04-07T02:51:47,2025-04-07T02:56:58,10,228.5
SESS002430,U000443,entertainment_heavy,2025-09-14T01:14:30,2025-09-14T01:19:25,10,237.5
SESS002431,U000443,ai_python,2025-05-06T08:21:06,2025-05-06T08:23:34,6,78.8
SESS002432,U000443,gaming_hardware,2025-06-05T12:49:59,2025-06-05T12:52:13,6,89.8
SESS002433,U000443,mixed_scroll,2025-01-02T18:07:24,2025-01-02T18:12:47,10,224.4
SESS002434,U000444,gaming_hardware,2025-09-24T18:29:30,2025-09-24T18:33:25,6,177.4
SESS002435,U000444,entertainment_heavy,2025-05-26T12:57:53,2025-05-26T13:00:22,4,109.5
SESS002436,U000444,mixed_scroll,2025-10-04T19:16:26,2025-10-04T19:23:58,11,337.3
SESS002437,U000445,ai_python,2025-03-19T08:56:52,2025-03-19T09:01:20,6,210.4
SESS002438,U000445,gaming_hardware,2025-04-29T09:22:38,2025-04-29T09:24:27,3,79.6
SESS002439,U000445,dsa_java_interview,2025-02-10T10:04:15,2025-02-10T10:09:00,10,178.3
SESS002440,U000446,ai_python,2025-01-02T18:38:30,2025-01-02T18:42:32,6,187.5
SESS002441,U000446,mixed_scroll,2025-02-12T11:04:49,2025-02-12T11:07:00,4,71.7
SESS002442,U000446,gaming_hardware,2025-11-27T02:31:30,2025-11-27T02:37:46,10,282.1
SESS002443,U000447,mixed_scroll,2025-03-03T06:03:15,2025-03-03T06:07:39,9,187.4
SESS002444,U000447,ai_python,2025-11-28T12:46:41,2025-11-28T12:51:37,11,180.8
SESS002445,U000447,entertainment_heavy,2025-08-10T11:02:59,2025-08-10T11:07:01,9,153.1
SESS002446,U000447,mixed_scroll,2025-05-22T15:21:51,2025-05-22T15:26:40,9,188.6
SESS002447,U000447,entertainment_heavy,2025-05-01T10:24:15,2025-05-01T10:28:32,8,159.6
SESS002448,U000448,gaming_hardware,2025-06-02T13:41:54,2025-06-02T13:43:32,5,62.2
SESS002449,U000448,ai_python,2025-07-08T09:58:33,2025-07-08T10:00:13,5,65.1
SESS002450,U000448,mixed_scroll,2025-08-06T15:52:21,2025-08-06T15:57:01,10,178.8
SESS002451,U000448,gaming_hardware,2025-05-08T14:55:03,2025-05-08T14:59:49,9,165.8
SESS002452,U000448,ai_python,2025-03-16T18:41:04,2025-03-16T18:44:55,7,160.9
SESS002453,U000448,ai_python,2025-10-21T03:45:28,2025-10-21T03:48:37,6,105.9
SESS002454,U000448,ai_python,2025-08-15T00:16:17,2025-08-15T00:20:58,11,199.2
SESS002455,U000449,dsa_java_interview,2025-01-24T02:36:08,2025-01-24T02:38:42,4,114.9
SESS002456,U000449,mixed_scroll,2025-04-06T22:16:53,2025-04-06T22:23:08,11,266.6
SESS002457,U000449,backend_cloud,2025-05-05T14:42:28,2025-05-05T14:44:31,3,94.4
SESS002458,U000449,ai_python,2025-06-30T17:29:14,2025-06-30T17:31:49,6,95.3
SESS002459,U000449,cybersecurity,2025-05-14T08:49:55,2025-05-14T08:52:52,6,103.5
SESS002460,U000449,ai_python,2025-11-14T03:57:01,2025-11-14T04:01:26,9,169.9
SESS002461,U000449,entertainment_heavy,2025-04-20T00:51:47,2025-04-20T00:54:38,6,131.0
SESS002462,U000449,backend_cloud,2025-05-26T10:44:19,2025-05-26T10:46:16,3,81.8
SESS002463,U000450,gaming_hardware,2025-11-16T02:51:33,2025-11-16T02:58:35,12,280.6
SESS002464,U000450,cybersecurity,2025-08-01T14:44:25,2025-08-01T14:47:40,7,107.7
SESS002465,U000450,mixed_scroll,2025-02-02T12:38:18,2025-02-02T12:43:52,10,263.0
SESS002466,U000450,cybersecurity,2025-05-09T12:57:16,2025-05-09T13:01:15,8,172.6
SESS002467,U000450,entertainment_heavy,2025-05-13T17:58:42,2025-05-13T18:03:21,8,190.0
SESS002468,U000450,gaming_hardware,2025-03-12T21:05:17,2025-03-12T21:08:25,4,151.2
SESS002469,U000450,gaming_hardware,2025-05-06T19:57:39,2025-05-06T20:00:16,4,93.0
SESS002470,U000450,dsa_java_interview,2025-08-29T18:26:25,2025-08-29T18:32:14,11,225.3
SESS002471,U000451,cybersecurity,2025-11-23T19:37:17,2025-11-23T19:42:09,8,191.0
SESS002472,U000451,backend_cloud,2025-03-14T19:49:53,2025-03-14T19:52:30,5,110.7
SESS002473,U000451,cybersecurity,2025-05-21T01:23:02,2025-05-21T01:26:04,7,111.7
SESS002474,U000451,entertainment_heavy,2025-09-01T21:11:08,2025-09-01T21:14:27,7,101.8
SESS002475,U000451,dsa_java_interview,2025-03-15T05:04:18,2025-03-15T05:08:52,10,196.3
SESS002476,U000451,backend_cloud,2025-08-07T15:08:40,2025-08-07T15:14:58,8,279.1
SESS002477,U000451,entertainment_heavy,2025-04-19T07:36:40,2025-04-19T07:42:56,12,262.3
SESS002478,U000452,backend_cloud,2025-01-18T13:34:21,2025-01-18T13:41:30,12,323.1
SESS002479,U000452,entertainment_heavy,2025-01-10T06:26:24,2025-01-10T06:33:09,11,278.7
SESS002480,U000452,gaming_hardware,2025-05-24T08:42:55,2025-05-24T08:44:52,4,84.1
SESS002481,U000453,dsa_java_interview,2025-10-09T06:01:45,2025-10-09T06:06:25,11,182.7
SESS002482,U000453,gaming_hardware,2025-07-29T09:40:40,2025-07-29T09:45:41,11,185.9
SESS002483,U000453,cybersecurity,2025-03-26T02:05:49,2025-03-26T02:07:47,4,73.3
SESS002484,U000453,backend_cloud,2025-05-06T16:50:22,2025-05-06T16:52:36,5,92.6
SESS002485,U000453,entertainment_heavy,2025-01-20T17:06:00,2025-01-20T17:11:59,12,210.2
SESS002486,U000454,gaming_hardware,2025-05-03T06:57:28,2025-05-03T07:03:54,11,282.8
SESS002487,U000454,dsa_java_interview,2025-09-08T22:32:45,2025-09-08T22:36:15,7,147.0
SESS002488,U000454,mixed_scroll,2025-10-24T03:12:09,2025-10-24T03:18:37,11,263.8
SESS002489,U000454,gaming_hardware,2025-03-04T09:53:21,2025-03-04T09:56:10,5,109.5
SESS002490,U000455,gaming_hardware,2025-07-27T06:03:21,2025-07-27T06:06:33,10,114.1
SESS002491,U000455,cybersecurity,2025-07-03T17:02:40,2025-07-03T17:06:21,8,136.0
SESS002492,U000455,dsa_java_interview,2025-06-22T13:25:01,2025-06-22T13:30:34,10,237.0
SESS002493,U000455,cybersecurity,2025-01-12T22:18:45,2025-01-12T22:24:35,10,264.1
SESS002494,U000455,entertainment_heavy,2025-07-17T18:20:26,2025-07-17T18:24:34,10,178.2
SESS002495,U000456,mixed_scroll,2025-08-08T01:03:28,2025-08-08T01:05:28,4,78.5
SESS002496,U000456,cybersecurity,2025-07-10T14:08:59,2025-07-10T14:15:06,11,248.6
SESS002497,U000456,dsa_java_interview,2025-04-05T07:39:56,2025-04-05T07:42:04,4,89.4
SESS002498,U000456,dsa_java_interview,2025-09-13T21:08:41,2025-09-13T21:14:28,11,233.4
SESS002499,U000456,cybersecurity,2025-06-18T22:15:45,2025-06-18T22:19:19,8,124.6
SESS002500,U000456,gaming_hardware,2025-10-14T20:51:52,2025-10-14T20:56:03,8,173.7
SESS002501,U000457,dsa_java_interview,2025-05-21T18:04:14,2025-05-21T18:10:18,12,223.5
SESS002502,U000457,cybersecurity,2025-10-06T09:44:50,2025-10-06T09:50:25,12,218.5
SESS002503,U000457,dsa_java_interview,2025-11-05T11:17:03,2025-11-05T11:20:58,7,142.4
SESS002504,U000457,entertainment_heavy,2025-03-08T05:46:14,2025-03-08T05:51:45,12,209.7
SESS002505,U000457,ai_python,2025-05-07T16:11:49,2025-05-07T16:17:53,9,233.8
SESS002506,U000457,gaming_hardware,2025-02-25T01:01:41,2025-02-25T01:07:26,9,264.1
SESS002507,U000458,gaming_hardware,2025-06-30T13:17:07,2025-06-30T13:20:05,5,125.0
SESS002508,U000458,cybersecurity,2025-10-11T19:46:11,2025-10-11T19:47:28,3,42.4
SESS002509,U000458,ai_python,2025-01-31T20:11:54,2025-01-31T20:14:58,6,136.9
SESS002510,U000458,mixed_scroll,2025-08-07T22:43:04,2025-08-07T22:47:35,9,151.9
SESS002511,U000458,dsa_java_interview,2025-09-11T06:45:56,2025-09-11T06:47:23,4,45.3
SESS002512,U000458,entertainment_heavy,2025-09-28T05:31:12,2025-09-28T05:35:52,12,132.9
SESS002513,U000458,ai_python,2025-09-26T11:51:16,2025-09-26T11:55:01,7,144.1
SESS002514,U000459,mixed_scroll,2025-10-09T11:01:18,2025-10-09T11:05:00,7,144.7
SESS002515,U000459,mixed_scroll,2025-07-30T02:15:06,2025-07-30T02:21:55,11,290.8
SESS002516,U000459,dsa_java_interview,2025-02-15T21:30:12,2025-02-15T21:35:28,10,206.6
SESS002517,U000459,backend_cloud,2025-08-12T07:39:51,2025-08-12T07:41:43,3,79.1
SESS002518,U000459,gaming_hardware,2025-08-09T01:41:12,2025-08-09T01:45:15,6,157.8
SESS002519,U000459,cybersecurity,2025-09-17T18:33:45,2025-09-17T18:36:45,5,115.1
SESS002520,U000459,dsa_java_interview,2025-06-04T09:48:43,2025-06-04T09:50:35,4,56.4
SESS002521,U000459,backend_cloud,2025-02-25T08:33:37,2025-02-25T08:38:20,8,197.1
SESS002522,U000460,cybersecurity,2025-07-03T08:40:07,2025-07-03T08:44:45,9,193.1
SESS002523,U000460,entertainment_heavy,2025-02-13T04:22:54,2025-02-13T04:25:37,6,96.6
SESS002524,U000460,cybersecurity,2025-06-29T17:47:56,2025-06-29T17:49:15,3,64.8
SESS002525,U000460,ai_python,2025-03-27T15:47:54,2025-03-27T15:51:51,7,156.1
SESS002526,U000460,cybersecurity,2025-01-13T06:26:36,2025-01-13T06:28:43,5,99.4
SESS002527,U000460,gaming_hardware,2025-01-11T15:47:48,2025-01-11T15:51:45,7,166.9
SESS002528,U000460,cybersecurity,2025-06-30T01:27:22,2025-06-30T01:31:37,7,172.1
SESS002529,U000461,dsa_java_interview,2025-07-16T17:59:16,2025-07-16T18:04:15,11,213.7
SESS002530,U000461,entertainment_heavy,2025-01-29T08:29:58,2025-01-29T08:32:46,6,105.2
SESS002531,U000461,gaming_hardware,2025-02-19T04:18:27,2025-02-19T04:24:16,9,218.1
SESS002532,U000461,entertainment_heavy,2025-08-03T16:14:21,2025-08-03T16:18:00,8,145.3
SESS002533,U000461,entertainment_heavy,2025-06-25T20:15:25,2025-06-25T20:20:46,10,223.8
SESS002534,U000462,entertainment_heavy,2025-08-19T10:44:21,2025-08-19T10:46:20,5,65.6
SESS002535,U000462,cybersecurity,2025-02-06T23:39:24,2025-02-06T23:41:14,3,90.1
SESS002536,U000462,gaming_hardware,2025-03-05T05:19:20,2025-03-05T05:24:23,11,142.9
SESS002537,U000462,dsa_java_interview,2025-07-13T12:22:35,2025-07-13T12:25:33,6,100.2
SESS002538,U000462,backend_cloud,2025-09-30T12:56:09,2025-09-30T13:00:45,11,162.1
SESS002539,U000462,dsa_java_interview,2025-07-15T19:07:53,2025-07-15T19:12:06,9,157.2
SESS002540,U000462,dsa_java_interview,2025-02-19T01:57:00,2025-02-19T02:00:24,7,130.5
SESS002541,U000463,backend_cloud,2025-11-01T14:04:07,2025-11-01T14:08:24,7,163.4
SESS002542,U000463,entertainment_heavy,2025-01-19T12:06:21,2025-01-19T12:11:00,10,204.5
SESS002543,U000463,mixed_scroll,2025-09-20T23:05:29,2025-09-20T23:09:55,8,191.0
SESS002544,U000464,dsa_java_interview,2025-04-11T06:55:23,2025-04-11T06:56:56,3,49.9
SESS002545,U000464,entertainment_heavy,2025-10-30T02:20:16,2025-10-30T02:24:00,10,122.5
SESS002546,U000464,cybersecurity,2025-08-20T21:40:32,2025-08-20T21:43:27,5,131.7
SESS002547,U000464,cybersecurity,2025-03-15T01:51:56,2025-03-15T01:53:11,4,36.2
SESS002548,U000464,entertainment_heavy,2025-06-03T03:23:14,2025-06-03T03:28:44,12,197.0
SESS002549,U000465,dsa_java_interview,2025-07-30T20:13:04,2025-07-30T20:15:03,3,96.8
SESS002550,U000465,ai_python,2025-03-08T01:20:55,2025-03-08T01:24:37,7,159.7
SESS002551,U000465,gaming_hardware,2025-01-31T12:00:53,2025-01-31T12:05:52,7,221.7
SESS002552,U000465,cybersecurity,2025-06-27T18:49:43,2025-06-27T18:55:16,11,242.4
SESS002553,U000465,gaming_hardware,2025-07-23T17:17:01,2025-07-23T17:24:20,11,334.6
SESS002554,U000465,mixed_scroll,2025-08-29T21:55:59,2025-08-29T22:03:04,12,333.0
SESS002555,U000465,cybersecurity,2025-02-07T03:36:11,2025-02-07T03:44:46,11,401.4
SESS002556,U000465,dsa_java_interview,2025-09-09T10:20:30,2025-09-09T10:26:15,9,249.0
SESS002557,U000466,gaming_hardware,2025-02-09T23:36:19,2025-02-09T23:39:26,6,133.4
SESS002558,U000466,cybersecurity,2025-11-04T10:12:37,2025-11-04T10:13:32,3,17.8
SESS002559,U000466,mixed_scroll,2025-05-03T00:02:51,2025-05-03T00:07:28,11,160.9
SESS002560,U000467,cybersecurity,2025-11-01T14:04:01,2025-11-01T14:08:06,7,178.1
SESS002561,U000467,dsa_java_interview,2025-09-26T02:26:12,2025-09-26T02:31:55,10,231.4
SESS002562,U000467,cybersecurity,2025-09-25T16:53:20,2025-09-25T16:55:42,4,77.1
SESS002563,U000467,ai_python,2025-07-23T13:49:04,2025-07-23T13:51:13,4,86.2
SESS002564,U000467,backend_cloud,2025-10-20T23:59:53,2025-10-21T00:05:07,10,228.4
SESS002565,U000468,gaming_hardware,2025-06-10T03:15:45,2025-06-10T03:20:44,10,200.0
SESS002566,U000468,ai_python,2025-08-13T20:54:41,2025-08-13T20:59:48,7,209.8
SESS002567,U000468,backend_cloud,2025-01-02T16:20:12,2025-01-02T16:25:16,10,204.9
SESS002568,U000468,ai_python,2025-04-24T03:05:01,2025-04-24T03:09:25,8,176.1
SESS002569,U000469,mixed_scroll,2025-08-13T23:32:05,2025-08-13T23:34:32,4,115.8
SESS002570,U000469,gaming_hardware,2025-05-15T14:58:48,2025-05-15T15:02:33,6,170.0
SESS002571,U000469,ai_python,2025-03-13T10:27:29,2025-03-13T10:30:04,5,112.1
SESS002572,U000470,backend_cloud,2025-11-06T01:39:59,2025-11-06T01:42:29,5,105.9
SESS002573,U000470,ai_python,2025-11-12T00:12:53,2025-11-12T00:14:41,3,68.4
SESS002574,U000470,backend_cloud,2025-09-23T19:49:10,2025-09-23T19:52:54,9,158.2
SESS002575,U000470,cybersecurity,2025-07-25T03:00:12,2025-07-25T03:01:58,4,64.3
SESS002576,U000470,cybersecurity,2025-04-07T16:10:05,2025-04-07T16:15:05,11,211.1
SESS002577,U000470,gaming_hardware,2025-03-04T00:31:51,2025-03-04T00:34:21,4,114.9
SESS002578,U000470,gaming_hardware,2025-03-18T14:14:57,2025-03-18T14:20:37,11,222.5
SESS002579,U000470,backend_cloud,2025-05-31T00:54:18,2025-05-31T00:57:53,6,139.6
SESS002580,U000471,entertainment_heavy,2025-05-12T19:39:47,2025-05-12T19:46:58,12,289.9
SESS002581,U000471,cybersecurity,2025-06-23T22:26:01,2025-06-23T22:31:55,12,205.0
SESS002582,U000471,mixed_scroll,2025-08-09T06:21:01,2025-08-09T06:26:36,12,211.1
SESS002583,U000471,mixed_scroll,2025-06-21T15:29:56,2025-06-21T15:31:23,3,56.2
SESS002584,U000471,backend_cloud,2025-11-23T01:15:54,2025-11-23T01:19:36,7,140.4
SESS002585,U000471,dsa_java_interview,2025-05-14T22:40:54,2025-05-14T22:45:47,9,197.0
SESS002586,U000471,ai_python,2025-06-04T06:40:46,2025-06-04T06:43:18,5,103.5
SESS002587,U000472,gaming_hardware,2025-06-04T12:19:33,2025-06-04T12:24:28,9,179.1
SESS002588,U000472,entertainment_heavy,2025-04-28T11:04:40,2025-04-28T11:06:59,4,90.6
SESS002589,U000472,ai_python,2025-11-19T07:27:01,2025-11-19T07:32:14,11,171.1
SESS002590,U000472,mixed_scroll,2025-03-24T08:49:40,2025-03-24T08:52:33,4,129.6
SESS002591,U000472,backend_cloud,2025-09-09T19:17:09,2025-09-09T19:19:46,3,126.0
SESS002592,U000472,mixed_scroll,2025-01-19T07:00:14,2025-01-19T07:02:35,4,97.5
SESS002593,U000472,gaming_hardware,2025-09-11T10:03:50,2025-09-11T10:09:23,10,238.4
SESS002594,U000472,backend_cloud,2025-08-28T19:47:43,2025-08-28T19:51:22,8,164.2
SESS002595,U000473,cybersecurity,2025-03-10T15:27:08,2025-03-10T15:33:04,12,237.6
SESS002596,U000473,cybersecurity,2025-04-14T08:00:34,2025-04-14T08:06:01,9,206.1
SESS002597,U000473,entertainment_heavy,2025-03-08T21:13:43,2025-03-08T21:16:48,6,138.8
SESS002598,U000473,entertainment_heavy,2025-06-11T08:40:11,2025-06-11T08:43:25,8,128.6
SESS002599,U000473,cybersecurity,2025-05-04T11:48:40,2025-05-04T11:51:56,6,113.5
SESS002600,U000473,gaming_hardware,2025-04-16T17:29:34,2025-04-16T17:33:30,6,160.1
SESS002601,U000473,ai_python,2025-04-18T11:21:32,2025-04-18T11:26:05,8,174.9
SESS002602,U000474,backend_cloud,2025-06-13T13:46:41,2025-06-13T13:52:02,10,210.5
SESS002603,U000474,gaming_hardware,2025-01-30T12:05:00,2025-01-30T12:07:52,7,113.5
SESS002604,U000474,cybersecurity,2025-07-27T17:43:44,2025-07-27T17:48:42,12,183.0
SESS002605,U000474,dsa_java_interview,2025-09-29T20:36:11,2025-09-29T20:41:37,12,187.3
SESS002606,U000474,dsa_java_interview,2025-01-26T19:51:42,2025-01-26T19:53:57,4,106.9
SESS002607,U000474,entertainment_heavy,2025-08-09T08:21:40,2025-08-09T08:26:46,10,255.0
SESS002608,U000474,gaming_hardware,2025-09-10T07:54:42,2025-09-10T07:56:58,4,91.9
SESS002609,U000474,backend_cloud,2025-11-05T02:06:36,2025-11-05T02:10:46,8,141.2
SESS002610,U000475,ai_python,2025-01-05T11:14:16,2025-01-05T11:19:07,8,194.0
SESS002611,U000475,ai_python,2025-05-29T21:32:41,2025-05-29T21:39:03,9,279.3
SESS002612,U000475,ai_python,2025-06-16T12:48:45,2025-06-16T12:51:29,5,120.2
SESS002613,U000475,dsa_java_interview,2025-04-25T02:26:56,2025-04-25T02:34:39,12,326.4
SESS002614,U000475,cybersecurity,2025-05-03T22:17:55,2025-05-03T22:26:05,11,345.8
SESS002615,U000475,cybersecurity,2025-08-30T14:08:47,2025-08-30T14:12:58,8,152.3
SESS002616,U000475,ai_python,2025-01-07T10:04:15,2025-01-07T10:09:27,9,233.4
SESS002617,U000476,cybersecurity,2025-04-08T22:46:34,2025-04-08T22:47:57,3,46.0
SESS002618,U000476,dsa_java_interview,2025-10-28T13:38:28,2025-10-28T13:42:52,9,155.0
SESS002619,U000476,backend_cloud,2025-04-04T06:17:15,2025-04-04T06:21:05,6,167.0
SESS002620,U000476,mixed_scroll,2025-05-25T01:59:42,2025-05-25T02:06:32,12,295.6
SESS002621,U000476,dsa_java_interview,2025-11-27T03:57:48,2025-11-27T04:02:51,12,192.7
SESS002622,U000476,dsa_java_interview,2025-04-24T13:23:13,2025-04-24T13:28:00,8,195.3
SESS002623,U000477,mixed_scroll,2025-03-17T13:26:21,2025-03-17T13:29:36,7,96.0
SESS002624,U000477,dsa_java_interview,2025-03-12T14:22:42,2025-03-12T14:27:28,10,174.7
SESS002625,U000477,backend_cloud,2025-04-20T16:50:04,2025-04-20T16:55:53,11,248.3
SESS002626,U000477,mixed_scroll,2025-03-17T02:57:39,2025-03-17T03:02:26,10,181.1
SESS002627,U000477,dsa_java_interview,2025-09-23T14:24:17,2025-09-23T14:30:26,12,256.7
SESS002628,U000477,dsa_java_interview,2025-11-27T03:23:47,2025-11-27T03:26:36,6,114.1
SESS002629,U000477,mixed_scroll,2025-07-12T20:58:08,2025-07-12T21:03:22,10,225.6
SESS002630,U000477,entertainment_heavy,2025-08-11T01:56:08,2025-08-11T01:59:00,7,116.3
SESS002631,U000478,mixed_scroll,2025-01-08T20:25:34,2025-01-08T20:30:30,10,179.6
SESS002632,U000478,dsa_java_interview,2025-05-10T23:27:52,2025-05-10T23:29:58,4,73.7
SESS002633,U000478,gaming_hardware,2025-11-30T05:46:52,2025-11-30T05:50:33,11,131.6
SESS002634,U000479,gaming_hardware,2025-06-29T22:58:36,2025-06-29T23:01:31,5,97.9
SESS002635,U000479,backend_cloud,2025-09-28T16:02:45,2025-09-28T16:06:51,6,200.4
SESS002636,U000479,gaming_hardware,2025-02-16T20:52:41,2025-02-16T20:54:59,6,100.0
SESS002637,U000479,entertainment_heavy,2025-03-07T16:10:50,2025-03-07T16:15:31,9,186.4
SESS002638,U000479,dsa_java_interview,2025-04-29T19:18:46,2025-04-29T19:21:52,5,133.3
SESS002639,U000479,entertainment_heavy,2025-08-03T11:15:57,2025-08-03T11:23:51,12,345.7
SESS002640,U000479,ai_python,2025-07-12T17:22:04,2025-07-12T17:23:58,4,73.4
SESS002641,U000479,mixed_scroll,2025-07-08T02:21:02,2025-07-08T02:27:05,12,237.3
SESS002642,U000480,gaming_hardware,2025-03-13T13:32:37,2025-03-13T13:34:52,5,90.6
SESS002643,U000480,gaming_hardware,2025-10-20T08:23:56,2025-10-20T08:28:36,7,201.4
SESS002644,U000480,mixed_scroll,2025-09-09T00:22:04,2025-09-09T00:28:50,10,286.4
SESS002645,U000480,ai_python,2025-09-15T03:56:40,2025-09-15T03:59:51,6,162.6
SESS002646,U000481,ai_python,2025-01-24T20:38:21,2025-01-24T20:43:24,9,197.1
SESS002647,U000481,backend_cloud,2025-01-02T11:00:39,2025-01-02T11:02:36,5,66.6
SESS002648,U000481,ai_python,2025-07-18T03:45:04,2025-07-18T03:46:48,5,61.4
SESS002649,U000481,dsa_java_interview,2025-06-30T19:41:23,2025-06-30T19:44:28,7,127.7
SESS002650,U000481,ai_python,2025-10-06T00:39:33,2025-10-06T00:43:34,7,164.1
SESS002651,U000481,backend_cloud,2025-02-06T18:38:10,2025-02-06T18:43:31,11,206.5
SESS002652,U000481,gaming_hardware,2025-08-09T13:40:54,2025-08-09T13:44:57,8,159.9
SESS002653,U000481,mixed_scroll,2025-05-13T13:12:48,2025-05-13T13:13:43,3,28.5
SESS002654,U000482,mixed_scroll,2025-04-02T21:52:01,2025-04-02T21:55:07,7,112.5
SESS002655,U000482,dsa_java_interview,2025-01-09T09:04:02,2025-01-09T09:07:52,9,152.5
SESS002656,U000482,cybersecurity,2025-11-02T22:34:08,2025-11-02T22:37:25,5,152.3
SESS002657,U000482,ai_python,2025-09-08T12:44:38,2025-09-08T12:50:47,9,261.4
SESS002658,U000483,ai_python,2025-04-14T20:25:19,2025-04-14T20:28:39,5,156.4
SESS002659,U000483,cybersecurity,2025-07-18T07:44:03,2025-07-18T07:47:14,9,110.7
SESS002660,U000483,entertainment_heavy,2025-07-12T12:16:40,2025-07-12T12:20:50,11,153.1
SESS002661,U000483,backend_cloud,2025-04-26T15:24:11,2025-04-26T15:28:36,10,167.2
SESS002662,U000483,gaming_hardware,2025-01-14T06:52:25,2025-01-14T06:56:19,8,153.8
SESS002663,U000483,gaming_hardware,2025-02-27T20:18:46,2025-02-27T20:20:30,4,50.7
SESS002664,U000483,entertainment_heavy,2025-05-13T13:41:20,2025-05-13T13:47:52,12,243.0
SESS002665,U000483,dsa_java_interview,2025-10-31T21:16:46,2025-10-31T21:23:41,10,293.1
SESS002666,U000484,backend_cloud,2025-06-14T08:40:38,2025-06-14T08:44:05,8,118.2
SESS002667,U000484,backend_cloud,2025-07-01T19:35:47,2025-07-01T19:40:44,10,170.5
SESS002668,U000484,backend_cloud,2025-02-08T06:57:59,2025-02-08T07:01:15,5,132.0
SESS002669,U000484,ai_python,2025-07-18T03:35:09,2025-07-18T03:36:47,3,61.0
SESS002670,U000484,ai_python,2025-05-21T12:39:25,2025-05-21T12:44:40,9,234.8
SESS002671,U000484,mixed_scroll,2025-08-16T08:05:37,2025-08-16T08:07:00,3,54.5
SESS002672,U000484,ai_python,2025-03-22T11:42:20,2025-03-22T11:45:22,4,119.9
SESS002673,U000485,mixed_scroll,2025-11-11T11:16:03,2025-11-11T11:18:55,6,90.6
SESS002674,U000485,ai_python,2025-04-18T22:28:04,2025-04-18T22:35:11,12,287.4
SESS002675,U000485,ai_python,2025-04-10T00:11:24,2025-04-10T00:15:59,7,196.9
SESS002676,U000485,ai_python,2025-08-04T01:14:14,2025-08-04T01:19:48,10,198.5
SESS002677,U000485,cybersecurity,2025-04-17T13:00:22,2025-04-17T13:04:45,7,202.9
SESS002678,U000485,entertainment_heavy,2025-03-23T14:01:38,2025-03-23T14:09:13,12,314.8
SESS002679,U000485,dsa_java_interview,2025-05-22T16:47:43,2025-05-22T16:53:18,11,218.0
SESS002680,U000486,gaming_hardware,2025-04-20T05:48:51,2025-04-20T05:55:44,12,268.5
SESS002681,U000486,gaming_hardware,2025-06-12T17:01:19,2025-06-12T17:08:45,11,328.2
SESS002682,U000486,ai_python,2025-01-11T14:38:54,2025-01-11T14:41:31,5,102.9
SESS002683,U000486,entertainment_heavy,2025-05-10T03:51:24,2025-05-10T03:58:23,12,303.7
SESS002684,U000486,backend_cloud,2025-10-09T07:41:04,2025-10-09T07:44:37,5,173.1
SESS002685,U000486,gaming_hardware,2025-08-27T09:48:22,2025-08-27T09:51:25,6,119.3
SESS002686,U000487,dsa_java_interview,2025-05-14T08:45:37,2025-05-14T08:48:48,7,130.7
SESS002687,U000487,dsa_java_interview,2025-05-31T09:22:39,2025-05-31T09:25:40,6,102.8
SESS002688,U000487,ai_python,2025-03-29T18:04:25,2025-03-29T18:07:42,6,130.0
SESS002689,U000487,gaming_hardware,2025-10-17T18:41:48,2025-10-17T18:44:25,4,120.0
SESS002690,U000487,entertainment_heavy,2025-04-25T15:31:33,2025-04-25T15:38:22,12,271.3
SESS002691,U000487,cybersecurity,2025-07-07T20:50:40,2025-07-07T20:55:53,7,222.1
SESS002692,U000488,backend_cloud,2025-02-24T10:24:43,2025-02-24T10:26:42,4,59.3
SESS002693,U000488,mixed_scroll,2025-05-26T18:41:30,2025-05-26T18:44:19,6,101.4
SESS002694,U000488,ai_python,2025-07-03T17:47:48,2025-07-03T17:50:56,6,121.2
SESS002695,U000488,mixed_scroll,2025-11-26T10:02:46,2025-11-26T10:05:11,5,99.8
SESS002696,U000488,gaming_hardware,2025-05-03T01:14:33,2025-05-03T01:19:38,12,161.3
SESS002697,U000488,ai_python,2025-09-08T00:44:47,2025-09-08T00:46:57,4,109.8
SESS002698,U000488,gaming_hardware,2025-05-22T16:42:52,2025-05-22T16:44:11,3,53.0
SESS002699,U000489,gaming_hardware,2025-10-19T04:54:45,2025-10-19T04:59:01,7,199.2
SESS002700,U000489,entertainment_heavy,2025-08-14T19:25:54,2025-08-14T19:28:09,4,107.6
SESS002701,U000489,cybersecurity,2025-01-28T11:02:21,2025-01-28T11:05:46,7,139.8
SESS002702,U000489,backend_cloud,2025-05-05T03:58:59,2025-05-05T04:03:01,7,167.9
SESS002703,U000489,mixed_scroll,2025-05-18T20:20:06,2025-05-18T20:22:29,5,88.4
SESS002704,U000489,ai_python,2025-05-28T21:43:17,2025-05-28T21:48:21,9,200.6
SESS002705,U000489,backend_cloud,2025-06-24T23:45:45,2025-06-24T23:51:33,12,195.0
SESS002706,U000490,backend_cloud,2025-03-31T10:46:35,2025-03-31T10:53:57,11,324.6
SESS002707,U000490,backend_cloud,2025-04-06T04:55:25,2025-04-06T04:56:36,3,30.0
SESS002708,U000490,backend_cloud,2025-05-30T16:09:00,2025-05-30T16:11:14,4,82.6
SESS002709,U000490,gaming_hardware,2025-11-11T03:47:13,2025-11-11T03:53:43,11,267.5
SESS002710,U000490,dsa_java_interview,2025-05-11T10:10:55,2025-05-11T10:12:24,3,75.6
SESS002711,U000490,backend_cloud,2025-06-08T09:36:34,2025-06-08T09:43:07,11,273.7
SESS002712,U000490,ai_python,2025-05-11T11:16:16,2025-05-11T11:17:27,3,46.5
SESS002713,U000490,entertainment_heavy,2025-09-11T20:26:05,2025-09-11T20:28:47,4,123.7
SESS002714,U000491,backend_cloud,2025-01-18T12:15:17,2025-01-18T12:19:40,8,178.4
SESS002715,U000491,ai_python,2025-03-20T04:15:39,2025-03-20T04:18:07,5,100.6
SESS002716,U000491,ai_python,2025-11-17T12:43:18,2025-11-17T12:47:25,9,171.1
SESS002717,U000491,entertainment_heavy,2025-03-14T09:53:10,2025-03-14T09:58:49,10,236.4
SESS002718,U000491,gaming_hardware,2025-05-11T08:27:05,2025-05-11T08:29:38,6,81.4
SESS002719,U000491,gaming_hardware,2025-07-23T01:46:49,2025-07-23T01:48:58,4,84.3
SESS002720,U000492,gaming_hardware,2025-04-04T10:27:35,2025-04-04T10:30:58,7,130.2
SESS002721,U000492,cybersecurity,2025-09-29T01:41:58,2025-09-29T01:44:53,6,119.1
SESS002722,U000492,entertainment_heavy,2025-06-03T04:37:21,2025-06-03T04:41:24,8,169.3
SESS002723,U000492,cybersecurity,2025-05-04T03:02:00,2025-05-04T03:05:56,8,147.8
SESS002724,U000492,entertainment_heavy,2025-06-17T01:52:37,2025-06-17T01:59:56,12,311.1
SESS002725,U000493,ai_python,2025-05-21T23:13:34,2025-05-21T23:16:19,5,122.8
SESS002726,U000493,gaming_hardware,2025-02-02T13:28:27,2025-02-02T13:32:53,7,195.1
SESS002727,U000493,dsa_java_interview,2025-01-03T02:36:32,2025-01-03T02:39:35,7,92.2
SESS002728,U000493,backend_cloud,2025-07-10T05:22:53,2025-07-10T05:27:00,11,137.7
SESS002729,U000494,dsa_java_interview,2025-01-14T01:52:20,2025-01-14T01:58:41,12,283.9
SESS002730,U000494,cybersecurity,2025-01-15T02:50:36,2025-01-15T02:51:50,3,49.1
SESS002731,U000494,ai_python,2025-01-19T08:26:45,2025-01-19T08:28:53,6,87.8
SESS002732,U000494,gaming_hardware,2025-11-07T09:35:17,2025-11-07T09:39:43,9,201.9
SESS002733,U000494,ai_python,2025-10-05T01:02:41,2025-10-05T01:06:21,7,146.8
SESS002734,U000495,cybersecurity,2025-09-11T14:42:10,2025-09-11T14:47:40,12,209.6
SESS002735,U000495,entertainment_heavy,2025-01-14T08:20:24,2025-01-14T08:21:33,3,39.0
SESS002736,U000495,gaming_hardware,2025-07-02T01:53:43,2025-07-02T01:57:45,8,178.2
SESS002737,U000495,backend_cloud,2025-07-19T15:03:54,2025-07-19T15:07:04,7,92.4
SESS002738,U000495,cybersecurity,2025-09-13T10:23:04,2025-09-13T10:25:29,3,102.9
SESS002739,U000495,cybersecurity,2025-03-02T00:15:15,2025-03-02T00:17:07,3,70.3
SESS002740,U000495,entertainment_heavy,2025-09-19T07:49:42,2025-09-19T07:56:43,12,276.9
SESS002741,U000496,dsa_java_interview,2025-07-08T02:03:08,2025-07-08T02:08:06,9,197.0
SESS002742,U000496,ai_python,2025-06-05T22:41:58,2025-06-05T22:42:54,3,38.3
SESS002743,U000496,dsa_java_interview,2025-10-23T05:55:59,2025-10-23T06:00:40,12,179.7
SESS002744,U000497,gaming_hardware,2025-02-02T01:21:09,2025-02-02T01:27:09,10,232.8
SESS002745,U000497,entertainment_heavy,2025-11-11T15:19:18,2025-11-11T15:24:24,11,184.0
SESS002746,U000497,gaming_hardware,2025-06-14T13:38:55,2025-06-14T13:40:42,3,72.3
SESS002747,U000497,entertainment_heavy,2025-06-16T04:41:59,2025-06-16T04:50:42,12,355.6
SESS002748,U000497,backend_cloud,2025-10-29T09:45:04,2025-10-29T09:47:45,5,114.0
SESS002749,U000497,entertainment_heavy,2025-10-02T05:32:41,2025-10-02T05:40:28,12,328.8
SESS002750,U000497,cybersecurity,2025-09-13T00:15:52,2025-09-13T00:19:15,5,149.4
SESS002751,U000498,dsa_java_interview,2025-01-26T00:59:38,2025-01-26T01:01:44,5,53.9
SESS002752,U000498,ai_python,2025-06-09T13:41:49,2025-06-09T13:43:10,3,56.5
SESS002753,U000498,gaming_hardware,2025-04-06T22:25:06,2025-04-06T22:27:13,4,79.3
SESS002754,U000498,gaming_hardware,2025-11-22T01:25:10,2025-11-22T01:30:55,9,234.3
SESS002755,U000498,dsa_java_interview,2025-09-01T09:03:12,2025-09-01T09:08:09,8,183.3
SESS002756,U000498,mixed_scroll,2025-04-03T18:59:12,2025-04-03T19:02:22,7,116.4
SESS002757,U000498,entertainment_heavy,2025-07-09T12:29:26,2025-07-09T12:31:57,5,110.6
SESS002758,U000499,backend_cloud,2025-07-22T09:35:51,2025-07-22T09:40:17,8,183.2
SESS002759,U000499,entertainment_heavy,2025-11-23T14:56:32,2025-11-23T14:58:29,4,79.5
SESS002760,U000499,mixed_scroll,2025-11-11T05:01:54,2025-11-11T05:04:23,5,84.2
SESS002761,U000499,ai_python,2025-01-17T10:11:22,2025-01-17T10:17:12,10,220.0
SESS002762,U000500,dsa_java_interview,2025-01-28T04:20:10,2025-01-28T04:26:40,12,277.3
SESS002763,U000500,backend_cloud,2025-03-17T09:50:23,2025-03-17T09:53:57,9,116.1
SESS002764,U000500,entertainment_heavy,2025-04-14T10:21:41,2025-04-14T10:25:29,9,160.4
SESS002765,U000500,ai_python,2025-08-16T20:38:12,2025-08-16T20:43:23,12,203.9
SESS002766,U000500,entertainment_heavy,2025-07-03T22:14:03,2025-07-03T22:17:07,5,139.1
SESS002767,U000500,mixed_scroll,2025-08-25T00:04:32,2025-08-25T00:08:14,7,149.1
SESS002768,U000500,cybersecurity,2025-06-04T13:52:59,2025-06-04T13:54:54,3,82.5
SESS002769,U000500,gaming_hardware,2025-05-27T19:01:52,2025-05-27T19:08:47,12,289.8
SESS002770,TRAP_JAVA_BACKEND,ai_python,2025-01-25T07:16:08,2025-01-25T07:18:47,5,102.2
SESS002771,TRAP_JAVA_BACKEND,dsa_java_interview,2025-10-26T07:51:33,2025-10-26T07:53:55,7,104.7
SESS002772,TRAP_JAVA_BACKEND,dsa_java_interview,2025-09-03T15:09:14,2025-09-03T15:13:16,7,158.8
SESS002773,TRAP_JAVA_BACKEND,backend_cloud,2025-01-26T11:38:46,2025-01-26T11:43:12,8,157.0
SESS002774,TRAP_JAVA_BACKEND,gaming_hardware,2025-07-17T23:54:46,2025-07-17T23:57:35,5,121.1
SESS002775,TRAP_MULTILINGUAL,dsa_java_interview,2025-05-27T03:18:57,2025-05-27T03:23:46,10,171.2
SESS002776,TRAP_MULTILINGUAL,ai_python,2025-08-06T07:51:02,2025-08-06T07:53:49,7,103.6
SESS002777,TRAP_MULTILINGUAL,ai_python,2025-04-19T22:28:22,2025-04-19T22:33:07,9,182.3
SESS002778,TRAP_MULTILINGUAL,ai_python,2025-05-12T02:52:11,2025-05-12T02:55:12,6,106.4
SESS002779,TRAP_MULTILINGUAL,entertainment_heavy,2025-03-01T02:56:53,2025-03-01T02:59:31,4,91.2
SESS002780,TRAP_MULTILINGUAL,dsa_java_interview,2025-02-06T11:21:34,2025-02-06T11:24:23,8,88.3
SESS002781,TRAP_MULTILINGUAL,cybersecurity,2025-08-11T16:56:16,2025-08-11T16:59:24,5,132.5
SESS002782,TRAP_ENTERTAINMENT_HEAVY,backend_cloud,2025-02-03T17:56:47,2025-02-03T17:58:14,3,62.7
SESS002783,TRAP_ENTERTAINMENT_HEAVY,gaming_hardware,2025-11-04T10:26:00,2025-11-04T10:27:01,3,30.2
SESS002784,TRAP_ENTERTAINMENT_HEAVY,gaming_hardware,2025-10-19T23:10:17,2025-10-19T23:11:45,3,58.2
SESS002785,TRAP_ENTERTAINMENT_HEAVY,dsa_java_interview,2025-05-21T19:13:42,2025-05-21T19:19:59,11,264.2
SESS002786,TRAP_ENTERTAINMENT_HEAVY,mixed_scroll,2025-09-11T22:43:25,2025-09-11T22:50:51,12,302.4
SESS002787,U000001,gaming_hardware,2025-08-27T13:45:07,2025-08-27T13:49:34,9,152.5
SESS002788,U000001,dsa_java_interview,2025-06-07T02:54:55,2025-06-07T02:58:00,7,103.4
SESS002789,U000001,dsa_java_interview,2025-03-27T02:48:31,2025-03-27T02:53:18,8,208.4
SESS002790,U000001,mixed_scroll,2025-03-31T23:47:39,2025-03-31T23:52:56,10,222.5
SESS002791,U000001,mixed_scroll,2025-06-02T05:51:25,2025-06-02T05:55:39,7,171.8
SESS002792,U000001,dsa_java_interview,2025-05-13T17:34:01,2025-05-13T17:40:33,12,279.1
SESS002793,U000001,gaming_hardware,2025-04-19T09:40:57,2025-04-19T09:44:32,8,129.8
SESS002794,U000001,backend_cloud,2025-07-07T22:43:25,2025-07-07T22:47:26,7,167.0
SESS002795,U000002,ai_python,2025-11-26T02:55:16,2025-11-26T02:57:47,4,108.4
SESS002796,U000002,mixed_scroll,2025-06-12T20:48:32,2025-06-12T20:51:01,4,115.9
SESS002797,U000002,cybersecurity,2025-06-02T17:35:04,2025-06-02T17:36:33,3,62.4
SESS002798,U000003,entertainment_heavy,2025-02-16T19:17:37,2025-02-16T19:18:48,4,39.8
SESS002799,U000003,mixed_scroll,2025-06-03T07:29:03,2025-06-03T07:30:18,3,40.7
SESS002800,U000003,ai_python,2025-07-31T04:09:17,2025-07-31T04:17:29,12,348.0
SESS002801,U000003,gaming_hardware,2025-01-13T21:38:54,2025-01-13T21:45:31,11,271.1
SESS002802,U000003,ai_python,2025-09-07T03:04:27,2025-09-07T03:09:52,9,217.0
SESS002803,U000004,dsa_java_interview,2025-06-26T22:45:53,2025-06-26T22:49:44,8,140.1
SESS002804,U000004,mixed_scroll,2025-01-23T14:46:46,2025-01-23T14:52:14,12,204.3
SESS002805,U000004,dsa_java_interview,2025-01-05T00:38:20,2025-01-05T00:40:18,6,61.4
SESS002806,U000004,mixed_scroll,2025-06-03T04:25:53,2025-06-03T04:28:21,6,74.6
SESS002807,U000004,gaming_hardware,2025-11-20T20:17:02,2025-11-20T20:23:25,10,280.7
SESS002808,U000004,cybersecurity,2025-11-29T16:09:35,2025-11-29T16:13:02,5,155.8
SESS002809,U000005,mixed_scroll,2025-06-15T12:05:51,2025-06-15T12:12:10,12,244.5
SESS002810,U000005,ai_python,2025-09-29T02:34:03,2025-09-29T02:38:18,12,156.3
SESS002811,U000005,backend_cloud,2025-03-15T01:01:54,2025-03-15T01:06:55,11,170.2
SESS002812,U000005,entertainment_heavy,2025-02-09T19:36:07,2025-02-09T19:41:39,10,229.9
SESS002813,U000005,mixed_scroll,2025-10-07T13:46:11,2025-10-07T13:51:42,11,228.4
SESS002814,U000006,gaming_hardware,2025-11-02T15:25:56,2025-11-02T15:31:58,9,234.7
SESS002815,U000006,ai_python,2025-02-22T19:05:35,2025-02-22T19:08:22,6,118.8
SESS002816,U000006,gaming_hardware,2025-10-02T16:48:50,2025-10-02T16:55:03,9,269.6
SESS002817,U000006,dsa_java_interview,2025-01-29T13:08:50,2025-01-29T13:11:04,4,107.3
SESS002818,U000006,entertainment_heavy,2025-07-30T04:01:22,2025-07-30T04:05:22,6,171.2
SESS002819,U000007,dsa_java_interview,2025-01-27T19:59:24,2025-01-27T20:01:50,4,99.2
SESS002820,U000007,entertainment_heavy,2025-11-16T21:29:51,2025-11-16T21:37:24,12,363.8
SESS002821,U000007,mixed_scroll,2025-04-26T21:32:38,2025-04-26T21:39:28,11,282.0
SESS002822,U000007,backend_cloud,2025-03-12T18:09:38,2025-03-12T18:12:52,7,109.2
SESS002823,U000007,entertainment_heavy,2025-03-09T05:44:08,2025-03-09T05:45:27,3,48.2
SESS002824,U000007,mixed_scroll,2025-06-30T14:34:22,2025-06-30T14:40:22,11,248.4
SESS002825,U000008,dsa_java_interview,2025-08-08T03:02:04,2025-08-08T03:03:47,4,61.3
SESS002826,U000008,backend_cloud,2025-05-04T10:39:33,2025-05-04T10:43:01,4,144.8
SESS002827,U000008,mixed_scroll,2025-09-25T22:33:24,2025-09-25T22:39:07,11,222.0
SESS002828,U000008,gaming_hardware,2025-10-22T00:31:25,2025-10-22T00:35:46,9,177.8
SESS002829,U000008,gaming_hardware,2025-04-07T11:57:39,2025-04-07T12:00:46,7,109.4
SESS002830,U000008,cybersecurity,2025-06-30T14:45:29,2025-06-30T14:51:01,8,251.1
SESS002831,U000009,cybersecurity,2025-02-19T02:38:27,2025-02-19T02:39:50,4,52.9
SESS002832,U000009,backend_cloud,2025-01-08T04:28:42,2025-01-08T04:32:29,7,146.1
SESS002833,U000009,ai_python,2025-11-15T20:22:51,2025-11-15T20:26:40,9,157.5
SESS002834,U000009,gaming_hardware,2025-06-16T19:51:04,2025-06-16T19:56:42,10,211.2
SESS002835,U000009,mixed_scroll,2025-11-01T23:03:06,2025-11-01T23:07:29,9,195.3
SESS002836,U000010,gaming_hardware,2025-04-07T10:50:47,2025-04-07T10:55:19,9,193.9
SESS002837,U000010,gaming_hardware,2025-03-29T04:12:29,2025-03-29T04:16:31,6,190.8
SESS002838,U000010,mixed_scroll,2025-10-05T01:55:16,2025-10-05T02:01:11,11,243.0
SESS002839,U000010,mixed_scroll,2025-08-07T18:27:47,2025-08-07T18:32:01,9,158.1
SESS002840,U000010,cybersecurity,2025-01-19T02:01:21,2025-01-19T02:04:54,7,125.2
SESS002841,U000010,cybersecurity,2025-01-09T01:39:17,2025-01-09T01:41:42,5,97.0
SESS002842,U000010,entertainment_heavy,2025-11-13T01:29:38,2025-11-13T01:36:17,12,248.4
SESS002843,U000010,gaming_hardware,2025-10-08T20:32:42,2025-10-08T20:36:14,7,131.5
SESS002844,U000011,ai_python,2025-06-26T16:23:41,2025-06-26T16:24:59,3,51.1
SESS002845,U000011,gaming_hardware,2025-03-28T01:49:53,2025-03-28T01:52:22,5,96.7
SESS002846,U000011,ai_python,2025-09-27T14:26:59,2025-09-27T14:32:38,12,228.3
SESS002847,U000012,gaming_hardware,2025-01-17T04:55:52,2025-01-17T04:57:11,4,66.2
SESS002848,U000012,gaming_hardware,2025-11-22T22:57:38,2025-11-22T23:00:43,7,117.3
SESS002849,U000012,cybersecurity,2025-09-27T14:21:22,2025-09-27T14:24:59,9,124.3
SESS002850,U000012,entertainment_heavy,2025-09-06T12:31:02,2025-09-06T12:34:17,8,124.4
SESS002851,U000012,backend_cloud,2025-02-08T08:08:47,2025-02-08T08:14:53,9,270.4
SESS002852,U000012,cybersecurity,2025-07-08T09:07:55,2025-07-08T09:09:46,3,72.2
SESS002853,U000012,cybersecurity,2025-09-16T00:44:06,2025-09-16T00:47:12,5,116.5
SESS002854,U000012,dsa_java_interview,2025-05-29T01:56:58,2025-05-29T02:01:28,9,168.3
SESS002855,U000013,mixed_scroll,2025-11-23T00:47:19,2025-11-23T00:49:26,4,72.6
SESS002856,U000013,backend_cloud,2025-08-17T21:07:54,2025-08-17T21:09:56,4,77.5
SESS002857,U000013,ai_python,2025-11-07T22:00:18,2025-11-07T22:03:28,6,118.5
SESS002858,U000013,mixed_scroll,2025-03-26T10:56:16,2025-03-26T11:01:32,9,235.2
SESS002859,U000013,ai_python,2025-06-24T22:55:29,2025-06-24T23:00:40,10,182.1
SESS002860,U000013,entertainment_heavy,2025-08-14T21:00:46,2025-08-14T21:02:21,4,51.4
SESS002861,U000013,cybersecurity,2025-06-19T13:23:58,2025-06-19T13:25:35,3,55.1
SESS002862,U000014,dsa_java_interview,2025-10-29T01:10:21,2025-10-29T01:14:17,7,158.3
SESS002863,U000014,cybersecurity,2025-08-04T11:42:57,2025-08-04T11:47:57,7,193.3
SESS002864,U000014,cybersecurity,2025-08-17T00:55:48,2025-08-17T00:57:15,3,58.2
SESS002865,U000014,gaming_hardware,2025-02-24T14:53:43,2025-02-24T14:56:35,5,117.5
SESS002866,U000014,ai_python,2025-05-09T00:16:00,2025-05-09T00:18:37,4,106.6
SESS002867,U000015,mixed_scroll,2025-07-12T05:22:04,2025-07-12T05:28:58,10,271.4
SESS002868,U000015,gaming_hardware,2025-05-05T13:45:17,2025-05-05T13:51:46,12,247.2
SESS002869,U000015,backend_cloud,2025-08-21T07:11:37,2025-08-21T07:15:15,8,124.2
SESS002870,U000016,cybersecurity,2025-02-26T14:09:21,2025-02-26T14:16:55,11,336.9
SESS002871,U000016,entertainment_heavy,2025-10-08T12:43:46,2025-10-08T12:46:05,6,108.5
SESS002872,U000016,ai_python,2025-09-22T08:43:25,2025-09-22T08:46:17,5,131.4
SESS002873,U000016,dsa_java_interview,2025-11-10T21:26:11,2025-11-10T21:32:16,9,239.4
SESS002874,U000016,cybersecurity,2025-03-01T16:43:55,2025-03-01T16:46:16,4,93.2
SESS002875,U000016,entertainment_heavy,2025-01-02T13:04:01,2025-01-02T13:06:38,4,109.1
SESS002876,U000016,dsa_java_interview,2025-07-01T13:46:52,2025-07-01T13:51:33,6,221.8
SESS002877,U000017,backend_cloud,2025-04-22T06:37:34,2025-04-22T06:41:24,7,165.2
SESS002878,U000017,gaming_hardware,2025-01-11T02:45:14,2025-01-11T02:47:06,4,68.0
SESS002879,U000017,backend_cloud,2025-08-19T07:30:04,2025-08-19T07:33:43,9,134.1
SESS002880,U000017,gaming_hardware,2025-04-10T00:01:17,2025-04-10T00:04:12,6,88.4
SESS002881,U000017,mixed_scroll,2025-02-20T09:13:40,2025-02-20T09:16:21,5,102.4
SESS002882,U000017,backend_cloud,2025-11-10T02:44:23,2025-11-10T02:46:28,7,67.6
SESS002883,U000017,cybersecurity,2025-09-27T20:13:31,2025-09-27T20:15:07,3,63.0
SESS002884,U000018,dsa_java_interview,2025-05-20T17:47:59,2025-05-20T17:51:25,6,150.9
SESS002885,U000018,cybersecurity,2025-04-24T01:31:19,2025-04-24T01:36:12,11,185.0
SESS002886,U000018,mixed_scroll,2025-05-06T12:52:43,2025-05-06T13:00:24,12,307.7
SESS002887,U000018,ai_python,2025-09-16T18:48:59,2025-09-16T18:50:27,3,58.9
SESS002888,U000019,backend_cloud,2025-11-23T01:39:45,2025-11-23T01:44:49,11,154.3
SESS002889,U000019,backend_cloud,2025-02-21T13:55:33,2025-02-21T14:01:22,10,222.8
SESS002890,U000019,gaming_hardware,2025-06-15T15:19:32,2025-06-15T15:21:55,4,111.2
SESS002891,U000019,entertainment_heavy,2025-04-19T18:17:53,2025-04-19T18:20:04,5,69.3
SESS002892,U000019,entertainment_heavy,2025-05-05T15:10:13,2025-05-05T15:15:28,12,218.0
SESS002893,U000020,backend_cloud,2025-06-19T07:08:38,2025-06-19T07:10:39,4,72.9
SESS002894,U000020,mixed_scroll,2025-06-25T10:56:58,2025-06-25T11:00:11,8,115.9
SESS002895,U000020,ai_python,2025-10-25T15:33:49,2025-10-25T15:36:23,5,106.8
SESS002896,U000020,dsa_java_interview,2025-09-11T09:56:00,2025-09-11T09:57:45,3,73.8
SESS002897,U000020,gaming_hardware,2025-03-09T15:54:01,2025-03-09T15:55:41,3,74.7
SESS002898,U000020,gaming_hardware,2025-06-04T22:41:58,2025-06-04T22:46:11,9,175.5
SESS002899,U000020,gaming_hardware,2025-03-31T20:30:44,2025-03-31T20:33:03,5,83.3
SESS002900,U000020,ai_python,2025-10-30T15:38:30,2025-10-30T15:42:34,8,172.9
SESS002901,U000021,mixed_scroll,2025-10-13T21:57:25,2025-10-13T22:01:44,9,163.4
SESS002902,U000021,backend_cloud,2025-08-13T14:24:32,2025-08-13T14:30:54,12,267.3
SESS002903,U000021,mixed_scroll,2025-05-31T17:59:46,2025-05-31T18:06:08,12,254.8
SESS002904,U000021,ai_python,2025-10-23T09:45:52,2025-10-23T09:52:38,11,244.8
SESS002905,U000021,ai_python,2025-10-04T07:53:50,2025-10-04T07:58:13,10,160.0
SESS002906,U000021,ai_python,2025-08-20T00:29:24,2025-08-20T00:33:30,9,162.7
SESS002907,U000021,ai_python,2025-10-17T08:43:25,2025-10-17T08:49:10,11,223.2
SESS002908,U000021,gaming_hardware,2025-10-07T22:02:45,2025-10-07T22:06:11,6,122.5
SESS002909,U000022,dsa_java_interview,2025-06-20T19:25:06,2025-06-20T19:27:31,6,102.8
SESS002910,U000022,ai_python,2025-09-30T01:42:14,2025-09-30T01:48:07,11,214.1
SESS002911,U000022,gaming_hardware,2025-03-30T22:29:13,2025-03-30T22:32:30,5,136.0
SESS002912,U000022,gaming_hardware,2025-08-10T06:51:09,2025-08-10T06:58:00,12,298.7
SESS002913,U000022,mixed_scroll,2025-01-23T07:35:57,2025-01-23T07:41:31,8,238.8
SESS002914,U000023,entertainment_heavy,2025-06-13T06:13:52,2025-06-13T06:16:09,5,70.2
SESS002915,U000023,entertainment_heavy,2025-05-18T12:10:36,2025-05-18T12:13:39,6,129.3
SESS002916,U000023,entertainment_heavy,2025-04-27T03:37:40,2025-04-27T03:39:25,3,80.8
SESS002917,U000023,entertainment_heavy,2025-09-18T01:23:58,2025-09-18T01:30:03,9,232.3
SESS002918,U000023,mixed_scroll,2025-03-17T12:45:37,2025-03-17T12:48:52,6,127.6
SESS002919,U000024,backend_cloud,2025-07-24T04:09:48,2025-07-24T04:12:18,6,94.4
SESS002920,U000024,gaming_hardware,2025-04-10T12:34:59,2025-04-10T12:38:15,10,87.2
SESS002921,U000024,dsa_java_interview,2025-01-16T05:52:03,2025-01-16T05:53:34,3,56.5
SESS002922,U000024,gaming_hardware,2025-07-26T03:37:20,2025-07-26T03:43:22,12,250.3
SESS002923,U000024,ai_python,2025-10-31T19:54:29,2025-10-31T19:59:27,11,219.5
SESS002924,U000024,entertainment_heavy,2025-04-04T12:58:53,2025-04-04T13:02:49,9,142.6
SESS002925,U000024,backend_cloud,2025-08-31T18:18:50,2025-08-31T18:21:56,6,130.1
SESS002926,U000025,gaming_hardware,2025-03-15T07:18:33,2025-03-15T07:24:09,10,244.3
SESS002927,U000025,entertainment_heavy,2025-03-01T07:34:33,2025-03-01T07:37:12,6,96.9
SESS002928,U000025,cybersecurity,2025-03-03T15:05:44,2025-03-03T15:11:20,8,254.8
SESS002929,U000025,dsa_java_interview,2025-09-17T12:39:03,2025-09-17T12:45:25,10,280.3
SESS002930,U000025,backend_cloud,2025-08-31T04:52:28,2025-08-31T04:53:48,3,59.7
SESS002931,U000026,cybersecurity,2025-02-27T23:49:23,2025-02-27T23:54:14,8,215.5
SESS002932,U000026,dsa_java_interview,2025-03-18T08:01:19,2025-03-18T08:04:45,6,142.9
SESS002933,U000026,cybersecurity,2025-06-15T21:42:52,2025-06-15T21:46:20,6,147.7
SESS002934,U000026,cybersecurity,2025-08-23T20:19:49,2025-08-23T20:23:26,6,123.6
SESS002935,U000026,backend_cloud,2025-03-06T07:13:02,2025-03-06T07:16:52,8,162.8
SESS002936,U000026,entertainment_heavy,2025-09-12T16:36:22,2025-09-12T16:38:28,6,70.9
SESS002937,U000026,gaming_hardware,2025-07-24T19:05:12,2025-07-24T19:07:50,5,108.0
SESS002938,U000026,dsa_java_interview,2025-07-25T09:59:11,2025-07-25T10:00:38,4,42.1
SESS002939,U000027,entertainment_heavy,2025-09-28T03:20:49,2025-09-28T03:26:08,10,232.7
SESS002940,U000027,backend_cloud,2025-04-10T18:29:09,2025-04-10T18:36:20,10,328.8
SESS002941,U000027,cybersecurity,2025-11-07T19:13:52,2025-11-07T19:22:53,10,403.3
SESS002942,U000028,mixed_scroll,2025-10-29T07:29:43,2025-10-29T07:34:49,12,190.0
SESS002943,U000028,ai_python,2025-03-21T13:57:42,2025-03-21T14:02:33,10,215.2
SESS002944,U000028,entertainment_heavy,2025-09-04T04:14:14,2025-09-04T04:20:35,12,233.5
SESS002945,U000029,gaming_hardware,2025-06-06T14:12:09,2025-06-06T14:17:20,8,212.5
SESS002946,U000029,ai_python,2025-06-24T00:58:18,2025-06-24T01:03:34,12,171.5
SESS002947,U000029,cybersecurity,2025-07-29T12:15:58,2025-07-29T12:19:00,6,112.9
SESS002948,U000030,dsa_java_interview,2025-09-12T06:39:56,2025-09-12T06:45:38,10,242.0
SESS002949,U000030,entertainment_heavy,2025-07-01T11:37:08,2025-07-01T11:43:49,11,263.3
SESS002950,U000030,dsa_java_interview,2025-05-23T03:00:24,2025-05-23T03:03:02,4,122.7
SESS002951,U000030,entertainment_heavy,2025-11-09T13:25:35,2025-11-09T13:31:44,9,276.1
SESS002952,U000030,mixed_scroll,2025-01-31T06:35:38,2025-01-31T06:37:50,4,86.7
SESS002953,U000030,backend_cloud,2025-10-31T07:28:57,2025-10-31T07:32:17,6,123.3
SESS002954,U000030,entertainment_heavy,2025-06-05T15:28:40,2025-06-05T15:34:04,8,220.8
SESS002955,U000030,entertainment_heavy,2025-01-28T20:40:09,2025-01-28T20:44:44,10,167.6
SESS002956,U000031,backend_cloud,2025-04-23T17:42:31,2025-04-23T17:46:55,9,204.1
SESS002957,U000031,gaming_hardware,2025-05-05T04:05:52,2025-05-05T04:08:15,3,102.5
SESS002958,U000031,mixed_scroll,2025-09-06T19:31:33,2025-09-06T19:37:23,11,225.7
SESS002959,U000031,cybersecurity,2025-04-20T16:06:59,2025-04-20T16:12:48,12,208.6
SESS002960,U000031,ai_python,2025-08-04T07:10:24,2025-08-04T07:17:39,12,330.5
SESS002961,U000031,ai_python,2025-05-16T09:45:18,2025-05-16T09:50:11,9,221.2
SESS002962,U000031,backend_cloud,2025-01-22T05:14:21,2025-01-22T05:16:31,4,72.3
SESS002963,U000032,mixed_scroll,2025-07-22T05:31:26,2025-07-22T05:37:02,11,222.1
SESS002964,U000032,entertainment_heavy,2025-11-05T15:01:17,2025-11-05T15:05:29,8,193.6
SESS002965,U000032,backend_cloud,2025-10-26T10:49:19,2025-10-26T10:50:59,4,60.5
SESS002966,U000032,dsa_java_interview,2025-03-14T04:42:07,2025-03-14T04:47:25,10,220.5
SESS002967,U000032,entertainment_heavy,2025-09-17T08:27:18,2025-09-17T08:32:14,10,185.6
SESS002968,U000032,gaming_hardware,2025-06-14T00:43:31,2025-06-14T00:49:06,9,245.8
SESS002969,U000032,entertainment_heavy,2025-09-30T11:03:42,2025-09-30T11:08:59,9,214.4
SESS002970,U000032,entertainment_heavy,2025-06-25T02:01:21,2025-06-25T02:07:20,10,230.4
SESS002971,U000033,gaming_hardware,2025-03-31T19:52:46,2025-03-31T19:57:39,7,221.5
SESS002972,U000033,dsa_java_interview,2025-05-15T12:32:51,2025-05-15T12:38:10,9,209.3
SESS002973,U000033,entertainment_heavy,2025-02-26T14:55:29,2025-02-26T14:59:10,8,154.9
SESS002974,U000033,backend_cloud,2025-01-22T13:23:57,2025-01-22T13:25:30,4,54.2
SESS002975,U000033,mixed_scroll,2025-09-30T12:15:26,2025-09-30T12:21:10,12,205.5
SESS002976,U000033,ai_python,2025-06-23T15:38:44,2025-06-23T15:43:35,10,173.1
SESS002977,U000033,entertainment_heavy,2025-03-02T02:07:18,2025-03-02T02:09:34,5,100.1
SESS002978,U000033,mixed_scroll,2025-03-23T02:07:59,2025-03-23T02:10:11,3,80.3
SESS002979,U000034,backend_cloud,2025-11-07T22:56:55,2025-11-07T22:59:41,4,110.1
SESS002980,U000034,ai_python,2025-07-14T03:53:21,2025-07-14T03:55:05,4,57.5
SESS002981,U000034,cybersecurity,2025-01-01T19:51:41,2025-01-01T19:55:53,8,178.8
SESS002982,U000035,mixed_scroll,2025-09-16T17:23:17,2025-09-16T17:24:14,3,27.7
SESS002983,U000035,mixed_scroll,2025-10-04T01:25:32,2025-10-04T01:27:34,4,90.3
SESS002984,U000035,gaming_hardware,2025-04-08T12:33:54,2025-04-08T12:37:38,7,160.9
SESS002985,U000035,ai_python,2025-08-07T20:51:31,2025-08-07T20:54:36,8,124.8
SESS002986,U000035,entertainment_heavy,2025-03-24T05:58:27,2025-03-24T06:01:05,5,90.8
SESS002987,U000035,entertainment_heavy,2025-08-18T14:22:54,2025-08-18T14:24:39,4,49.0
SESS002988,U000035,ai_python,2025-08-23T12:30:28,2025-08-23T12:34:17,9,155.9
SESS002989,U000035,backend_cloud,2025-08-30T10:57:45,2025-08-30T11:03:13,9,211.2
SESS002990,U000036,mixed_scroll,2025-04-12T07:13:42,2025-04-12T07:15:26,3,64.9
SESS002991,U000036,cybersecurity,2025-02-01T14:14:14,2025-02-01T14:16:25,5,86.9
SESS002992,U000036,cybersecurity,2025-05-13T01:41:54,2025-05-13T01:44:44,7,114.6
SESS002993,U000037,cybersecurity,2025-05-27T09:44:45,2025-05-27T09:48:02,7,112.9
SESS002994,U000037,dsa_java_interview,2025-10-27T12:29:14,2025-10-27T12:31:45,5,105.7
SESS002995,U000037,cybersecurity,2025-02-06T23:26:20,2025-02-06T23:28:31,4,77.1
SESS002996,U000038,gaming_hardware,2025-01-25T23:05:17,2025-01-25T23:07:00,3,63.7
SESS002997,U000038,ai_python,2025-11-09T02:09:20,2025-11-09T02:10:48,3,62.4
SESS002998,U000038,cybersecurity,2025-11-07T18:33:53,2025-11-07T18:39:34,9,229.7
SESS002999,U000038,entertainment_heavy,2025-03-13T15:44:03,2025-03-13T15:47:27,7,139.3
SESS003000,U000038,mixed_scroll,2025-04-24T01:09:15,2025-04-24T01:09:58,3,33.4
SESS003001,U000038,mixed_scroll,2025-08-29T16:57:30,2025-08-29T17:00:31,5,130.1
SESS003002,U000038,entertainment_heavy,2025-09-13T08:32:00,2025-09-13T08:37:34,10,242.9
SESS003003,U000038,mixed_scroll,2025-10-10T23:54:51,2025-10-10T23:56:05,3,46.3
SESS003004,U000039,backend_cloud,2025-11-08T11:01:08,2025-11-08T11:06:52,10,229.9
SESS003005,U000039,gaming_hardware,2025-07-13T23:37:45,2025-07-13T23:42:23,9,171.8
SESS003006,U000039,gaming_hardware,2025-01-27T22:06:11,2025-01-27T22:09:17,5,138.2
SESS003007,U000039,ai_python,2025-06-01T03:53:52,2025-06-01T03:57:50,8,158.0
SESS003008,U000039,gaming_hardware,2025-11-21T05:56:20,2025-11-21T05:59:19,7,113.3
SESS003009,U000039,dsa_java_interview,2025-01-30T19:40:38,2025-01-30T19:46:31,11,215.6
SESS003010,U000040,mixed_scroll,2025-03-05T16:26:03,2025-03-05T16:29:11,6,110.0
SESS003011,U000040,ai_python,2025-02-16T08:35:56,2025-02-16T08:41:51,8,251.2
SESS003012,U000040,gaming_hardware,2025-03-05T06:31:00,2025-03-05T06:33:26,4,85.8
SESS003013,U000041,gaming_hardware,2025-06-26T16:15:17,2025-06-26T16:20:26,10,206.1
SESS003014,U000041,mixed_scroll,2025-03-08T07:43:53,2025-03-08T07:45:50,4,84.5
SESS003015,U000041,backend_cloud,2025-10-18T09:04:02,2025-10-18T09:11:36,11,332.3
SESS003016,U000041,cybersecurity,2025-11-29T03:52:18,2025-11-29T03:56:27,6,165.4
SESS003017,U000042,mixed_scroll,2025-03-09T18:28:22,2025-03-09T18:32:20,7,146.3
SESS003018,U000042,mixed_scroll,2025-02-14T03:49:33,2025-02-14T03:50:41,3,39.0
SESS003019,U000042,ai_python,2025-03-12T14:37:52,2025-03-12T14:39:23,4,48.8
SESS003020,U000042,cybersecurity,2025-06-20T04:05:25,2025-06-20T04:11:09,12,214.1
SESS003021,U000042,mixed_scroll,2025-08-04T00:00:10,2025-08-04T00:02:45,5,85.0
SESS003022,U000043,mixed_scroll,2025-07-06T22:56:12,2025-07-06T22:58:53,6,93.2
SESS003023,U000043,backend_cloud,2025-06-22T02:23:27,2025-06-22T02:30:14,12,289.8
SESS003024,U000043,cybersecurity,2025-04-23T01:26:19,2025-04-23T01:31:21,11,178.9
SESS003025,U000044,cybersecurity,2025-04-18T09:19:38,2025-04-18T09:21:24,3,71.0
SESS003026,U000044,dsa_java_interview,2025-10-01T12:39:38,2025-10-01T12:46:09,10,301.4
SESS003027,U000044,cybersecurity,2025-01-01T09:56:37,2025-01-01T09:58:48,3,93.2
SESS003028,U000044,backend_cloud,2025-02-22T12:19:04,2025-02-22T12:23:24,8,176.5
SESS003029,U000045,dsa_java_interview,2025-10-03T05:50:11,2025-10-03T05:57:05,10,265.8
SESS003030,U000045,backend_cloud,2025-08-25T18:10:34,2025-08-25T18:12:49,5,122.0
SESS003031,U000045,cybersecurity,2025-06-01T19:06:08,2025-06-01T19:10:50,10,169.0
SESS003032,U000045,ai_python,2025-01-16T04:32:09,2025-01-16T04:34:31,5,82.1
SESS003033,U000045,entertainment_heavy,2025-07-26T21:45:58,2025-07-26T21:50:46,10,186.3
SESS003034,U000045,backend_cloud,2025-09-07T16:02:52,2025-09-07T16:04:47,3,69.2
SESS003035,U000045,dsa_java_interview,2025-07-18T20:43:04,2025-07-18T20:46:26,7,113.2
SESS003036,U000046,entertainment_heavy,2025-04-29T21:50:23,2025-04-29T21:52:37,4,97.5
SESS003037,U000046,mixed_scroll,2025-03-08T14:50:34,2025-03-08T14:53:29,4,117.5
SESS003038,U000046,mixed_scroll,2025-04-28T09:01:23,2025-04-28T09:03:04,4,65.7
SESS003039,U000046,mixed_scroll,2025-02-19T17:01:40,2025-02-19T17:04:38,4,142.8
SESS003040,U000046,cybersecurity,2025-06-14T08:30:49,2025-06-14T08:35:16,10,154.4
SESS003041,U000046,backend_cloud,2025-03-09T10:57:43,2025-03-09T11:02:21,10,192.7
SESS003042,U000047,cybersecurity,2025-04-08T20:13:49,2025-04-08T20:16:48,5,126.2
SESS003043,U000047,cybersecurity,2025-07-30T05:32:07,2025-07-30T05:37:49,12,205.0
SESS003044,U000047,ai_python,2025-09-27T06:09:33,2025-09-27T06:12:18,5,98.6
SESS003045,U000047,ai_python,2025-08-24T00:46:18,2025-08-24T00:50:49,8,170.8
SESS003046,U000047,backend_cloud,2025-10-12T07:16:08,2025-10-12T07:18:06,3,75.4
SESS003047,U000048,mixed_scroll,2025-02-12T09:50:50,2025-02-12T09:54:28,7,171.6
SESS003048,U000048,dsa_java_interview,2025-07-11T03:43:51,2025-07-11T03:45:50,4,78.4
SESS003049,U000048,backend_cloud,2025-03-23T12:30:24,2025-03-23T12:35:10,9,175.3
SESS003050,U000048,gaming_hardware,2025-06-21T09:22:26,2025-06-21T09:25:59,7,149.1
SESS003051,U000048,mixed_scroll,2025-08-22T16:41:28,2025-08-22T16:44:57,7,129.5
SESS003052,U000049,cybersecurity,2025-10-15T21:15:57,2025-10-15T21:22:55,12,264.4
SESS003053,U000049,dsa_java_interview,2025-08-28T01:56:30,2025-08-28T02:01:43,10,197.7
SESS003054,U000049,mixed_scroll,2025-01-06T06:37:24,2025-01-06T06:41:13,7,159.2
SESS003055,U000050,dsa_java_interview,2025-09-10T13:20:20,2025-09-10T13:25:23,8,198.1
SESS003056,U000050,mixed_scroll,2025-07-02T16:24:29,2025-07-02T16:27:47,9,93.6
SESS003057,U000050,dsa_java_interview,2025-09-15T23:19:59,2025-09-15T23:23:43,8,131.2
SESS003058,U000050,ai_python,2025-02-17T07:57:21,2025-02-17T07:58:12,3,24.1
SESS003059,U000050,ai_python,2025-09-12T21:12:08,2025-09-12T21:15:30,6,121.6
SESS003060,U000050,dsa_java_interview,2025-03-23T22:27:41,2025-03-23T22:31:20,7,140.6
SESS003061,U000050,backend_cloud,2025-06-12T21:18:39,2025-06-12T21:20:31,4,75.2
SESS003062,U000051,dsa_java_interview,2025-05-31T20:22:09,2025-05-31T20:26:15,7,174.9
SESS003063,U000051,backend_cloud,2025-06-30T00:17:22,2025-06-30T00:22:50,9,247.4
SESS003064,U000051,entertainment_heavy,2025-08-18T20:10:31,2025-08-18T20:15:27,9,212.4
SESS003065,U000051,backend_cloud,2025-06-17T14:26:21,2025-06-17T14:31:50,11,226.0
SESS003066,U000051,dsa_java_interview,2025-01-23T05:49:25,2025-01-23T05:52:36,6,134.0
SESS003067,U000051,ai_python,2025-02-03T20:04:33,2025-02-03T20:09:08,10,206.8
SESS003068,U000051,mixed_scroll,2025-04-01T15:22:12,2025-04-01T15:28:29,12,281.2
SESS003069,U000051,dsa_java_interview,2025-02-07T17:54:49,2025-02-07T17:57:36,5,116.7
SESS003070,U000052,entertainment_heavy,2025-03-29T11:36:54,2025-03-29T11:42:18,11,184.5
SESS003071,U000052,backend_cloud,2025-05-25T14:07:43,2025-05-25T14:10:49,6,130.9
SESS003072,U000052,mixed_scroll,2025-03-01T22:53:37,2025-03-01T22:58:55,11,216.1
SESS003073,U000053,dsa_java_interview,2025-11-27T03:14:44,2025-11-27T03:20:42,12,219.5
SESS003074,U000053,entertainment_heavy,2025-06-29T22:28:23,2025-06-29T22:33:41,9,211.9
SESS003075,U000053,backend_cloud,2025-06-29T15:39:03,2025-06-29T15:44:03,10,207.3
SESS003076,U000053,dsa_java_interview,2025-02-03T22:35:35,2025-02-03T22:39:18,8,146.5
SESS003077,U000053,gaming_hardware,2025-01-30T05:20:30,2025-01-30T05:23:48,5,123.7
SESS003078,U000053,gaming_hardware,2025-07-21T18:03:36,2025-07-21T18:06:31,9,84.3
SESS003079,U000053,backend_cloud,2025-03-20T21:27:49,2025-03-20T21:29:56,5,74.9
SESS003080,U000054,backend_cloud,2025-05-30T05:16:25,2025-05-30T05:21:48,9,214.4
SESS003081,U000054,cybersecurity,2025-03-15T18:34:52,2025-03-15T18:38:14,6,142.2
SESS003082,U000054,dsa_java_interview,2025-08-21T05:29:49,2025-08-21T05:32:23,5,94.5
SESS003083,U000054,cybersecurity,2025-07-14T05:56:30,2025-07-14T06:01:00,9,158.6
SESS003084,U000054,gaming_hardware,2025-04-29T17:55:17,2025-04-29T17:59:59,9,185.2
SESS003085,U000054,backend_cloud,2025-09-16T06:47:46,2025-09-16T06:53:23,11,229.6
SESS003086,U000054,entertainment_heavy,2025-09-10T04:06:27,2025-09-10T04:10:46,9,187.0
SESS003087,U000054,dsa_java_interview,2025-07-28T08:34:23,2025-07-28T08:36:53,3,101.4
SESS003088,U000055,backend_cloud,2025-08-06T16:33:34,2025-08-06T16:38:17,7,185.7
SESS003089,U000055,mixed_scroll,2025-03-06T02:19:07,2025-03-06T02:24:38,9,242.4
SESS003090,U000055,gaming_hardware,2025-10-01T11:54:08,2025-10-01T11:58:23,6,171.6
SESS003091,U000055,mixed_scroll,2025-03-25T07:20:42,2025-03-25T07:27:25,11,267.1
SESS003092,U000055,dsa_java_interview,2025-06-25T19:08:44,2025-06-25T19:14:47,10,249.1
SESS003093,U000056,mixed_scroll,2025-11-07T13:57:30,2025-11-07T14:00:19,4,137.0
SESS003094,U000056,entertainment_heavy,2025-08-19T09:29:29,2025-08-19T09:33:19,8,174.4
SESS003095,U000056,dsa_java_interview,2025-08-03T09:43:07,2025-08-03T09:49:42,11,300.0
SESS003096,U000056,entertainment_heavy,2025-09-27T05:50:51,2025-09-27T05:55:39,8,182.8
SESS003097,U000056,gaming_hardware,2025-11-12T13:48:27,2025-11-12T13:52:59,8,191.7
SESS003098,U000056,dsa_java_interview,2025-10-29T04:58:21,2025-10-29T05:02:39,8,164.5
SESS003099,U000056,backend_cloud,2025-11-21T18:31:40,2025-11-21T18:37:23,10,241.0
SESS003100,U000057,mixed_scroll,2025-02-24T00:14:25,2025-02-24T00:15:40,3,66.0
SESS003101,U000057,mixed_scroll,2025-05-12T20:53:51,2025-05-12T20:56:47,7,103.8
SESS003102,U000057,cybersecurity,2025-08-18T22:39:37,2025-08-18T22:42:40,6,119.4
SESS003103,U000057,backend_cloud,2025-04-06T08:18:02,2025-04-06T08:20:11,8,53.7
SESS003104,U000057,dsa_java_interview,2025-11-02T13:05:26,2025-11-02T13:10:15,11,183.4
SESS003105,U000057,entertainment_heavy,2025-01-22T12:44:04,2025-01-22T12:47:21,7,112.1
SESS003106,U000058,dsa_java_interview,2025-04-28T07:59:42,2025-04-28T08:06:43,11,328.5
SESS003107,U000058,dsa_java_interview,2025-05-05T17:33:25,2025-05-05T17:37:09,6,156.4
SESS003108,U000058,ai_python,2025-06-14T10:09:31,2025-06-14T10:15:38,12,255.5
SESS003109,U000058,ai_python,2025-03-08T10:34:41,2025-03-08T10:37:20,5,101.7
SESS003110,U000058,mixed_scroll,2025-03-20T15:52:02,2025-03-20T15:53:39,3,60.4
SESS003111,U000058,mixed_scroll,2025-02-09T23:38:38,2025-02-09T23:45:57,12,270.6
SESS003112,U000059,ai_python,2025-08-12T12:17:21,2025-08-12T12:21:25,9,169.9
SESS003113,U000059,mixed_scroll,2025-01-10T19:37:01,2025-01-10T19:39:22,6,81.5
SESS003114,U000059,backend_cloud,2025-03-26T23:26:54,2025-03-26T23:30:25,6,140.5
SESS003115,U000059,cybersecurity,2025-03-02T10:42:31,2025-03-02T10:44:31,3,95.3
SESS003116,U000060,ai_python,2025-08-28T00:46:13,2025-08-28T00:49:11,6,117.1
SESS003117,U000060,entertainment_heavy,2025-01-03T14:45:49,2025-01-03T14:48:58,5,143.0
SESS003118,U000060,ai_python,2025-02-03T22:05:34,2025-02-03T22:10:25,8,197.1
SESS003119,U000061,mixed_scroll,2025-11-26T18:04:40,2025-11-26T18:10:47,11,259.1
SESS003120,U000061,ai_python,2025-01-08T06:28:54,2025-01-08T06:31:27,5,100.9
SESS003121,U000061,backend_cloud,2025-04-20T06:05:06,2025-04-20T06:06:53,3,72.9
SESS003122,U000061,ai_python,2025-09-02T08:48:03,2025-09-02T08:50:10,4,81.7
SESS003123,U000061,dsa_java_interview,2025-11-24T05:47:08,2025-11-24T05:50:06,6,123.1
SESS003124,U000062,gaming_hardware,2025-03-16T11:03:55,2025-03-16T11:05:18,3,45.4
SESS003125,U000062,entertainment_heavy,2025-10-27T15:19:48,2025-10-27T15:25:58,11,248.5
SESS003126,U000062,cybersecurity,2025-01-12T11:14:51,2025-01-12T11:17:00,4,81.7
SESS003127,U000062,entertainment_heavy,2025-08-20T19:26:35,2025-08-20T19:29:05,4,77.8
SESS003128,U000062,entertainment_heavy,2025-03-10T07:54:18,2025-03-10T07:57:29,6,124.0
SESS003129,U000062,cybersecurity,2025-11-20T20:34:52,2025-11-20T20:37:26,6,93.1
SESS003130,U000063,dsa_java_interview,2025-01-05T12:43:54,2025-01-05T12:51:22,12,317.9
SESS003131,U000063,cybersecurity,2025-10-21T20:14:35,2025-10-21T20:15:58,3,37.7
SESS003132,U000063,dsa_java_interview,2025-11-27T19:02:14,2025-11-27T19:04:09,4,87.7
SESS003133,U000063,mixed_scroll,2025-06-09T01:05:10,2025-06-09T01:10:51,11,233.6
SESS003134,U000063,entertainment_heavy,2025-03-09T20:33:46,2025-03-09T20:36:07,5,76.5
SESS003135,U000064,entertainment_heavy,2025-09-06T16:17:44,2025-09-06T16:24:38,12,285.3
SESS003136,U000064,backend_cloud,2025-06-24T20:23:39,2025-06-24T20:25:41,3,71.1
SESS003137,U000064,backend_cloud,2025-03-29T15:51:29,2025-03-29T15:59:16,12,346.6
SESS003138,U000064,dsa_java_interview,2025-06-19T23:43:53,2025-06-19T23:46:26,6,94.9
SESS003139,U000064,ai_python,2025-07-22T00:18:05,2025-07-22T00:19:20,3,50.0
SESS003140,U000064,mixed_scroll,2025-09-30T21:47:10,2025-09-30T21:51:02,7,138.7
SESS003141,U000065,entertainment_heavy,2025-07-13T11:08:51,2025-07-13T11:12:10,8,135.1
SESS003142,U000065,backend_cloud,2025-07-11T17:03:08,2025-07-11T17:08:52,10,244.1
SESS003143,U000065,dsa_java_interview,2025-04-03T12:27:20,2025-04-03T12:35:06,12,333.9
SESS003144,U000066,backend_cloud,2025-09-14T12:50:51,2025-09-14T12:57:52,11,294.6
SESS003145,U000066,cybersecurity,2025-08-14T05:30:27,2025-08-14T05:32:10,3,74.9
SESS003146,U000066,cybersecurity,2025-01-31T19:39:46,2025-01-31T19:45:56,9,247.3
SESS003147,U000066,mixed_scroll,2025-09-09T17:08:41,2025-09-09T17:10:36,4,83.3
SESS003148,U000066,cybersecurity,2025-08-31T12:59:48,2025-08-31T13:02:45,4,125.8
SESS003149,U000066,ai_python,2025-09-05T06:53:49,2025-09-05T06:57:27,6,174.3
SESS003150,U000067,ai_python,2025-05-03T09:09:46,2025-05-03T09:13:31,7,150.6
SESS003151,U000067,mixed_scroll,2025-07-04T01:56:31,2025-07-04T02:02:20,10,229.3
SESS003152,U000067,ai_python,2025-02-04T01:59:41,2025-02-04T02:01:42,6,80.7
SESS003153,U000067,gaming_hardware,2025-11-11T09:54:38,2025-11-11T09:57:49,5,142.9
SESS003154,U000067,cybersecurity,2025-08-16T08:06:47,2025-08-16T08:12:03,8,199.3
SESS003155,U000068,entertainment_heavy,2025-08-24T17:49:40,2025-08-24T17:53:07,5,150.8
SESS003156,U000068,cybersecurity,2025-04-21T03:13:23,2025-04-21T03:15:43,4,99.0
SESS003157,U000068,dsa_java_interview,2025-03-10T18:19:01,2025-03-10T18:20:48,3,67.7
SESS003158,U000068,entertainment_heavy,2025-08-11T15:29:11,2025-08-11T15:35:01,7,284.5
SESS003159,U000068,cybersecurity,2025-07-04T11:03:42,2025-07-04T11:06:00,5,83.2
SESS003160,U000069,ai_python,2025-02-28T16:33:13,2025-02-28T16:35:04,3,77.6
SESS003161,U000069,cybersecurity,2025-05-10T20:17:50,2025-05-10T20:23:46,10,256.0
SESS003162,U000069,gaming_hardware,2025-02-21T21:04:21,2025-02-21T21:10:14,11,260.8
SESS003163,U000069,gaming_hardware,2025-10-03T08:31:55,2025-10-03T08:37:11,11,225.6
SESS003164,U000070,backend_cloud,2025-03-02T21:38:23,2025-03-02T21:43:43,9,236.7
SESS003165,U000070,gaming_hardware,2025-06-10T00:31:17,2025-06-10T00:37:53,10,261.1
SESS003166,U000070,ai_python,2025-08-25T07:51:54,2025-08-25T07:56:43,7,213.4
SESS003167,U000070,entertainment_heavy,2025-09-06T18:06:24,2025-09-06T18:07:21,3,21.1
SESS003168,U000070,backend_cloud,2025-10-07T03:16:47,2025-10-07T03:21:23,8,186.5
SESS003169,U000070,entertainment_heavy,2025-10-24T00:40:32,2025-10-24T00:41:50,3,41.7
SESS003170,U000071,backend_cloud,2025-04-10T15:26:49,2025-04-10T15:31:58,10,205.3
SESS003171,U000071,backend_cloud,2025-10-03T17:30:12,2025-10-03T17:32:06,5,66.1
SESS003172,U000071,gaming_hardware,2025-11-06T15:38:17,2025-11-06T15:40:52,6,76.6
SESS003173,U000071,dsa_java_interview,2025-05-15T05:58:19,2025-05-15T06:04:06,11,235.8
SESS003174,U000071,entertainment_heavy,2025-11-05T01:03:51,2025-11-05T01:08:48,11,164.8
SESS003175,U000071,entertainment_heavy,2025-08-02T09:13:36,2025-08-02T09:17:36,8,142.8
SESS003176,U000072,dsa_java_interview,2025-11-19T07:37:26,2025-11-19T07:42:05,9,181.8
SESS003177,U000072,mixed_scroll,2025-07-30T19:59:20,2025-07-30T20:05:02,9,239.7
SESS003178,U000072,backend_cloud,2025-07-30T02:08:13,2025-07-30T02:13:47,10,236.4
SESS003179,U000072,gaming_hardware,2025-05-25T16:02:17,2025-05-25T16:05:15,5,112.9
SESS003180,U000072,dsa_java_interview,2025-07-15T09:39:52,2025-07-15T09:41:04,3,31.2
SESS003181,U000072,gaming_hardware,2025-07-15T23:34:19,2025-07-15T23:40:41,11,263.1
SESS003182,U000072,ai_python,2025-05-12T04:06:50,2025-05-12T04:11:15,6,202.5
SESS003183,U000072,dsa_java_interview,2025-05-15T07:18:56,2025-05-15T07:20:37,5,70.9
SESS003184,U000073,mixed_scroll,2025-02-02T03:11:02,2025-02-02T03:14:44,9,126.5
SESS003185,U000073,mixed_scroll,2025-05-23T18:18:20,2025-05-23T18:23:10,11,148.2
SESS003186,U000073,entertainment_heavy,2025-01-16T15:54:46,2025-01-16T15:59:04,9,138.6
SESS003187,U000073,backend_cloud,2025-07-27T18:57:52,2025-07-27T19:01:46,9,168.8
SESS003188,U000073,entertainment_heavy,2025-06-08T08:55:48,2025-06-08T08:58:14,4,111.1
SESS003189,U000073,gaming_hardware,2025-08-22T23:34:49,2025-08-22T23:39:00,7,162.0
SESS003190,U000073,mixed_scroll,2025-05-18T12:40:14,2025-05-18T12:42:40,4,118.4
SESS003191,U000073,gaming_hardware,2025-11-14T03:33:03,2025-11-14T03:36:31,9,98.5
SESS003192,U000074,dsa_java_interview,2025-07-01T07:03:32,2025-07-01T07:04:34,3,24.4
SESS003193,U000074,cybersecurity,2025-04-01T13:50:52,2025-04-01T13:56:42,12,214.6
SESS003194,U000074,cybersecurity,2025-05-04T13:30:46,2025-05-04T13:33:25,5,95.4
SESS003195,U000075,gaming_hardware,2025-03-21T12:24:37,2025-03-21T12:27:09,7,74.4
SESS003196,U000075,mixed_scroll,2025-07-12T20:59:34,2025-07-12T21:04:22,10,187.4
SESS003197,U000075,entertainment_heavy,2025-11-26T13:19:33,2025-11-26T13:20:47,4,38.7
SESS003198,U000075,dsa_java_interview,2025-08-07T13:24:08,2025-08-07T13:29:11,10,153.3
SESS003199,U000075,backend_cloud,2025-04-04T14:05:31,2025-04-04T14:11:11,11,229.2
SESS003200,U000075,mixed_scroll,2025-05-27T07:49:43,2025-05-27T07:52:23,6,114.4
SESS003201,U000075,cybersecurity,2025-06-04T22:03:58,2025-06-04T22:06:20,4,105.6
SESS003202,U000076,mixed_scroll,2025-06-12T08:55:52,2025-06-12T08:58:50,5,126.9
SESS003203,U000076,entertainment_heavy,2025-11-02T19:21:05,2025-11-02T19:23:52,6,98.2
SESS003204,U000076,backend_cloud,2025-09-09T18:33:30,2025-09-09T18:37:08,9,160.8
SESS003205,U000077,dsa_java_interview,2025-07-01T20:51:29,2025-07-01T20:55:06,7,145.1
SESS003206,U000077,backend_cloud,2025-06-27T08:22:47,2025-06-27T08:27:39,8,203.7
SESS003207,U000077,mixed_scroll,2025-01-05T15:52:48,2025-01-05T15:59:25,10,275.0
SESS003208,U000078,backend_cloud,2025-10-11T17:12:08,2025-10-11T17:15:09,7,124.9
SESS003209,U000078,mixed_scroll,2025-05-07T12:55:25,2025-05-07T12:58:39,6,136.0
SESS003210,U000078,gaming_hardware,2025-10-14T15:25:02,2025-10-14T15:26:37,3,73.7
SESS003211,U000078,cybersecurity,2025-05-09T21:47:17,2025-05-09T21:48:51,4,51.3
SESS003212,U000078,entertainment_heavy,2025-03-09T02:17:29,2025-03-09T02:22:36,9,223.8
SESS003213,U000078,mixed_scroll,2025-03-06T00:05:07,2025-03-06T00:09:17,7,194.7
SESS003214,U000078,ai_python,2025-06-01T08:17:20,2025-06-01T08:21:59,9,160.3
SESS003215,U000079,mixed_scroll,2025-03-19T19:33:11,2025-03-19T19:36:29,8,122.1
SESS003216,U000079,ai_python,2025-10-04T04:30:00,2025-10-04T04:31:43,3,79.8
SESS003217,U000079,gaming_hardware,2025-10-12T09:19:09,2025-10-12T09:24:04,10,206.2
SESS003218,U000079,mixed_scroll,2025-04-07T22:14:22,2025-04-07T22:16:51,4,114.4
SESS003219,U000079,backend_cloud,2025-08-24T09:34:26,2025-08-24T09:37:47,6,161.0
SESS003220,U000079,dsa_java_interview,2025-02-01T00:23:32,2025-02-01T00:25:26,4,71.9
SESS003221,U000080,ai_python,2025-09-27T10:16:41,2025-09-27T10:17:57,3,49.2
SESS003222,U000080,dsa_java_interview,2025-07-10T17:40:47,2025-07-10T17:46:41,11,239.5
SESS003223,U000080,dsa_java_interview,2025-03-23T21:51:01,2025-03-23T21:56:27,11,198.4
SESS003224,U000080,gaming_hardware,2025-03-14T12:26:18,2025-03-14T12:28:42,5,75.2
SESS003225,U000080,mixed_scroll,2025-02-24T05:06:09,2025-02-24T05:10:02,7,171.2
SESS003226,U000080,dsa_java_interview,2025-03-26T11:17:10,2025-03-26T11:18:11,3,36.4
SESS003227,U000081,mixed_scroll,2025-09-19T06:15:38,2025-09-19T06:21:51,10,230.9
SESS003228,U000081,mixed_scroll,2025-03-28T13:41:33,2025-03-28T13:46:20,12,196.2
SESS003229,U000081,backend_cloud,2025-11-15T10:34:21,2025-11-15T10:36:36,5,104.4
SESS003230,U000081,backend_cloud,2025-04-27T15:10:15,2025-04-27T15:15:06,10,177.4
SESS003231,U000081,entertainment_heavy,2025-04-27T00:15:53,2025-04-27T00:21:04,9,243.0
SESS003232,U000082,dsa_java_interview,2025-11-25T04:21:22,2025-11-25T04:25:52,9,153.6
SESS003233,U000082,ai_python,2025-10-12T20:32:40,2025-10-12T20:34:30,5,46.2
SESS003234,U000082,dsa_java_interview,2025-10-13T23:08:41,2025-10-13T23:13:19,12,179.9
SESS003235,U000082,cybersecurity,2025-05-01T15:54:54,2025-05-01T15:59:16,9,143.0
SESS003236,U000082,mixed_scroll,2025-03-13T06:13:11,2025-03-13T06:15:55,6,92.4
SESS003237,U000083,gaming_hardware,2025-01-11T15:35:16,2025-01-11T15:42:11,10,292.3
SESS003238,U000083,backend_cloud,2025-04-23T14:05:41,2025-04-23T14:07:57,5,99.9
SESS003239,U000083,dsa_java_interview,2025-05-14T10:32:25,2025-05-14T10:37:23,9,204.9
SESS003240,U000083,dsa_java_interview,2025-07-06T15:06:23,2025-07-06T15:10:18,9,143.7
SESS003241,U000084,entertainment_heavy,2025-05-24T14:02:02,2025-05-24T14:06:45,10,152.1
SESS003242,U000084,backend_cloud,2025-09-03T07:02:40,2025-09-03T07:04:28,5,32.2
SESS003243,U000084,ai_python,2025-02-28T04:39:17,2025-02-28T04:43:27,10,164.4
SESS003244,U000084,gaming_hardware,2025-11-07T09:20:25,2025-11-07T09:22:12,3,81.0
SESS003245,U000084,ai_python,2025-01-01T18:49:22,2025-01-01T18:52:13,7,108.9
SESS003246,U000084,entertainment_heavy,2025-04-09T23:13:57,2025-04-09T23:14:58,3,37.1
SESS003247,U000084,ai_python,2025-02-20T14:07:55,2025-02-20T14:12:02,8,163.8
SESS003248,U000085,entertainment_heavy,2025-06-02T02:04:58,2025-06-02T02:12:10,12,299.6
SESS003249,U000085,entertainment_heavy,2025-09-06T22:09:58,2025-09-06T22:13:26,6,146.4
SESS003250,U000085,cybersecurity,2025-11-17T11:43:42,2025-11-17T11:45:27,3,74.9
SESS003251,U000085,mixed_scroll,2025-06-09T23:07:38,2025-06-09T23:09:33,5,49.4
SESS003252,U000085,mixed_scroll,2025-04-11T23:05:44,2025-04-11T23:08:14,5,104.0
SESS003253,U000085,cybersecurity,2025-03-12T10:32:31,2025-03-12T10:39:00,10,287.9
SESS003254,U000085,gaming_hardware,2025-11-12T04:27:10,2025-11-12T04:31:23,8,163.4
SESS003255,U000086,entertainment_heavy,2025-04-07T19:44:11,2025-04-07T19:46:29,5,91.2
SESS003256,U000086,cybersecurity,2025-09-10T16:29:23,2025-09-10T16:31:22,3,85.8
SESS003257,U000086,gaming_hardware,2025-03-03T02:19:11,2025-03-03T02:19:58,3,27.7
SESS003258,U000086,backend_cloud,2025-02-20T20:36:04,2025-02-20T20:40:05,8,192.9
SESS003259,U000086,mixed_scroll,2025-09-15T22:54:11,2025-09-15T22:59:30,12,196.0
SESS003260,U000086,backend_cloud,2025-06-23T21:52:16,2025-06-23T21:59:01,12,292.4
SESS003261,U000086,mixed_scroll,2025-07-28T23:26:21,2025-07-28T23:31:58,9,196.6
SESS003262,U000086,entertainment_heavy,2025-10-23T07:25:34,2025-10-23T07:30:11,10,177.2
SESS003263,U000087,entertainment_heavy,2025-05-28T05:51:48,2025-05-28T05:58:33,12,268.4
SESS003264,U000087,mixed_scroll,2025-03-14T15:22:17,2025-03-14T15:25:58,6,167.0
SESS003265,U000087,cybersecurity,2025-04-01T23:57:25,2025-04-02T00:03:02,11,198.5
SESS003266,U000087,gaming_hardware,2025-02-04T00:48:11,2025-02-04T00:55:03,10,268.8
SESS003267,U000087,cybersecurity,2025-02-05T01:35:18,2025-02-05T01:36:50,3,50.1
SESS003268,U000087,dsa_java_interview,2025-02-26T06:49:48,2025-02-26T06:54:34,8,200.5
SESS003269,U000087,cybersecurity,2025-02-20T23:49:14,2025-02-20T23:51:33,3,103.4
SESS003270,U000088,mixed_scroll,2025-06-25T13:07:22,2025-06-25T13:13:26,11,235.2
SESS003271,U000088,cybersecurity,2025-07-04T15:11:06,2025-07-04T15:15:22,9,164.0
SESS003272,U000088,ai_python,2025-04-03T04:29:42,2025-04-03T04:33:11,6,120.8
SESS003273,U000088,gaming_hardware,2025-02-16T21:18:01,2025-02-16T21:22:37,11,167.7
SESS003274,U000088,entertainment_heavy,2025-11-05T22:15:53,2025-11-05T22:21:38,9,251.8
SESS003275,U000088,entertainment_heavy,2025-11-12T09:32:58,2025-11-12T09:38:08,9,162.7
SESS003276,U000088,dsa_java_interview,2025-06-26T07:44:30,2025-06-26T07:49:47,10,209.0
SESS003277,U000088,cybersecurity,2025-01-11T09:43:21,2025-01-11T09:45:50,6,93.9
SESS003278,U000089,dsa_java_interview,2025-07-23T09:22:34,2025-07-23T09:27:30,8,211.9
SESS003279,U000089,gaming_hardware,2025-03-22T19:12:05,2025-03-22T19:16:18,5,179.5
SESS003280,U000089,gaming_hardware,2025-04-22T01:16:17,2025-04-22T01:19:16,7,116.0
SESS003281,U000089,gaming_hardware,2025-04-24T11:44:26,2025-04-24T11:45:49,4,51.1
SESS003282,U000089,gaming_hardware,2025-05-01T05:19:38,2025-05-01T05:22:57,5,142.2
SESS003283,U000089,cybersecurity,2025-03-14T07:01:48,2025-03-14T07:06:21,11,155.3
SESS003284,U000089,backend_cloud,2025-07-24T00:18:45,2025-07-24T00:20:07,3,61.5
SESS003285,U000089,backend_cloud,2025-07-04T11:23:50,2025-07-04T11:28:04,6,220.1
SESS003286,U000090,backend_cloud,2025-11-15T03:53:33,2025-11-15T03:56:56,6,145.1
SESS003287,U000090,mixed_scroll,2025-06-10T15:23:31,2025-06-10T15:27:56,8,185.7
SESS003288,U000090,dsa_java_interview,2025-06-18T12:04:55,2025-06-18T12:08:45,6,164.5
SESS003289,U000090,dsa_java_interview,2025-09-30T01:13:15,2025-09-30T01:19:18,11,247.0
SESS003290,U000090,entertainment_heavy,2025-06-23T00:15:04,2025-06-23T00:19:35,8,182.1
SESS003291,U000090,gaming_hardware,2025-09-10T00:51:54,2025-09-10T00:59:35,11,354.8
SESS003292,U000091,dsa_java_interview,2025-11-24T18:25:43,2025-11-24T18:27:45,5,78.8
SESS003293,U000091,gaming_hardware,2025-07-23T19:23:01,2025-07-23T19:25:05,5,66.4
SESS003294,U000091,cybersecurity,2025-04-18T02:20:05,2025-04-18T02:25:09,11,183.0
SESS003295,U000091,mixed_scroll,2025-03-14T14:29:04,2025-03-14T14:31:25,6,104.6
SESS003296,U000091,dsa_java_interview,2025-05-04T01:29:01,2025-05-04T01:33:01,8,182.3
SESS003297,U000091,entertainment_heavy,2025-09-03T18:34:21,2025-09-03T18:35:50,3,72.9
SESS003298,U000091,mixed_scroll,2025-08-06T18:36:15,2025-08-06T18:42:18,12,225.3
SESS003299,U000092,ai_python,2025-07-14T22:30:56,2025-07-14T22:31:50,3,31.3
SESS003300,U000092,backend_cloud,2025-09-17T10:48:26,2025-09-17T10:54:10,10,207.9
SESS003301,U000092,mixed_scroll,2025-04-05T09:40:07,2025-04-05T09:44:28,9,197.3
SESS003302,U000092,ai_python,2025-07-28T18:50:05,2025-07-28T18:51:39,3,49.1
SESS003303,U000092,mixed_scroll,2025-09-15T06:38:34,2025-09-15T06:42:57,5,186.7
SESS003304,U000093,dsa_java_interview,2025-11-20T14:45:10,2025-11-20T14:48:21,8,118.7
SESS003305,U000093,cybersecurity,2025-11-16T21:22:23,2025-11-16T21:23:47,3,51.8
SESS003306,U000093,dsa_java_interview,2025-05-25T17:35:08,2025-05-25T17:37:44,4,110.1
SESS003307,U000093,ai_python,2025-01-19T04:44:34,2025-01-19T04:48:09,6,131.2
SESS003308,U000093,gaming_hardware,2025-05-26T22:13:32,2025-05-26T22:14:35,3,36.7
SESS003309,U000093,ai_python,2025-07-22T05:43:48,2025-07-22T05:48:27,8,186.8
SESS003310,U000093,backend_cloud,2025-02-03T19:05:03,2025-02-03T19:07:47,5,113.3
SESS003311,U000093,entertainment_heavy,2025-11-11T21:36:58,2025-11-11T21:42:22,7,247.5
SESS003312,U000094,backend_cloud,2025-11-12T02:33:22,2025-11-12T02:39:31,9,269.1
SESS003313,U000094,gaming_hardware,2025-11-15T20:36:25,2025-11-15T20:42:44,11,272.6
SESS003314,U000094,gaming_hardware,2025-03-13T02:46:18,2025-03-13T02:48:55,3,128.6
SESS003315,U000095,backend_cloud,2025-09-02T06:43:55,2025-09-02T06:45:56,5,57.9
SESS003316,U000095,mixed_scroll,2025-03-18T06:40:55,2025-03-18T06:46:05,8,232.7
SESS003317,U000095,cybersecurity,2025-01-07T13:57:56,2025-01-07T13:59:12,3,50.1
SESS003318,U000095,mixed_scroll,2025-11-17T04:50:43,2025-11-17T04:56:44,11,226.4
SESS003319,U000096,mixed_scroll,2025-11-13T01:33:58,2025-11-13T01:38:31,10,168.5
SESS003320,U000096,dsa_java_interview,2025-02-13T03:45:25,2025-02-13T03:49:41,9,132.2
SESS003321,U000096,dsa_java_interview,2025-11-13T14:01:25,2025-11-13T14:05:57,11,195.8
SESS003322,U000097,ai_python,2025-09-06T15:50:49,2025-09-06T15:54:00,6,142.6
SESS003323,U000097,backend_cloud,2025-03-31T18:07:37,2025-03-31T18:13:26,11,212.7
SESS003324,U000097,backend_cloud,2025-04-18T03:58:23,2025-04-18T04:02:34,8,146.4
SESS003325,U000097,mixed_scroll,2025-03-31T04:05:54,2025-03-31T04:07:43,3,63.7
SESS003326,U000097,backend_cloud,2025-08-25T21:21:51,2025-08-25T21:24:13,4,115.7
SESS003327,U000097,ai_python,2025-11-22T18:43:11,2025-11-22T18:47:09,7,148.6
SESS003328,U000098,mixed_scroll,2025-04-14T15:52:04,2025-04-14T15:54:43,7,92.0
SESS003329,U000098,dsa_java_interview,2025-03-14T14:52:16,2025-03-14T14:55:12,6,107.9
SESS003330,U000098,ai_python,2025-05-08T14:26:25,2025-05-08T14:31:02,12,172.0
SESS003331,U000098,entertainment_heavy,2025-04-19T09:23:34,2025-04-19T09:25:02,3,72.9
SESS003332,U000098,gaming_hardware,2025-09-21T17:02:40,2025-09-21T17:04:06,4,48.1
SESS003333,U000098,gaming_hardware,2025-03-28T20:59:39,2025-03-28T21:02:09,5,105.0
SESS003334,U000098,cybersecurity,2025-02-16T19:36:44,2025-02-16T19:38:19,3,59.0
SESS003335,U000099,backend_cloud,2025-08-12T02:12:35,2025-08-12T02:17:00,8,156.7
SESS003336,U000099,entertainment_heavy,2025-02-12T06:56:05,2025-02-12T06:58:42,4,105.4
SESS003337,U000099,entertainment_heavy,2025-01-26T17:47:21,2025-01-26T17:50:30,7,132.3
SESS003338,U000099,entertainment_heavy,2025-01-06T12:31:14,2025-01-06T12:36:36,10,191.2
SESS003339,U000099,gaming_hardware,2025-08-31T05:04:52,2025-08-31T05:07:41,6,114.3
SESS003340,U000099,backend_cloud,2025-02-21T19:45:45,2025-02-21T19:49:12,7,127.2
SESS003341,U000099,backend_cloud,2025-06-29T01:43:03,2025-06-29T01:45:12,4,110.3
SESS003342,U000100,backend_cloud,2025-11-12T08:29:52,2025-11-12T08:33:14,8,125.2
SESS003343,U000100,mixed_scroll,2025-06-27T03:55:11,2025-06-27T03:56:05,3,40.3
SESS003344,U000100,backend_cloud,2025-06-18T05:11:10,2025-06-18T05:17:32,12,256.9
SESS003345,U000100,cybersecurity,2025-06-21T20:46:23,2025-06-21T20:50:44,9,146.5
SESS003346,U000100,entertainment_heavy,2025-04-02T17:12:12,2025-04-02T17:14:14,4,78.4
SESS003347,U000101,entertainment_heavy,2025-07-07T21:29:33,2025-07-07T21:34:39,8,227.5
SESS003348,U000101,backend_cloud,2025-11-28T16:42:12,2025-11-28T16:46:21,6,175.8
SESS003349,U000101,cybersecurity,2025-03-24T16:53:12,2025-03-24T16:57:06,7,148.8
SESS003350,U000101,mixed_scroll,2025-01-03T13:17:27,2025-01-03T13:23:51,10,291.1
SESS003351,U000101,ai_python,2025-05-07T22:32:04,2025-05-07T22:33:13,3,46.1
SESS003352,U000101,ai_python,2025-10-27T09:15:27,2025-10-27T09:19:46,5,199.8
SESS003353,U000101,entertainment_heavy,2025-11-04T14:03:52,2025-11-04T14:10:28,12,243.2
SESS003354,U000102,backend_cloud,2025-06-18T02:31:06,2025-06-18T02:37:07,11,262.6
SESS003355,U000102,ai_python,2025-07-30T11:45:02,2025-07-30T11:49:53,11,159.7
SESS003356,U000102,gaming_hardware,2025-11-10T18:17:30,2025-11-10T18:21:02,7,139.3
SESS003357,U000102,gaming_hardware,2025-03-26T00:05:47,2025-03-26T00:07:06,3,42.7
SESS003358,U000102,gaming_hardware,2025-10-03T06:18:04,2025-10-03T06:25:20,12,291.8
SESS003359,U000102,ai_python,2025-04-10T19:56:45,2025-04-10T19:58:41,3,87.3
SESS003360,U000102,dsa_java_interview,2025-04-06T12:33:16,2025-04-06T12:35:00,3,75.9
SESS003361,U000102,dsa_java_interview,2025-01-13T09:49:11,2025-01-13T09:54:20,11,221.6
SESS003362,U000103,gaming_hardware,2025-05-31T14:44:41,2025-05-31T14:49:21,7,215.5
SESS003363,U000103,gaming_hardware,2025-10-14T07:44:52,2025-10-14T07:50:32,10,236.0
SESS003364,U000103,mixed_scroll,2025-03-10T16:21:16,2025-03-10T16:26:40,11,197.9
SESS003365,U000104,dsa_java_interview,2025-04-25T19:20:12,2025-04-25T19:27:10,12,313.5
SESS003366,U000104,gaming_hardware,2025-09-28T05:01:17,2025-09-28T05:04:31,7,131.2
SESS003367,U000104,entertainment_heavy,2025-04-28T06:20:57,2025-04-28T06:24:21,8,129.4
SESS003368,U000104,gaming_hardware,2025-03-15T01:29:25,2025-03-15T01:32:10,5,107.0
SESS003369,U000104,dsa_java_interview,2025-01-10T13:19:59,2025-01-10T13:23:42,6,172.6
SESS003370,U000105,cybersecurity,2025-02-23T12:55:36,2025-02-23T12:59:40,7,168.7
SESS003371,U000105,cybersecurity,2025-01-01T03:08:36,2025-01-01T03:12:38,10,143.6
SESS003372,U000105,ai_python,2025-06-19T00:15:16,2025-06-19T00:19:16,7,143.1
SESS003373,U000105,backend_cloud,2025-11-14T20:54:34,2025-11-14T20:58:25,7,121.0
SESS003374,U000105,ai_python,2025-06-20T13:17:49,2025-06-20T13:20:12,7,89.6
SESS003375,U000106,cybersecurity,2025-05-25T10:30:02,2025-05-25T10:35:02,8,207.4
SESS003376,U000106,ai_python,2025-01-20T01:53:31,2025-01-20T01:54:19,3,34.5
SESS003377,U000106,gaming_hardware,2025-08-19T08:26:15,2025-08-19T08:29:30,5,127.0
SESS003378,U000106,gaming_hardware,2025-06-07T23:27:37,2025-06-07T23:31:01,6,119.9
SESS003379,U000106,ai_python,2025-01-17T22:29:49,2025-01-17T22:32:50,8,113.0
SESS003380,U000107,entertainment_heavy,2025-08-12T06:12:52,2025-08-12T06:15:42,4,141.7
SESS003381,U000107,backend_cloud,2025-04-22T13:57:36,2025-04-22T13:59:42,3,85.7
SESS003382,U000107,gaming_hardware,2025-07-21T17:50:59,2025-07-21T17:57:24,12,261.2
SESS003383,U000107,entertainment_heavy,2025-01-22T23:41:36,2025-01-22T23:44:02,5,93.9
SESS003384,U000107,ai_python,2025-11-13T03:47:15,2025-11-13T03:48:44,3,67.6
SESS003385,U000107,backend_cloud,2025-09-21T21:16:33,2025-09-21T21:22:40,12,236.1
SESS003386,U000108,mixed_scroll,2025-08-04T19:35:11,2025-08-04T19:39:13,6,184.1
SESS003387,U000108,dsa_java_interview,2025-08-02T07:44:03,2025-08-02T07:49:05,8,198.1
SESS003388,U000108,cybersecurity,2025-03-03T11:53:28,2025-03-03T11:59:03,12,204.4
SESS003389,U000109,gaming_hardware,2025-07-07T18:25:59,2025-07-07T18:31:14,10,209.7
SESS003390,U000109,gaming_hardware,2025-06-22T08:13:42,2025-06-22T08:17:13,6,128.5
SESS003391,U000109,dsa_java_interview,2025-02-20T10:04:16,2025-02-20T10:09:05,7,202.6
SESS003392,U000110,backend_cloud,2025-03-07T18:44:42,2025-03-07T18:47:40,7,136.4
SESS003393,U000110,cybersecurity,2025-07-21T05:50:23,2025-07-21T05:52:43,7,73.0
SESS003394,U000110,ai_python,2025-10-24T06:49:05,2025-10-24T06:52:48,9,121.1
SESS003395,U000110,entertainment_heavy,2025-06-08T16:35:54,2025-06-08T16:40:02,8,172.9
SESS003396,U000110,gaming_hardware,2025-07-26T14:31:39,2025-07-26T14:34:43,6,124.8
SESS003397,U000110,ai_python,2025-05-23T09:07:07,2025-05-23T09:13:54,12,280.4
SESS003398,U000110,dsa_java_interview,2025-10-26T14:08:17,2025-10-26T14:12:32,8,189.8
SESS003399,U000111,cybersecurity,2025-04-26T23:37:15,2025-04-26T23:38:05,3,20.1
SESS003400,U000111,dsa_java_interview,2025-07-28T21:02:01,2025-07-28T21:04:34,5,85.3
SESS003401,U000111,gaming_hardware,2025-04-22T01:15:02,2025-04-22T01:21:09,11,258.5
SESS003402,U000111,cybersecurity,2025-11-20T20:01:08,2025-11-20T20:04:31,9,126.1
SESS003403,U000111,entertainment_heavy,2025-06-05T15:36:03,2025-06-05T15:40:30,7,197.7
SESS003404,U000112,cybersecurity,2025-10-13T14:33:59,2025-10-13T14:39:16,7,232.8
SESS003405,U000112,gaming_hardware,2025-10-19T10:33:52,2025-10-19T10:38:08,8,175.1
SESS003406,U000112,dsa_java_interview,2025-09-09T16:34:21,2025-09-09T16:37:50,7,136.8
SESS003407,U000112,entertainment_heavy,2025-10-27T18:45:50,2025-10-27T18:48:31,8,81.2
SESS003408,U000113,ai_python,2025-05-26T04:53:14,2025-05-26T04:56:14,6,136.3
SESS003409,U000113,gaming_hardware,2025-03-14T03:03:32,2025-03-14T03:06:24,6,111.0
SESS003410,U000113,ai_python,2025-11-24T15:17:06,2025-11-24T15:22:29,11,230.7
SESS003411,U000113,dsa_java_interview,2025-01-29T00:00:01,2025-01-29T00:01:10,3,57.4
SESS003412,U000114,mixed_scroll,2025-08-29T17:49:39,2025-08-29T17:54:51,10,201.0
SESS003413,U000114,mixed_scroll,2025-06-05T15:14:34,2025-06-05T15:15:56,3,59.0
SESS003414,U000114,ai_python,2025-01-17T07:27:05,2025-01-17T07:29:12,4,97.7
SESS003415,U000114,entertainment_heavy,2025-03-23T13:49:36,2025-03-23T13:56:02,12,267.1
SESS003416,U000115,cybersecurity,2025-07-22T04:10:27,2025-07-22T04:16:38,12,265.9
SESS003417,U000115,gaming_hardware,2025-09-15T00:31:49,2025-09-15T00:35:27,7,126.2
SESS003418,U000115,cybersecurity,2025-07-25T15:43:04,2025-07-25T15:47:06,9,143.8
SESS003419,U000115,gaming_hardware,2025-09-29T05:01:42,2025-09-29T05:03:05,3,51.2
SESS003420,U000115,cybersecurity,2025-08-23T20:09:40,2025-08-23T20:14:33,11,177.1
SESS003421,U000115,mixed_scroll,2025-01-11T22:26:37,2025-01-11T22:27:52,3,47.0
SESS003422,U000116,dsa_java_interview,2025-07-21T01:01:15,2025-07-21T01:04:33,8,105.0
SESS003423,U000116,dsa_java_interview,2025-01-25T08:20:53,2025-01-25T08:27:29,10,284.2
SESS003424,U000116,backend_cloud,2025-01-15T04:11:55,2025-01-15T04:17:23,11,189.3
SESS003425,U000116,cybersecurity,2025-05-30T12:37:14,2025-05-30T12:45:41,12,373.5
SESS003426,U000116,mixed_scroll,2025-10-11T11:19:47,2025-10-11T11:22:31,4,122.1
SESS003427,U000116,dsa_java_interview,2025-01-22T03:36:41,2025-01-22T03:43:04,10,291.4
SESS003428,U000117,dsa_java_interview,2025-06-15T15:47:47,2025-06-15T15:51:42,7,157.4
SESS003429,U000117,cybersecurity,2025-03-01T01:34:26,2025-03-01T01:37:24,7,104.2
SESS003430,U000117,gaming_hardware,2025-03-08T17:37:00,2025-03-08T17:42:30,11,204.1
SESS003431,U000118,cybersecurity,2025-06-18T04:49:12,2025-06-18T04:51:16,5,59.7
SESS003432,U000118,gaming_hardware,2025-09-04T02:22:08,2025-09-04T02:27:01,8,227.7
SESS003433,U000118,ai_python,2025-05-11T15:38:17,2025-05-11T15:39:50,3,60.4
SESS003434,U000118,dsa_java_interview,2025-02-09T19:28:09,2025-02-09T19:33:55,12,232.7
SESS003435,U000118,ai_python,2025-04-10T02:07:59,2025-04-10T02:11:23,7,124.9
SESS003436,U000118,backend_cloud,2025-01-20T18:03:33,2025-01-20T18:09:15,11,224.2
SESS003437,U000119,backend_cloud,2025-09-14T03:35:21,2025-09-14T03:40:03,9,178.2
SESS003438,U000119,backend_cloud,2025-08-14T10:44:25,2025-08-14T10:49:52,9,223.4
SESS003439,U000119,mixed_scroll,2025-10-22T14:08:12,2025-10-22T14:09:47,4,48.9
SESS003440,U000119,backend_cloud,2025-03-22T18:32:27,2025-03-22T18:37:09,8,149.1
SESS003441,U000119,entertainment_heavy,2025-03-07T18:29:38,2025-03-07T18:32:27,6,108.3
SESS003442,U000119,gaming_hardware,2025-01-14T01:39:59,2025-01-14T01:46:18,11,233.8
SESS003443,U000119,cybersecurity,2025-08-05T12:21:51,2025-08-05T12:27:02,9,250.7
SESS003444,U000119,ai_python,2025-05-31T09:46:31,2025-05-31T09:48:05,4,57.5
SESS003445,U000120,entertainment_heavy,2025-11-07T07:30:45,2025-11-07T07:34:44,11,138.9
SESS003446,U000120,cybersecurity,2025-09-11T02:35:39,2025-09-11T02:42:10,12,244.2
SESS003447,U000120,cybersecurity,2025-08-16T00:35:28,2025-08-16T00:39:04,7,148.5
SESS003448,U000120,cybersecurity,2025-06-07T10:12:59,2025-06-07T10:18:06,9,208.7
SESS003449,U000120,cybersecurity,2025-08-18T06:35:44,2025-08-18T06:41:26,11,212.5
SESS003450,U000120,ai_python,2025-11-04T21:06:14,2025-11-04T21:12:07,10,227.0
SESS003451,U000120,backend_cloud,2025-09-03T16:37:25,2025-09-03T16:41:10,8,149.7
SESS003452,U000120,cybersecurity,2025-04-30T23:32:44,2025-04-30T23:34:27,5,51.5
SESS003453,U000121,ai_python,2025-08-04T13:12:13,2025-08-04T13:17:08,10,184.7
SESS003454,U000121,backend_cloud,2025-06-16T14:35:01,2025-06-16T14:38:27,8,128.9
SESS003455,U000121,cybersecurity,2025-09-13T00:51:31,2025-09-13T00:53:05,4,71.7
SESS003456,U000121,entertainment_heavy,2025-07-13T00:47:14,2025-07-13T00:50:47,7,131.1
SESS003457,U000122,mixed_scroll,2025-08-26T10:49:55,2025-08-26T10:55:54,12,222.7
SESS003458,U000122,ai_python,2025-01-06T21:45:24,2025-01-06T21:48:17,5,124.4
SESS003459,U000122,gaming_hardware,2025-11-13T09:57:13,2025-11-13T09:58:52,3,73.5
SESS003460,U000122,gaming_hardware,2025-11-26T05:08:25,2025-11-26T05:12:17,7,161.8
SESS003461,U000122,mixed_scroll,2025-04-07T18:45:13,2025-04-07T18:48:21,5,134.7
SESS003462,U000122,backend_cloud,2025-05-27T02:12:26,2025-05-27T02:20:46,11,354.3
SESS003463,U000122,ai_python,2025-08-19T19:47:22,2025-08-19T19:52:16,8,230.1
SESS003464,U000122,dsa_java_interview,2025-01-25T00:45:12,2025-01-25T00:48:00,4,125.1
SESS003465,U000123,backend_cloud,2025-11-28T10:29:26,2025-11-28T10:31:49,4,103.9
SESS003466,U000123,ai_python,2025-05-15T22:26:51,2025-05-15T22:29:51,7,144.9
SESS003467,U000123,dsa_java_interview,2025-03-13T05:50:49,2025-03-13T05:54:40,8,146.2
SESS003468,U000123,mixed_scroll,2025-01-17T16:59:14,2025-01-17T17:05:09,9,270.5
SESS003469,U000123,cybersecurity,2025-04-03T19:55:51,2025-04-03T20:01:26,9,233.4
SESS003470,U000123,ai_python,2025-07-25T12:56:46,2025-07-25T12:58:35,3,68.8
SESS003471,U000124,dsa_java_interview,2025-10-03T09:45:26,2025-10-03T09:49:35,7,174.3
SESS003472,U000124,cybersecurity,2025-02-20T09:16:32,2025-02-20T09:18:19,4,83.7
SESS003473,U000124,dsa_java_interview,2025-04-30T00:28:03,2025-04-30T00:31:46,8,136.8
SESS003474,U000124,cybersecurity,2025-04-26T02:27:43,2025-04-26T02:35:01,12,280.2
SESS003475,U000125,mixed_scroll,2025-11-02T09:14:38,2025-11-02T09:19:57,11,176.1
SESS003476,U000125,gaming_hardware,2025-02-04T23:16:00,2025-02-04T23:20:41,10,175.5
SESS003477,U000125,gaming_hardware,2025-04-12T17:22:53,2025-04-12T17:27:04,8,159.3
SESS003478,U000125,ai_python,2025-01-28T09:47:44,2025-01-28T09:50:19,6,107.0
SESS003479,U000126,cybersecurity,2025-04-29T16:21:28,2025-04-29T16:25:59,8,182.4
SESS003480,U000126,cybersecurity,2025-02-06T01:40:47,2025-02-06T01:45:46,9,184.5
SESS003481,U000126,backend_cloud,2025-07-31T03:52:36,2025-07-31T03:59:06,11,275.8
SESS003482,U000127,ai_python,2025-05-25T12:04:24,2025-05-25T12:08:28,7,168.7
SESS003483,U000127,gaming_hardware,2025-08-06T13:00:12,2025-08-06T13:03:28,7,123.1
SESS003484,U000127,dsa_java_interview,2025-03-15T22:43:55,2025-03-15T22:49:51,12,212.0
SESS003485,U000127,gaming_hardware,2025-01-13T20:00:47,2025-01-13T20:02:02,3,58.9
SESS003486,U000127,cybersecurity,2025-04-17T13:34:18,2025-04-17T13:37:30,5,157.8
SESS003487,U000128,gaming_hardware,2025-07-19T13:32:53,2025-07-19T13:38:58,12,239.1
SESS003488,U000128,backend_cloud,2025-02-24T05:29:33,2025-02-24T05:32:12,6,96.5
SESS003489,U000128,backend_cloud,2025-09-28T02:35:12,2025-09-28T02:38:46,7,140.4
SESS003490,U000128,cybersecurity,2025-08-11T07:30:10,2025-08-11T07:35:09,9,192.7
SESS003491,U000128,mixed_scroll,2025-05-15T07:37:06,2025-05-15T07:40:46,8,124.3
SESS003492,U000128,dsa_java_interview,2025-08-10T08:27:52,2025-08-10T08:33:07,11,201.6
SESS003493,U000128,gaming_hardware,2025-04-23T05:06:13,2025-04-23T05:09:18,5,123.7
SESS003494,U000129,cybersecurity,2025-01-05T16:07:46,2025-01-05T16:09:34,4,59.1
SESS003495,U000129,dsa_java_interview,2025-09-14T10:03:22,2025-09-14T10:07:45,8,151.8
SESS003496,U000129,ai_python,2025-03-11T16:32:06,2025-03-11T16:34:25,3,104.7
SESS003497,U000130,backend_cloud,2025-01-01T20:07:47,2025-01-01T20:13:48,11,262.0
SESS003498,U000130,cybersecurity,2025-07-07T08:05:34,2025-07-07T08:09:28,5,159.8
SESS003499,U000130,entertainment_heavy,2025-01-03T20:30:53,2025-01-03T20:34:44,7,158.4
SESS003500,U000130,dsa_java_interview,2025-03-07T09:58:03,2025-03-07T10:01:44,7,148.3
SESS003501,U000130,ai_python,2025-09-30T03:07:00,2025-09-30T03:13:32,12,275.8
SESS003502,U000131,backend_cloud,2025-11-06T21:20:32,2025-11-06T21:25:28,9,189.0
SESS003503,U000131,cybersecurity,2025-05-13T15:06:50,2025-05-13T15:09:49,6,131.3
SESS003504,U000131,mixed_scroll,2025-05-28T05:36:07,2025-05-28T05:38:17,5,85.1
SESS003505,U000131,mixed_scroll,2025-06-01T02:17:19,2025-06-01T02:18:29,3,31.8
SESS003506,U000131,dsa_java_interview,2025-04-05T10:48:51,2025-04-05T10:51:55,7,110.1
SESS003507,U000131,entertainment_heavy,2025-09-07T14:10:30,2025-09-07T14:13:25,5,123.4
SESS003508,U000131,mixed_scroll,2025-07-08T09:06:40,2025-07-08T09:07:38,3,29.2
SESS003509,U000132,mixed_scroll,2025-08-06T05:21:22,2025-08-06T05:24:49,5,135.4
SESS003510,U000132,cybersecurity,2025-10-14T19:28:49,2025-10-14T19:34:25,11,209.2
SESS003511,U000132,gaming_hardware,2025-10-14T03:01:27,2025-10-14T03:05:58,10,154.2
SESS003512,U000132,cybersecurity,2025-07-30T12:06:23,2025-07-30T12:09:33,8,109.1
SESS003513,U000133,cybersecurity,2025-03-21T08:40:41,2025-03-21T08:45:34,9,189.0
SESS003514,U000133,ai_python,2025-03-10T13:31:10,2025-03-10T13:34:33,7,142.9
SESS003515,U000133,mixed_scroll,2025-09-15T04:34:13,2025-09-15T04:36:56,4,121.3
SESS003516,U000133,cybersecurity,2025-10-18T22:20:01,2025-10-18T22:21:40,4,67.2
SESS003517,U000133,mixed_scroll,2025-04-04T00:29:48,2025-04-04T00:36:14,10,275.9
SESS003518,U000133,mixed_scroll,2025-08-31T02:31:56,2025-08-31T02:38:22,9,259.3
SESS003519,U000133,dsa_java_interview,2025-07-06T12:19:54,2025-07-06T12:25:38,9,244.5
SESS003520,U000133,cybersecurity,2025-10-04T09:54:56,2025-10-04T10:00:38,8,265.2
SESS003521,U000134,gaming_hardware,2025-06-20T19:00:35,2025-06-20T19:04:48,8,199.7
SESS003522,U000134,ai_python,2025-06-26T23:20:32,2025-06-26T23:23:23,5,120.3
SESS003523,U000134,gaming_hardware,2025-04-03T09:28:17,2025-04-03T09:32:46,10,172.6
SESS003524,U000134,entertainment_heavy,2025-11-16T02:39:03,2025-11-16T02:43:00,8,148.0
SESS003525,U000134,mixed_scroll,2025-08-21T09:08:28,2025-08-21T09:11:00,3,116.3
SESS003526,U000134,dsa_java_interview,2025-11-07T22:35:05,2025-11-07T22:38:56,7,145.6
SESS003527,U000134,ai_python,2025-09-17T08:48:42,2025-09-17T08:50:24,3,66.5
SESS003528,U000135,entertainment_heavy,2025-02-23T09:53:26,2025-02-23T09:55:44,6,78.2
SESS003529,U000135,cybersecurity,2025-09-03T04:37:48,2025-09-03T04:43:17,10,191.6
SESS003530,U000135,ai_python,2025-02-08T09:03:05,2025-02-08T09:07:14,7,165.0
SESS003531,U000135,cybersecurity,2025-08-30T05:10:07,2025-08-30T05:14:58,12,145.1
SESS003532,U000135,backend_cloud,2025-11-09T18:10:46,2025-11-09T18:12:40,4,91.0
SESS003533,U000135,mixed_scroll,2025-09-01T19:44:51,2025-09-01T19:47:23,6,61.1
SESS003534,U000135,entertainment_heavy,2025-05-17T19:28:08,2025-05-17T19:29:55,4,48.7
SESS003535,U000135,cybersecurity,2025-01-11T04:28:55,2025-01-11T04:35:23,12,245.0
SESS003536,U000136,dsa_java_interview,2025-03-21T20:44:10,2025-03-21T20:45:28,4,19.8
SESS003537,U000136,ai_python,2025-07-14T08:12:55,2025-07-14T08:19:30,10,256.9
SESS003538,U000136,entertainment_heavy,2025-06-01T00:59:38,2025-06-01T01:02:01,5,85.3
SESS003539,U000136,ai_python,2025-06-11T08:17:25,2025-06-11T08:19:47,6,71.9
SESS003540,U000137,cybersecurity,2025-04-17T17:56:05,2025-04-17T18:00:44,10,174.4
SESS003541,U000137,entertainment_heavy,2025-02-15T12:17:45,2025-02-15T12:19:03,4,37.5
SESS003542,U000137,mixed_scroll,2025-10-27T17:35:11,2025-10-27T17:39:52,12,178.9
SESS003543,U000137,ai_python,2025-04-03T11:23:07,2025-04-03T11:28:02,10,169.2
SESS003544,U000137,gaming_hardware,2025-03-27T16:31:04,2025-03-27T16:34:19,6,139.3
SESS003545,U000137,ai_python,2025-04-02T14:05:41,2025-04-02T14:08:39,8,85.4
SESS003546,U000138,dsa_java_interview,2025-05-08T14:40:42,2025-05-08T14:45:07,8,190.0
SESS003547,U000138,backend_cloud,2025-10-16T19:46:36,2025-10-16T19:49:20,8,114.6
SESS003548,U000138,gaming_hardware,2025-09-10T23:34:44,2025-09-10T23:35:55,3,28.5
SESS003549,U000138,cybersecurity,2025-10-27T02:08:31,2025-10-27T02:15:22,10,313.8
SESS003550,U000138,backend_cloud,2025-08-14T05:05:58,2025-08-14T05:09:40,7,135.2
SESS003551,U000138,gaming_hardware,2025-09-24T22:39:18,2025-09-24T22:44:29,8,219.8
SESS003552,U000138,backend_cloud,2025-09-03T02:44:54,2025-09-03T02:49:13,8,210.9
SESS003553,U000138,cybersecurity,2025-08-24T10:09:30,2025-08-24T10:14:23,11,225.5
SESS003554,U000139,mixed_scroll,2025-08-23T14:29:14,2025-08-23T14:31:53,7,111.9
SESS003555,U000139,entertainment_heavy,2025-03-15T23:25:26,2025-03-15T23:28:46,5,134.6
SESS003556,U000139,cybersecurity,2025-11-19T15:48:09,2025-11-19T15:51:59,8,183.9
SESS003557,U000139,backend_cloud,2025-01-05T22:33:47,2025-01-05T22:38:52,11,200.3
SESS003558,U000139,entertainment_heavy,2025-03-14T09:51:10,2025-03-14T09:57:58,11,278.4
SESS003559,U000140,cybersecurity,2025-10-08T10:41:52,2025-10-08T10:44:15,5,77.3
SESS003560,U000140,cybersecurity,2025-05-10T12:33:30,2025-05-10T12:37:28,6,165.9
SESS003561,U000140,cybersecurity,2025-04-29T08:13:50,2025-04-29T08:18:42,7,187.5
SESS003562,U000140,entertainment_heavy,2025-09-25T00:10:12,2025-09-25T00:17:22,12,301.5
SESS003563,U000140,backend_cloud,2025-04-10T11:53:50,2025-04-10T11:58:38,11,197.4
SESS003564,U000141,entertainment_heavy,2025-11-02T21:09:18,2025-11-02T21:12:07,7,81.3
SESS003565,U000141,entertainment_heavy,2025-01-01T03:31:00,2025-01-01T03:34:29,6,141.5
SESS003566,U000141,gaming_hardware,2025-05-29T18:25:47,2025-05-29T18:32:57,10,331.9
SESS003567,U000141,dsa_java_interview,2025-09-28T10:24:10,2025-09-28T10:25:12,3,37.6
SESS003568,U000142,dsa_java_interview,2025-11-21T03:29:14,2025-11-21T03:32:15,5,130.3
SESS003569,U000142,entertainment_heavy,2025-10-24T19:30:56,2025-10-24T19:32:10,3,35.5
SESS003570,U000142,ai_python,2025-05-18T04:15:18,2025-05-18T04:18:46,6,140.7
SESS003571,U000142,dsa_java_interview,2025-10-11T06:18:39,2025-10-11T06:23:04,11,185.1
SESS003572,U000142,ai_python,2025-03-18T11:23:01,2025-03-18T11:27:09,8,137.4
SESS003573,U000142,ai_python,2025-09-22T01:02:59,2025-09-22T01:09:07,12,219.7
SESS003574,U000143,dsa_java_interview,2025-01-03T22:38:10,2025-01-03T22:41:56,7,141.0
SESS003575,U000143,cybersecurity,2025-10-09T23:27:26,2025-10-09T23:31:52,7,179.6
SESS003576,U000143,cybersecurity,2025-03-21T03:25:44,2025-03-21T03:28:56,5,140.5
SESS003577,U000144,dsa_java_interview,2025-06-14T20:27:03,2025-06-14T20:33:31,12,276.6
SESS003578,U000144,gaming_hardware,2025-06-29T05:30:37,2025-06-29T05:35:32,11,187.4
SESS003579,U000144,cybersecurity,2025-02-22T22:28:52,2025-02-22T22:30:36,3,64.2
SESS003580,U000144,backend_cloud,2025-04-26T02:26:29,2025-04-26T02:29:06,7,98.3
SESS003581,U000145,gaming_hardware,2025-03-07T22:41:55,2025-03-07T22:47:51,12,230.7
SESS003582,U000145,mixed_scroll,2025-03-09T21:27:39,2025-03-09T21:32:57,8,237.0
SESS003583,U000145,backend_cloud,2025-09-22T22:55:45,2025-09-22T22:59:27,7,187.3
SESS003584,U000145,entertainment_heavy,2025-07-01T02:12:54,2025-07-01T02:17:03,7,187.6
SESS003585,U000145,cybersecurity,2025-07-02T16:54:01,2025-07-02T16:55:02,3,34.8
SESS003586,U000145,dsa_java_interview,2025-11-09T14:56:45,2025-11-09T14:58:10,4,47.4
SESS003587,U000146,cybersecurity,2025-02-27T13:10:49,2025-02-27T13:12:30,5,35.6
SESS003588,U000146,dsa_java_interview,2025-11-26T13:38:32,2025-11-26T13:42:01,7,143.4
SESS003589,U000146,mixed_scroll,2025-09-20T13:57:08,2025-09-20T13:59:50,6,85.3
SESS003590,U000147,backend_cloud,2025-11-01T19:17:07,2025-11-01T19:22:05,9,183.4
SESS003591,U000147,cybersecurity,2025-04-11T03:47:43,2025-04-11T03:50:06,6,81.9
SESS003592,U000147,gaming_hardware,2025-04-30T16:40:47,2025-04-30T16:49:20,12,371.0
SESS003593,U000147,dsa_java_interview,2025-02-20T23:42:48,2025-02-20T23:48:41,12,233.7
SESS003594,U000147,mixed_scroll,2025-01-13T11:20:36,2025-01-13T11:22:15,4,61.0
SESS003595,U000147,mixed_scroll,2025-04-02T07:22:45,2025-04-02T07:26:02,6,122.3
SESS003596,U000147,cybersecurity,2025-03-28T17:20:12,2025-03-28T17:26:00,12,222.4
SESS003597,U000148,gaming_hardware,2025-06-22T14:41:59,2025-06-22T14:46:19,6,201.4
SESS003598,U000148,entertainment_heavy,2025-05-02T04:32:56,2025-05-02T04:35:59,7,117.5
SESS003599,U000148,mixed_scroll,2025-03-09T01:12:27,2025-03-09T01:14:34,4,77.8
SESS003600,U000149,backend_cloud,2025-08-01T00:10:19,2025-08-01T00:13:00,3,122.5
SESS003601,U000149,ai_python,2025-07-10T19:55:13,2025-07-10T19:58:08,7,98.6
SESS003602,U000149,gaming_hardware,2025-11-18T01:46:16,2025-11-18T01:48:43,6,96.6
SESS003603,U000149,cybersecurity,2025-04-26T06:44:19,2025-04-26T06:47:47,7,108.5
SESS003604,U000149,gaming_hardware,2025-07-14T10:27:40,2025-07-14T10:30:25,5,126.8
SESS003605,U000149,backend_cloud,2025-07-18T09:28:55,2025-07-18T09:33:37,11,152.4
SESS003606,U000149,gaming_hardware,2025-09-19T10:50:39,2025-09-19T10:52:58,4,103.1
SESS003607,U000150,backend_cloud,2025-06-10T02:01:23,2025-06-10T02:03:20,4,85.6
SESS003608,U000150,backend_cloud,2025-03-29T23:42:31,2025-03-29T23:47:14,9,168.9
SESS003609,U000150,backend_cloud,2025-03-03T12:42:11,2025-03-03T12:48:40,12,265.8
SESS003610,U000150,ai_python,2025-11-02T19:59:04,2025-11-02T20:02:05,6,104.1
SESS003611,U000150,ai_python,2025-04-18T07:47:14,2025-04-18T07:51:28,7,177.2
SESS003612,U000150,ai_python,2025-11-11T01:10:28,2025-11-11T01:14:19,8,170.6
SESS003613,U000150,mixed_scroll,2025-08-08T07:40:13,2025-08-08T07:44:01,9,147.6
SESS003614,U000150,ai_python,2025-10-21T12:08:08,2025-10-21T12:12:11,10,152.6
SESS003615,U000151,dsa_java_interview,2025-02-19T00:26:20,2025-02-19T00:32:02,8,256.2
SESS003616,U000151,gaming_hardware,2025-01-25T16:31:09,2025-01-25T16:36:04,7,224.3
SESS003617,U000151,entertainment_heavy,2025-02-09T03:42:20,2025-02-09T03:45:45,7,156.8
SESS003618,U000151,gaming_hardware,2025-05-31T10:52:00,2025-05-31T10:54:01,4,75.1
SESS003619,U000151,mixed_scroll,2025-07-30T13:40:59,2025-07-30T13:45:49,8,222.0
SESS003620,U000152,gaming_hardware,2025-05-09T13:30:06,2025-05-09T13:34:29,11,124.9
SESS003621,U000152,gaming_hardware,2025-02-28T08:22:27,2025-02-28T08:25:52,7,104.8
SESS003622,U000152,mixed_scroll,2025-01-20T20:58:58,2025-01-20T21:02:45,7,147.8
SESS003623,U000152,ai_python,2025-06-27T15:57:13,2025-06-27T15:59:18,4,86.7
SESS003624,U000152,mixed_scroll,2025-03-17T16:44:57,2025-03-17T16:46:55,4,82.1
SESS003625,U000153,gaming_hardware,2025-06-10T19:16:35,2025-06-10T19:19:50,7,97.9
SESS003626,U000153,entertainment_heavy,2025-08-10T19:41:14,2025-08-10T19:41:59,3,29.7
SESS003627,U000153,backend_cloud,2025-11-30T07:12:55,2025-11-30T07:17:59,8,212.8
SESS003628,U000153,dsa_java_interview,2025-01-04T07:10:30,2025-01-04T07:14:51,7,173.9
SESS003629,U000153,dsa_java_interview,2025-01-26T03:24:34,2025-01-26T03:29:28,8,201.3
SESS003630,U000153,entertainment_heavy,2025-01-12T19:36:41,2025-01-12T19:40:20,8,137.6
SESS003631,U000154,gaming_hardware,2025-10-27T19:04:46,2025-10-27T19:07:32,5,105.3
SESS003632,U000154,dsa_java_interview,2025-02-26T08:25:51,2025-02-26T08:33:11,11,324.8
SESS003633,U000154,entertainment_heavy,2025-02-04T14:56:55,2025-02-04T15:01:18,10,151.7
SESS003634,U000154,mixed_scroll,2025-11-30T18:45:54,2025-11-30T18:49:19,8,118.1
SESS003635,U000154,mixed_scroll,2025-03-13T13:26:18,2025-03-13T13:28:28,4,79.9
SESS003636,U000154,gaming_hardware,2025-07-24T12:19:42,2025-07-24T12:22:23,7,105.6
SESS003637,U000154,backend_cloud,2025-01-11T06:39:38,2025-01-11T06:43:16,6,148.7
SESS003638,U000155,entertainment_heavy,2025-05-02T06:14:29,2025-05-02T06:19:41,10,190.6
SESS003639,U000155,mixed_scroll,2025-05-07T10:42:49,2025-05-07T10:45:55,6,134.4
SESS003640,U000155,mixed_scroll,2025-10-09T15:27:32,2025-10-09T15:32:35,7,215.1
SESS003641,U000155,backend_cloud,2025-08-06T14:26:29,2025-08-06T14:30:46,8,140.5
SESS003642,U000156,dsa_java_interview,2025-07-11T20:25:14,2025-07-11T20:29:20,10,134.7
SESS003643,U000156,dsa_java_interview,2025-03-09T13:50:08,2025-03-09T13:52:14,4,99.9
SESS003644,U000156,dsa_java_interview,2025-06-12T09:36:56,2025-06-12T09:40:11,6,128.5
SESS003645,U000156,backend_cloud,2025-09-19T06:32:01,2025-09-19T06:34:56,7,118.8
SESS003646,U000156,mixed_scroll,2025-05-06T23:45:56,2025-05-06T23:50:38,11,141.5
SESS003647,U000157,cybersecurity,2025-05-25T16:56:18,2025-05-25T17:04:56,12,345.2
SESS003648,U000157,gaming_hardware,2025-08-27T00:16:21,2025-08-27T00:17:57,4,59.3
SESS003649,U000157,ai_python,2025-07-18T14:10:53,2025-07-18T14:16:20,11,218.9
SESS003650,U000157,backend_cloud,2025-04-01T10:13:51,2025-04-01T10:17:29,6,145.2
SESS003651,U000157,dsa_java_interview,2025-03-04T02:00:36,2025-03-04T02:04:17,7,149.0
SESS003652,U000157,gaming_hardware,2025-04-30T11:14:26,2025-04-30T11:18:46,8,205.5
SESS003653,U000157,dsa_java_interview,2025-07-19T03:48:27,2025-07-19T03:53:37,10,229.8
SESS003654,U000158,entertainment_heavy,2025-04-05T22:09:20,2025-04-05T22:11:52,6,93.3
SESS003655,U000158,dsa_java_interview,2025-08-13T09:36:33,2025-08-13T09:40:06,7,162.7
SESS003656,U000158,backend_cloud,2025-09-15T11:05:53,2025-09-15T11:08:40,6,113.2
SESS003657,U000158,mixed_scroll,2025-10-12T17:53:57,2025-10-12T17:59:22,10,183.2
SESS003658,U000159,backend_cloud,2025-06-15T11:43:42,2025-06-15T11:44:56,3,34.6
SESS003659,U000159,gaming_hardware,2025-06-13T18:37:52,2025-06-13T18:39:22,3,44.0
SESS003660,U000159,gaming_hardware,2025-02-23T22:32:20,2025-02-23T22:37:36,10,215.9
SESS003661,U000159,mixed_scroll,2025-07-25T02:18:22,2025-07-25T02:21:00,5,106.8
SESS003662,U000159,cybersecurity,2025-02-27T21:36:19,2025-02-27T21:39:39,7,121.7
SESS003663,U000160,cybersecurity,2025-03-19T08:09:09,2025-03-19T08:12:41,9,140.7
SESS003664,U000160,gaming_hardware,2025-07-23T18:59:40,2025-07-23T19:01:18,4,72.0
SESS003665,U000160,gaming_hardware,2025-09-25T21:07:42,2025-09-25T21:09:24,3,68.4
SESS003666,U000160,gaming_hardware,2025-08-25T08:18:48,2025-08-25T08:23:48,9,223.3
SESS003667,U000160,backend_cloud,2025-03-21T17:37:34,2025-03-21T17:42:00,9,193.3
SESS003668,U000160,entertainment_heavy,2025-02-22T23:19:34,2025-02-22T23:26:54,11,288.1
SESS003669,U000160,ai_python,2025-03-17T21:32:43,2025-03-17T21:37:39,11,180.6
SESS003670,U000160,backend_cloud,2025-09-10T00:33:53,2025-09-10T00:39:08,11,214.9
SESS003671,U000161,backend_cloud,2025-07-06T13:54:35,2025-07-06T13:57:50,6,121.8
SESS003672,U000161,dsa_java_interview,2025-02-07T07:36:56,2025-02-07T07:38:37,3,69.0
SESS003673,U000161,ai_python,2025-09-03T12:10:30,2025-09-03T12:16:19,11,241.8
SESS003674,U000161,mixed_scroll,2025-05-05T19:30:58,2025-05-05T19:34:23,4,149.3
SESS003675,U000161,ai_python,2025-05-06T10:23:50,2025-05-06T10:27:31,7,150.5
SESS003676,U000162,mixed_scroll,2025-07-02T21:14:40,2025-07-02T21:21:03,11,247.2
SESS003677,U000162,ai_python,2025-09-12T04:59:46,2025-09-12T05:03:39,7,180.3
SESS003678,U000162,ai_python,2025-03-16T12:08:17,2025-03-16T12:11:27,9,120.3
SESS003679,U000162,entertainment_heavy,2025-11-21T02:41:45,2025-11-21T02:46:10,8,188.6
SESS003680,U000162,entertainment_heavy,2025-03-25T14:15:24,2025-03-25T14:18:18,7,117.1
SESS003681,U000162,mixed_scroll,2025-09-24T13:35:58,2025-09-24T13:39:31,6,133.6
SESS003682,U000163,dsa_java_interview,2025-08-05T03:44:11,2025-08-05T03:52:01,12,307.1
SESS003683,U000163,cybersecurity,2025-05-30T11:29:28,2025-05-30T11:31:10,3,69.5
SESS003684,U000163,backend_cloud,2025-01-22T14:22:35,2025-01-22T14:27:07,11,168.0
SESS003685,U000163,entertainment_heavy,2025-10-12T22:20:07,2025-10-12T22:21:21,3,48.5
SESS003686,U000163,cybersecurity,2025-06-20T00:40:58,2025-06-20T00:46:55,12,225.7
SESS003687,U000163,cybersecurity,2025-10-19T01:53:28,2025-10-19T01:56:48,8,153.8
SESS003688,U000163,gaming_hardware,2025-08-17T18:09:05,2025-08-17T18:09:54,4,13.8
SESS003689,U000163,mixed_scroll,2025-03-25T05:32:07,2025-03-25T05:33:45,4,60.8
SESS003690,U000164,dsa_java_interview,2025-04-15T11:03:51,2025-04-15T11:10:32,12,250.8
SESS003691,U000164,cybersecurity,2025-08-20T01:23:11,2025-08-20T01:26:04,6,123.1
SESS003692,U000164,mixed_scroll,2025-05-18T06:27:12,2025-05-18T06:29:41,3,110.8
SESS003693,U000164,ai_python,2025-08-03T08:29:53,2025-08-03T08:32:41,5,120.2
SESS003694,U000164,cybersecurity,2025-01-05T01:12:40,2025-01-05T01:15:35,5,123.4
SESS003695,U000164,dsa_java_interview,2025-02-06T00:25:45,2025-02-06T00:28:04,5,79.9
SESS003696,U000165,entertainment_heavy,2025-05-05T00:35:16,2025-05-05T00:37:11,4,58.0
SESS003697,U000165,dsa_java_interview,2025-10-21T07:13:55,2025-10-21T07:15:39,3,61.5
SESS003698,U000165,ai_python,2025-07-12T05:32:25,2025-07-12T05:36:46,9,172.6
SESS003699,U000165,dsa_java_interview,2025-07-22T19:49:48,2025-07-22T19:54:21,10,173.3
SESS003700,U000165,mixed_scroll,2025-08-30T21:34:28,2025-08-30T21:39:59,10,223.2
SESS003701,U000165,entertainment_heavy,2025-09-12T18:32:26,2025-09-12T18:38:55,12,238.0
SESS003702,U000165,dsa_java_interview,2025-04-07T06:42:28,2025-04-07T06:49:04,12,288.9
SESS003703,U000166,gaming_hardware,2025-10-27T02:23:50,2025-10-27T02:26:46,6,124.1
SESS003704,U000166,mixed_scroll,2025-11-01T17:20:33,2025-11-01T17:27:04,11,288.9
SESS003705,U000166,mixed_scroll,2025-03-02T10:56:28,2025-03-02T11:00:46,8,160.9
SESS003706,U000166,backend_cloud,2025-11-11T20:52:03,2025-11-11T20:54:05,5,60.6
SESS003707,U000166,backend_cloud,2025-11-08T14:13:46,2025-11-08T14:16:01,6,93.9
SESS003708,U000167,mixed_scroll,2025-11-05T22:03:30,2025-11-05T22:08:14,10,179.1
SESS003709,U000167,entertainment_heavy,2025-10-08T18:55:01,2025-10-08T19:00:42,9,234.9
SESS003710,U000167,backend_cloud,2025-03-25T03:27:05,2025-03-25T03:31:00,7,163.9
SESS003711,U000167,cybersecurity,2025-07-17T04:53:20,2025-07-17T04:54:41,3,41.3
SESS003712,U000168,cybersecurity,2025-02-22T14:36:42,2025-02-22T14:39:52,6,120.8
SESS003713,U000168,backend_cloud,2025-11-22T22:20:47,2025-11-22T22:24:31,9,140.6
SESS003714,U000168,mixed_scroll,2025-07-21T07:24:16,2025-07-21T07:29:52,12,206.5
SESS003715,U000169,backend_cloud,2025-08-24T03:50:42,2025-08-24T03:55:59,10,207.3
SESS003716,U000169,ai_python,2025-02-19T13:02:55,2025-02-19T13:06:46,6,165.9
SESS003717,U000169,entertainment_heavy,2025-01-13T01:46:16,2025-01-13T01:52:52,10,264.0
SESS003718,U000169,ai_python,2025-08-02T17:15:36,2025-08-02T17:19:17,7,137.3
SESS003719,U000169,entertainment_heavy,2025-11-04T14:10:06,2025-11-04T14:11:57,4,73.8
SESS003720,U000169,cybersecurity,2025-07-07T09:14:10,2025-07-07T09:16:12,4,81.1
SESS003721,U000169,entertainment_heavy,2025-08-19T08:51:31,2025-08-19T08:55:45,7,177.4
SESS003722,U000170,gaming_hardware,2025-05-03T20:59:42,2025-05-03T21:04:02,8,169.7
SESS003723,U000170,mixed_scroll,2025-03-19T03:09:01,2025-03-19T03:10:42,4,56.3
SESS003724,U000170,gaming_hardware,2025-09-20T05:29:30,2025-09-20T05:31:02,3,53.5
SESS003725,U000171,backend_cloud,2025-08-04T18:09:32,2025-08-04T18:13:25,9,131.1
SESS003726,U000171,cybersecurity,2025-03-19T09:08:47,2025-03-19T09:14:40,12,225.1
SESS003727,U000171,ai_python,2025-08-11T12:54:42,2025-08-11T12:56:34,4,48.8
SESS003728,U000171,entertainment_heavy,2025-03-05T04:24:00,2025-03-05T04:25:19,3,52.9
SESS003729,U000171,backend_cloud,2025-08-27T23:48:13,2025-08-27T23:50:13,4,86.6
SESS003730,U000171,entertainment_heavy,2025-03-22T00:29:49,2025-03-22T00:31:42,3,79.4
SESS003731,U000171,backend_cloud,2025-11-21T02:21:50,2025-11-21T02:23:46,5,78.9
SESS003732,U000171,entertainment_heavy,2025-02-06T23:56:00,2025-02-07T00:00:49,7,199.9
SESS003733,U000172,ai_python,2025-03-23T04:13:20,2025-03-23T04:16:49,7,131.3
SESS003734,U000172,backend_cloud,2025-09-18T02:25:22,2025-09-18T02:29:20,10,150.2
SESS003735,U000172,entertainment_heavy,2025-06-20T23:53:06,2025-06-20T23:57:07,6,166.4
SESS003736,U000172,backend_cloud,2025-07-30T10:16:26,2025-07-30T10:20:38,8,176.6
SESS003737,U000172,entertainment_heavy,2025-06-02T15:24:41,2025-06-02T15:30:16,12,222.5
SESS003738,U000172,entertainment_heavy,2025-01-06T15:04:49,2025-01-06T15:07:25,6,90.1
SESS003739,U000173,entertainment_heavy,2025-07-08T01:37:08,2025-07-08T01:40:23,6,121.6
SESS003740,U000173,gaming_hardware,2025-06-16T20:09:05,2025-06-16T20:12:44,9,142.2
SESS003741,U000173,backend_cloud,2025-02-23T20:33:41,2025-02-23T20:38:51,9,202.8
SESS003742,U000173,ai_python,2025-10-12T20:57:27,2025-10-12T21:01:44,10,164.5
SESS003743,U000173,mixed_scroll,2025-02-23T02:14:06,2025-02-23T02:16:50,5,112.8
SESS003744,U000173,gaming_hardware,2025-06-05T02:38:47,2025-06-05T02:42:32,9,151.6
SESS003745,U000173,gaming_hardware,2025-08-14T22:31:56,2025-08-14T22:35:29,7,123.8
SESS003746,U000174,entertainment_heavy,2025-08-19T04:03:02,2025-08-19T04:06:25,5,135.4
SESS003747,U000174,dsa_java_interview,2025-07-21T13:40:07,2025-07-21T13:45:42,12,217.0
SESS003748,U000174,gaming_hardware,2025-10-13T09:59:50,2025-10-13T10:03:06,7,138.1
SESS003749,U000174,entertainment_heavy,2025-05-04T01:51:43,2025-05-04T01:57:48,12,254.2
SESS003750,U000174,backend_cloud,2025-04-24T04:04:09,2025-04-24T04:06:08,5,45.4
SESS003751,U000175,ai_python,2025-07-25T11:28:41,2025-07-25T11:33:11,9,183.8
SESS003752,U000175,dsa_java_interview,2025-04-08T08:37:55,2025-04-08T08:43:01,9,240.6
SESS003753,U000175,gaming_hardware,2025-06-16T04:52:14,2025-06-16T04:57:03,8,201.1
SESS003754,U000176,cybersecurity,2025-01-01T08:55:28,2025-01-01T08:58:14,4,119.6
SESS003755,U000176,entertainment_heavy,2025-01-31T23:52:19,2025-01-31T23:56:46,9,177.0
SESS003756,U000176,mixed_scroll,2025-03-28T13:16:40,2025-03-28T13:18:00,4,43.4
SESS003757,U000176,backend_cloud,2025-03-08T13:00:57,2025-03-08T13:03:55,5,117.1
SESS003758,U000176,ai_python,2025-10-03T02:31:14,2025-10-03T02:33:51,6,101.7
SESS003759,U000176,dsa_java_interview,2025-11-27T06:57:57,2025-11-27T07:01:04,5,111.7
SESS003760,U000176,cybersecurity,2025-05-22T03:37:56,2025-05-22T03:41:00,6,130.8
SESS003761,U000176,cybersecurity,2025-04-14T18:34:36,2025-04-14T18:40:27,11,259.1
SESS003762,U000177,dsa_java_interview,2025-08-27T00:18:26,2025-08-27T00:23:27,9,197.0
SESS003763,U000177,backend_cloud,2025-06-11T09:10:51,2025-06-11T09:18:18,11,339.8
SESS003764,U000177,entertainment_heavy,2025-03-07T13:48:27,2025-03-07T13:53:08,10,179.3
SESS003765,U000177,backend_cloud,2025-09-24T12:24:49,2025-09-24T12:32:26,12,307.9
SESS003766,U000177,ai_python,2025-06-04T05:27:25,2025-06-04T05:30:52,6,135.0
SESS003767,U000177,entertainment_heavy,2025-07-05T16:02:42,2025-07-05T16:09:21,11,281.2
SESS003768,U000177,gaming_hardware,2025-01-10T00:47:38,2025-01-10T00:52:47,11,179.3
SESS003769,U000177,entertainment_heavy,2025-03-29T06:00:51,2025-03-29T06:04:37,9,167.8
SESS003770,U000178,entertainment_heavy,2025-08-01T04:49:01,2025-08-01T04:51:24,3,91.1
SESS003771,U000178,backend_cloud,2025-07-30T14:42:16,2025-07-30T14:44:21,4,83.4
SESS003772,U000178,dsa_java_interview,2025-10-20T19:12:04,2025-10-20T19:17:10,10,201.5
SESS003773,U000178,mixed_scroll,2025-01-22T09:30:21,2025-01-22T09:33:11,6,117.3
SESS003774,U000179,ai_python,2025-01-04T10:34:54,2025-01-04T10:36:29,4,51.4
SESS003775,U000179,gaming_hardware,2025-07-06T19:37:49,2025-07-06T19:39:18,3,80.8
SESS003776,U000179,backend_cloud,2025-11-14T02:03:19,2025-11-14T02:07:21,10,128.7
SESS003777,U000179,mixed_scroll,2025-07-28T22:21:31,2025-07-28T22:26:35,10,190.8
SESS003778,U000179,cybersecurity,2025-04-04T04:06:05,2025-04-04T04:10:32,11,170.9
SESS003779,U000179,mixed_scroll,2025-07-26T19:18:25,2025-07-26T19:20:42,6,65.1
SESS003780,U000179,ai_python,2025-07-25T23:47:03,2025-07-25T23:51:25,8,172.3
SESS003781,U000179,gaming_hardware,2025-01-20T03:41:51,2025-01-20T03:44:27,5,117.6
SESS003782,U000180,backend_cloud,2025-02-21T13:38:45,2025-02-21T13:39:47,3,30.2
SESS003783,U000180,cybersecurity,2025-02-15T19:24:04,2025-02-15T19:27:37,5,153.5
SESS003784,U000180,entertainment_heavy,2025-04-07T12:35:54,2025-04-07T12:38:58,5,143.1
SESS003785,U000180,ai_python,2025-08-07T23:06:37,2025-08-07T23:13:32,12,274.3
SESS003786,U000180,gaming_hardware,2025-04-19T12:18:54,2025-04-19T12:26:26,12,308.6
SESS003787,U000180,mixed_scroll,2025-01-25T03:50:16,2025-01-25T03:53:24,7,141.0
SESS003788,U000181,cybersecurity,2025-06-18T01:37:04,2025-06-18T01:39:31,5,95.1
SESS003789,U000181,dsa_java_interview,2025-11-30T15:31:57,2025-11-30T15:33:41,4,54.4
SESS003790,U000181,mixed_scroll,2025-10-02T11:54:52,2025-10-02T11:58:15,8,94.3
SESS003791,U000181,backend_cloud,2025-08-28T03:34:15,2025-08-28T03:37:52,9,118.9
SESS003792,U000181,dsa_java_interview,2025-06-26T12:45:58,2025-06-26T12:52:21,12,225.0
SESS003793,U000181,gaming_hardware,2025-09-09T05:19:25,2025-09-09T05:20:48,4,43.1
SESS003794,U000181,ai_python,2025-01-07T11:21:58,2025-01-07T11:27:03,12,212.3
SESS003795,U000182,cybersecurity,2025-03-24T23:35:13,2025-03-24T23:37:54,4,110.5
SESS003796,U000182,cybersecurity,2025-03-01T02:41:53,2025-03-01T02:45:34,6,144.0
SESS003797,U000182,dsa_java_interview,2025-09-13T03:44:39,2025-09-13T03:46:33,4,69.8
SESS003798,U000182,dsa_java_interview,2025-03-23T20:47:14,2025-03-23T20:49:39,4,101.9
SESS003799,U000183,ai_python,2025-07-26T04:55:39,2025-07-26T04:56:49,3,35.9
SESS003800,U000183,backend_cloud,2025-02-06T21:35:09,2025-02-06T21:41:24,11,254.0
SESS003801,U000183,entertainment_heavy,2025-09-10T03:49:58,2025-09-10T03:56:16,12,256.1
SESS003802,U000184,mixed_scroll,2025-10-27T14:23:38,2025-10-27T14:24:58,3,58.1
SESS003803,U000184,ai_python,2025-01-01T15:09:38,2025-01-01T15:14:22,10,176.2
SESS003804,U000184,cybersecurity,2025-03-03T20:12:20,2025-03-03T20:16:21,8,147.0
SESS003805,U000185,cybersecurity,2025-02-19T05:18:13,2025-02-19T05:25:33,12,263.6
SESS003806,U000185,gaming_hardware,2025-04-16T15:41:52,2025-04-16T15:43:55,5,93.1
SESS003807,U000185,backend_cloud,2025-08-03T07:44:21,2025-08-03T07:47:54,6,156.3
SESS003808,U000185,dsa_java_interview,2025-05-30T10:34:37,2025-05-30T10:37:20,6,105.0
SESS003809,U000185,dsa_java_interview,2025-01-08T09:39:44,2025-01-08T09:42:55,8,84.9
SESS003810,U000186,ai_python,2025-02-03T04:32:47,2025-02-03T04:34:47,5,87.2
SESS003811,U000186,gaming_hardware,2025-02-06T01:59:38,2025-02-06T02:02:54,7,144.0
SESS003812,U000186,dsa_java_interview,2025-01-07T06:22:05,2025-01-07T06:24:13,5,74.7
SESS003813,U000186,backend_cloud,2025-09-26T18:08:47,2025-09-26T18:09:49,3,38.3
SESS003814,U000186,mixed_scroll,2025-11-15T21:25:32,2025-11-15T21:30:57,9,234.1
SESS003815,U000186,dsa_java_interview,2025-07-12T08:37:18,2025-07-12T08:41:07,6,180.9
SESS003816,U000187,backend_cloud,2025-08-28T19:51:51,2025-08-28T19:54:19,5,96.6
SESS003817,U000187,dsa_java_interview,2025-05-31T15:10:05,2025-05-31T15:18:05,12,358.9
SESS003818,U000187,gaming_hardware,2025-10-04T21:08:10,2025-10-04T21:12:39,10,156.7
SESS003819,U000187,ai_python,2025-01-01T21:55:08,2025-01-01T22:00:26,11,200.5
SESS003820,U000187,ai_python,2025-04-03T11:00:54,2025-04-03T11:06:23,11,193.6
SESS003821,U000187,cybersecurity,2025-07-06T17:56:04,2025-07-06T18:01:49,11,225.3
SESS003822,U000187,dsa_java_interview,2025-03-23T14:21:44,2025-03-23T14:28:01,12,223.0
SESS003823,U000187,gaming_hardware,2025-03-26T02:05:46,2025-03-26T02:08:29,7,113.0
SESS003824,U000188,mixed_scroll,2025-01-12T06:29:07,2025-01-12T06:31:24,6,71.4
SESS003825,U000188,cybersecurity,2025-06-07T00:54:30,2025-06-07T00:59:23,8,212.0
SESS003826,U000188,dsa_java_interview,2025-01-03T01:12:14,2025-01-03T01:14:58,6,82.8
SESS003827,U000189,backend_cloud,2025-11-21T17:13:29,2025-11-21T17:16:23,7,88.1
SESS003828,U000189,backend_cloud,2025-02-24T07:28:54,2025-02-24T07:32:14,7,126.8
SESS003829,U000189,ai_python,2025-01-09T11:16:34,2025-01-09T11:18:32,3,81.6
SESS003830,U000189,entertainment_heavy,2025-06-24T10:52:36,2025-06-24T10:55:22,4,135.1
SESS003831,U000190,ai_python,2025-08-01T05:17:03,2025-08-01T05:21:22,9,166.6
SESS003832,U000190,mixed_scroll,2025-03-29T08:11:33,2025-03-29T08:16:04,10,146.1
SESS003833,U000190,backend_cloud,2025-06-26T22:04:23,2025-06-26T22:07:21,8,107.8
SESS003834,U000190,cybersecurity,2025-02-20T09:14:31,2025-02-20T09:18:22,9,173.3
SESS003835,U000190,gaming_hardware,2025-09-05T16:10:03,2025-09-05T16:14:18,9,173.3
SESS003836,U000191,backend_cloud,2025-11-21T02:03:19,2025-11-21T02:05:10,5,70.1
SESS003837,U000191,ai_python,2025-08-05T00:43:06,2025-08-05T00:47:15,10,152.8
SESS003838,U000191,mixed_scroll,2025-10-07T11:53:24,2025-10-07T11:56:49,6,126.9
SESS003839,U000191,backend_cloud,2025-03-27T11:57:53,2025-03-27T11:59:27,3,63.0
SESS003840,U000192,mixed_scroll,2025-05-10T19:50:26,2025-05-10T19:52:02,4,52.2
SESS003841,U000192,cybersecurity,2025-04-13T11:28:26,2025-04-13T11:31:13,6,113.9
SESS003842,U000192,gaming_hardware,2025-10-05T05:50:04,2025-10-05T05:55:10,10,202.6
SESS003843,U000192,cybersecurity,2025-08-04T02:13:18,2025-08-04T02:17:23,8,172.9
SESS003844,U000193,mixed_scroll,2025-10-16T00:32:25,2025-10-16T00:37:33,8,181.2
SESS003845,U000193,entertainment_heavy,2025-05-08T00:42:26,2025-05-08T00:46:08,8,134.4
SESS003846,U000193,entertainment_heavy,2025-06-21T17:11:13,2025-06-21T17:12:13,3,36.0
SESS003847,U000193,backend_cloud,2025-06-15T12:35:33,2025-06-15T12:40:44,9,204.4
SESS003848,U000193,gaming_hardware,2025-02-21T16:32:35,2025-02-21T16:36:41,8,165.1
SESS003849,U000194,mixed_scroll,2025-06-08T16:08:09,2025-06-08T16:09:29,4,42.2
SESS003850,U000194,cybersecurity,2025-01-04T03:54:59,2025-01-04T03:59:39,9,193.9
SESS003851,U000194,gaming_hardware,2025-03-19T09:17:48,2025-03-19T09:21:39,8,147.7
SESS003852,U000194,cybersecurity,2025-01-06T17:48:41,2025-01-06T17:55:52,12,302.4
SESS003853,U000194,cybersecurity,2025-09-23T12:51:33,2025-09-23T12:54:08,6,85.8
SESS003854,U000194,mixed_scroll,2025-08-05T14:25:53,2025-08-05T14:27:34,4,65.5
SESS003855,U000194,dsa_java_interview,2025-02-07T21:05:37,2025-02-07T21:06:43,3,43.1
SESS003856,U000195,backend_cloud,2025-06-09T06:33:30,2025-06-09T06:38:24,7,214.8
SESS003857,U000195,cybersecurity,2025-11-10T12:50:52,2025-11-10T12:52:48,4,89.3
SESS003858,U000195,entertainment_heavy,2025-08-16T02:14:21,2025-08-16T02:19:09,8,206.1
SESS003859,U000196,gaming_hardware,2025-07-20T12:19:14,2025-07-20T12:25:06,9,249.7
SESS003860,U000196,backend_cloud,2025-08-24T19:40:52,2025-08-24T19:46:33,11,221.5
SESS003861,U000196,entertainment_heavy,2025-10-29T20:51:16,2025-10-29T20:52:29,3,33.3
SESS003862,U000196,mixed_scroll,2025-04-29T12:57:18,2025-04-29T13:00:07,6,89.9
SESS003863,U000196,ai_python,2025-02-17T11:15:50,2025-02-17T11:18:20,4,103.0
SESS003864,U000196,entertainment_heavy,2025-07-30T05:33:27,2025-07-30T05:36:51,7,152.0
SESS003865,U000196,mixed_scroll,2025-06-23T06:25:03,2025-06-23T06:29:39,9,201.1
SESS003866,U000197,cybersecurity,2025-06-22T06:11:12,2025-06-22T06:14:56,7,164.4
SESS003867,U000197,entertainment_heavy,2025-09-15T10:58:23,2025-09-15T10:59:34,3,30.1
SESS003868,U000197,dsa_java_interview,2025-04-21T13:24:16,2025-04-21T13:29:19,10,226.4
SESS003869,U000197,mixed_scroll,2025-09-18T18:35:02,2025-09-18T18:35:36,3,22.0
SESS003870,U000198,ai_python,2025-07-11T00:05:02,2025-07-11T00:07:59,6,118.8
SESS003871,U000198,dsa_java_interview,2025-06-20T06:38:06,2025-06-20T06:44:06,11,257.8
SESS003872,U000198,ai_python,2025-03-29T16:25:38,2025-03-29T16:31:06,10,247.6
SESS003873,U000198,entertainment_heavy,2025-04-05T10:59:46,2025-04-05T11:05:46,12,243.9
SESS003874,U000198,gaming_hardware,2025-06-24T04:09:50,2025-06-24T04:11:39,4,79.2
SESS003875,U000198,entertainment_heavy,2025-05-17T07:12:46,2025-05-17T07:16:16,5,141.6
SESS003876,U000198,gaming_hardware,2025-03-31T00:50:28,2025-03-31T00:53:59,8,138.6
SESS003877,U000199,mixed_scroll,2025-10-21T23:53:12,2025-10-21T23:59:36,10,239.7
SESS003878,U000199,mixed_scroll,2025-11-03T19:43:29,2025-11-03T19:45:53,4,73.0
SESS003879,U000199,cybersecurity,2025-11-08T10:10:02,2025-11-08T10:12:38,6,112.8
SESS003880,U000199,entertainment_heavy,2025-08-06T02:07:06,2025-08-06T02:08:56,4,70.0
SESS003881,U000199,dsa_java_interview,2025-10-01T20:16:39,2025-10-01T20:19:18,5,107.4
SESS003882,U000199,gaming_hardware,2025-10-19T04:57:04,2025-10-19T05:02:15,11,197.5
SESS003883,U000200,dsa_java_interview,2025-06-02T16:22:42,2025-06-02T16:26:23,8,122.2
SESS003884,U000200,mixed_scroll,2025-06-07T15:52:32,2025-06-07T15:56:44,9,182.4
SESS003885,U000200,mixed_scroll,2025-06-06T03:17:01,2025-06-06T03:21:31,8,204.1
SESS003886,U000200,entertainment_heavy,2025-05-24T12:39:58,2025-05-24T12:44:15,9,167.3
SESS003887,U000200,cybersecurity,2025-08-24T00:53:16,2025-08-24T00:59:04,11,227.8
SESS003888,U000200,dsa_java_interview,2025-04-19T18:03:30,2025-04-19T18:08:49,11,222.8
SESS003889,U000200,gaming_hardware,2025-04-18T03:19:24,2025-04-18T03:22:57,7,122.2
SESS003890,U000200,backend_cloud,2025-08-20T18:46:16,2025-08-20T18:49:54,6,157.7
SESS003891,U000201,mixed_scroll,2025-08-26T20:04:32,2025-08-26T20:09:19,11,192.6
SESS003892,U000201,backend_cloud,2025-06-26T14:21:37,2025-06-26T14:25:55,7,184.3
SESS003893,U000201,cybersecurity,2025-01-09T05:20:33,2025-01-09T05:24:28,6,176.9
SESS003894,U000201,mixed_scroll,2025-09-11T21:13:54,2025-09-11T21:16:58,4,134.2
SESS003895,U000201,ai_python,2025-05-21T02:25:23,2025-05-21T02:29:55,8,183.1
SESS003896,U000201,gaming_hardware,2025-06-19T09:06:43,2025-06-19T09:12:59,12,261.6
SESS003897,U000201,entertainment_heavy,2025-05-09T00:29:54,2025-05-09T00:31:56,6,58.0
SESS003898,U000201,backend_cloud,2025-01-26T07:25:22,2025-01-26T07:32:34,12,356.1
SESS003899,U000202,backend_cloud,2025-07-28T22:35:33,2025-07-28T22:38:32,6,134.7
SESS003900,U000202,entertainment_heavy,2025-06-04T20:49:45,2025-06-04T20:53:01,6,135.7
SESS003901,U000202,gaming_hardware,2025-01-20T03:34:19,2025-01-20T03:38:59,11,164.9
SESS003902,U000202,gaming_hardware,2025-06-13T08:30:17,2025-06-13T08:33:26,5,146.2
SESS003903,U000202,entertainment_heavy,2025-10-12T23:45:56,2025-10-12T23:47:53,5,67.8
SESS003904,U000202,ai_python,2025-07-23T05:59:02,2025-07-23T06:02:25,7,118.1
SESS003905,U000202,ai_python,2025-11-21T22:22:22,2025-11-21T22:24:07,3,53.3
SESS003906,U000202,cybersecurity,2025-08-07T20:38:36,2025-08-07T20:43:25,10,190.8
SESS003907,U000203,ai_python,2025-01-11T05:45:42,2025-01-11T05:51:26,10,214.0
SESS003908,U000203,ai_python,2025-10-11T21:07:58,2025-10-11T21:11:46,5,171.5
SESS003909,U000203,backend_cloud,2025-04-03T12:38:52,2025-04-03T12:42:58,10,144.2
SESS003910,U000204,dsa_java_interview,2025-11-26T13:30:47,2025-11-26T13:36:09,12,224.7
SESS003911,U000204,cybersecurity,2025-04-25T22:00:31,2025-04-25T22:04:34,8,174.2
SESS003912,U000204,dsa_java_interview,2025-03-17T03:29:12,2025-03-17T03:30:48,3,64.3
SESS003913,U000205,gaming_hardware,2025-11-23T10:14:56,2025-11-23T10:18:00,6,115.1
SESS003914,U000205,mixed_scroll,2025-06-29T00:11:20,2025-06-29T00:14:21,6,129.7
SESS003915,U000205,cybersecurity,2025-09-11T21:30:16,2025-09-11T21:31:49,3,59.8
SESS003916,U000205,gaming_hardware,2025-07-05T23:12:47,2025-07-05T23:17:01,10,152.6
SESS003917,U000205,ai_python,2025-07-14T16:01:48,2025-07-14T16:08:33,12,279.7
SESS003918,U000205,ai_python,2025-05-06T15:15:59,2025-05-06T15:18:42,5,101.8
SESS003919,U000205,cybersecurity,2025-01-22T13:55:01,2025-01-22T13:56:28,4,48.4
SESS003920,U000205,backend_cloud,2025-10-13T20:09:50,2025-10-13T20:14:20,8,169.5
SESS003921,U000206,cybersecurity,2025-06-07T01:01:46,2025-06-07T01:04:51,5,153.4
SESS003922,U000206,entertainment_heavy,2025-05-07T08:03:32,2025-05-07T08:06:51,7,134.5
SESS003923,U000206,cybersecurity,2025-07-19T19:22:39,2025-07-19T19:28:00,11,200.5
SESS003924,U000206,entertainment_heavy,2025-10-04T15:15:40,2025-10-04T15:21:55,11,261.7
SESS003925,U000206,backend_cloud,2025-06-16T01:55:49,2025-06-16T01:58:04,3,94.0
SESS003926,U000206,ai_python,2025-08-07T13:28:02,2025-08-07T13:32:55,9,185.5
SESS003927,U000207,dsa_java_interview,2025-07-29T21:46:02,2025-07-29T21:52:39,12,254.1
SESS003928,U000207,ai_python,2025-05-10T16:27:13,2025-05-10T16:31:16,8,147.6
SESS003929,U000207,backend_cloud,2025-03-28T16:15:54,2025-03-28T16:18:15,4,106.5
SESS003930,U000208,entertainment_heavy,2025-11-05T13:57:05,2025-11-05T14:02:26,11,238.1
SESS003931,U000208,entertainment_heavy,2025-02-02T14:40:17,2025-02-02T14:46:50,11,265.3
SESS003932,U000208,backend_cloud,2025-08-05T18:27:27,2025-08-05T18:33:57,11,279.0
SESS003933,U000208,mixed_scroll,2025-11-03T09:56:43,2025-11-03T10:00:28,7,145.4
SESS003934,U000209,backend_cloud,2025-02-08T23:49:33,2025-02-08T23:52:14,5,104.3
SESS003935,U000209,ai_python,2025-03-23T01:03:16,2025-03-23T01:07:41,8,175.7
SESS003936,U000209,dsa_java_interview,2025-01-15T00:09:19,2025-01-15T00:14:34,10,205.9
SESS003937,U000209,backend_cloud,2025-09-04T03:49:26,2025-09-04T03:56:32,11,300.5
SESS003938,U000209,entertainment_heavy,2025-10-16T18:47:54,2025-10-16T18:53:22,10,222.3
SESS003939,U000209,mixed_scroll,2025-03-10T06:04:40,2025-03-10T06:06:04,4,37.9
SESS003940,U000209,dsa_java_interview,2025-06-22T11:39:30,2025-06-22T11:43:27,8,158.8
SESS003941,U000209,ai_python,2025-05-07T09:10:31,2025-05-07T09:12:04,3,71.7
SESS003942,U000210,mixed_scroll,2025-10-19T22:06:13,2025-10-19T22:10:34,8,165.4
SESS003943,U000210,entertainment_heavy,2025-07-07T05:07:42,2025-07-07T05:13:38,11,227.3
SESS003944,U000210,ai_python,2025-10-16T07:11:59,2025-10-16T07:17:14,9,241.5
SESS003945,U000210,mixed_scroll,2025-07-31T13:07:29,2025-07-31T13:10:03,7,108.5
SESS003946,U000211,mixed_scroll,2025-11-28T13:12:18,2025-11-28T13:15:56,5,169.5
SESS003947,U000211,entertainment_heavy,2025-11-14T21:40:44,2025-11-14T21:45:10,11,166.4
SESS003948,U000211,dsa_java_interview,2025-05-21T13:03:14,2025-05-21T13:09:11,10,260.5
SESS003949,U000211,dsa_java_interview,2025-11-07T21:54:56,2025-11-07T21:58:56,7,135.9
SESS003950,U000212,cybersecurity,2025-02-03T00:20:32,2025-02-03T00:28:43,12,346.4
SESS003951,U000212,dsa_java_interview,2025-11-16T18:15:25,2025-11-16T18:16:58,3,63.5
SESS003952,U000212,backend_cloud,2025-08-27T14:34:03,2025-08-27T14:36:49,5,120.8
SESS003953,U000212,dsa_java_interview,2025-11-18T10:11:47,2025-11-18T10:14:29,4,135.8
SESS003954,U000213,entertainment_heavy,2025-11-16T21:54:56,2025-11-16T22:00:16,10,186.9
SESS003955,U000213,dsa_java_interview,2025-11-21T00:42:31,2025-11-21T00:45:46,5,126.1
SESS003956,U000213,mixed_scroll,2025-08-19T11:59:33,2025-08-19T12:05:23,12,236.1
SESS003957,U000213,cybersecurity,2025-07-15T15:27:53,2025-07-15T15:30:53,4,124.1
SESS003958,U000213,cybersecurity,2025-04-05T04:16:04,2025-04-05T04:17:44,3,50.8
SESS003959,U000213,ai_python,2025-02-16T08:33:50,2025-02-16T08:36:42,8,107.2
SESS003960,U000213,entertainment_heavy,2025-08-11T02:32:01,2025-08-11T02:36:35,10,151.0
SESS003961,U000214,mixed_scroll,2025-05-23T08:45:06,2025-05-23T08:47:23,5,90.1
SESS003962,U000214,gaming_hardware,2025-08-21T09:26:22,2025-08-21T09:30:50,8,151.5
SESS003963,U000214,mixed_scroll,2025-07-24T06:51:05,2025-07-24T06:54:19,7,127.3
SESS003964,U000214,mixed_scroll,2025-08-22T20:01:05,2025-08-22T20:02:48,4,71.0
SESS003965,U000214,gaming_hardware,2025-08-17T14:57:57,2025-08-17T15:00:29,5,106.2
SESS003966,U000214,ai_python,2025-02-17T19:11:31,2025-02-17T19:13:31,3,65.9
SESS003967,U000214,dsa_java_interview,2025-07-20T13:46:13,2025-07-20T13:47:43,3,66.2
SESS003968,U000215,dsa_java_interview,2025-03-06T12:58:06,2025-03-06T13:01:19,7,89.3
SESS003969,U000215,cybersecurity,2025-04-30T22:21:51,2025-04-30T22:22:59,3,49.7
SESS003970,U000215,gaming_hardware,2025-04-20T16:09:20,2025-04-20T16:12:07,6,83.8
SESS003971,U000216,entertainment_heavy,2025-02-26T14:00:20,2025-02-26T14:06:16,11,232.6
SESS003972,U000216,ai_python,2025-05-01T01:18:48,2025-05-01T01:21:50,9,117.9
SESS003973,U000216,ai_python,2025-08-04T06:32:21,2025-08-04T06:35:43,7,120.6
SESS003974,U000216,gaming_hardware,2025-09-28T11:46:23,2025-09-28T11:52:38,9,256.2
SESS003975,U000216,entertainment_heavy,2025-06-28T17:44:48,2025-06-28T17:49:21,10,186.8
SESS003976,U000216,gaming_hardware,2025-08-09T22:30:59,2025-08-09T22:33:58,7,109.6
SESS003977,U000217,mixed_scroll,2025-01-12T02:15:42,2025-01-12T02:21:43,8,255.0
SESS003978,U000217,backend_cloud,2025-04-29T07:28:46,2025-04-29T07:34:14,10,199.0
SESS003979,U000217,entertainment_heavy,2025-09-19T19:56:21,2025-09-19T20:01:28,9,229.8
SESS003980,U000217,gaming_hardware,2025-08-18T10:05:39,2025-08-18T10:10:31,11,183.0
SESS003981,U000217,gaming_hardware,2025-06-11T19:55:26,2025-06-11T20:03:11,10,356.2
SESS003982,U000217,gaming_hardware,2025-08-09T04:38:57,2025-08-09T04:40:26,4,54.9
SESS003983,U000217,backend_cloud,2025-09-25T14:01:51,2025-09-25T14:05:44,6,161.8
SESS003984,U000217,backend_cloud,2025-09-21T04:18:51,2025-09-21T04:21:33,7,96.8
SESS003985,U000218,gaming_hardware,2025-03-23T06:19:55,2025-03-23T06:22:09,5,89.1
SESS003986,U000218,entertainment_heavy,2025-03-14T10:40:21,2025-03-14T10:44:48,11,183.1
SESS003987,U000218,backend_cloud,2025-09-24T13:50:38,2025-09-24T13:52:28,4,44.9
SESS003988,U000218,gaming_hardware,2025-03-02T00:16:30,2025-03-02T00:20:53,8,190.9
SESS003989,U000219,entertainment_heavy,2025-02-19T00:09:29,2025-02-19T00:11:51,6,94.2
SESS003990,U000219,entertainment_heavy,2025-08-19T02:03:18,2025-08-19T02:05:19,4,64.9
SESS003991,U000219,cybersecurity,2025-01-28T16:26:36,2025-01-28T16:29:08,5,102.2
SESS003992,U000219,mixed_scroll,2025-02-19T22:34:25,2025-02-19T22:39:07,8,216.7
SESS003993,U000220,dsa_java_interview,2025-04-11T05:23:47,2025-04-11T05:28:34,9,226.4
SESS003994,U000220,mixed_scroll,2025-10-21T13:27:09,2025-10-21T13:34:52,12,317.4
SESS003995,U000220,cybersecurity,2025-01-10T23:01:33,2025-01-10T23:05:48,6,200.1
SESS003996,U000220,mixed_scroll,2025-04-28T07:04:32,2025-04-28T07:07:25,4,121.2
SESS003997,U000220,entertainment_heavy,2025-10-17T07:03:44,2025-10-17T07:05:36,4,71.1
SESS003998,U000221,entertainment_heavy,2025-08-13T23:39:24,2025-08-13T23:44:58,10,225.9
SESS003999,U000221,entertainment_heavy,2025-09-19T23:17:32,2025-09-19T23:22:00,6,191.3
SESS004000,U000221,dsa_java_interview,2025-04-24T03:28:24,2025-04-24T03:32:33,9,166.7
SESS004001,U000221,cybersecurity,2025-11-13T00:08:09,2025-11-13T00:12:56,8,217.2
SESS004002,U000221,dsa_java_interview,2025-10-25T08:26:27,2025-10-25T08:30:40,9,135.2
SESS004003,U000222,cybersecurity,2025-01-02T05:42:24,2025-01-02T05:45:58,6,144.5
SESS004004,U000222,backend_cloud,2025-07-22T16:55:14,2025-07-22T16:56:40,3,69.8
SESS004005,U000222,ai_python,2025-11-21T09:47:07,2025-11-21T09:53:37,12,284.7
SESS004006,U000222,cybersecurity,2025-09-09T03:14:12,2025-09-09T03:21:15,12,293.9
SESS004007,U000222,backend_cloud,2025-06-13T02:07:13,2025-06-13T02:08:24,3,44.3
SESS004008,U000222,cybersecurity,2025-11-20T02:44:30,2025-11-20T02:48:14,6,156.6
SESS004009,U000222,mixed_scroll,2025-08-19T13:04:31,2025-08-19T13:10:04,12,214.1
SESS004010,U000223,dsa_java_interview,2025-03-04T07:19:26,2025-03-04T07:20:58,3,50.1
SESS004011,U000223,entertainment_heavy,2025-02-05T00:28:02,2025-02-05T00:31:46,8,133.8
SESS004012,U000223,dsa_java_interview,2025-03-30T05:37:19,2025-03-30T05:39:05,5,58.6
SESS004013,U000223,ai_python,2025-04-01T16:51:21,2025-04-01T16:54:43,6,126.3
SESS004014,U000223,mixed_scroll,2025-08-17T16:11:12,2025-08-17T16:15:16,9,172.8
SESS004015,U000224,entertainment_heavy,2025-04-04T05:09:53,2025-04-04T05:15:35,11,196.0
SESS004016,U000224,dsa_java_interview,2025-05-24T13:20:58,2025-05-24T13:24:38,5,173.5
SESS004017,U000224,cybersecurity,2025-09-08T20:30:00,2025-09-08T20:32:41,4,113.2
SESS004018,U000224,backend_cloud,2025-05-21T13:47:02,2025-05-21T13:54:07,11,289.0
SESS004019,U000224,cybersecurity,2025-06-02T13:53:19,2025-06-02T13:57:39,8,180.6
SESS004020,U000224,cybersecurity,2025-01-20T06:48:54,2025-01-20T06:50:30,4,51.8
SESS004021,U000224,backend_cloud,2025-07-24T17:11:15,2025-07-24T17:15:24,8,158.8
SESS004022,U000224,cybersecurity,2025-05-15T04:43:16,2025-05-15T04:44:23,3,40.2
SESS004023,U000225,cybersecurity,2025-05-06T17:14:16,2025-05-06T17:17:51,6,144.4
SESS004024,U000225,backend_cloud,2025-09-25T00:30:37,2025-09-25T00:37:29,9,336.4
SESS004025,U000225,ai_python,2025-09-20T02:03:56,2025-09-20T02:09:38,10,232.5
SESS004026,U000225,cybersecurity,2025-07-03T22:13:50,2025-07-03T22:19:49,9,228.4
SESS004027,U000226,backend_cloud,2025-01-30T06:31:08,2025-01-30T06:36:46,10,226.0
SESS004028,U000226,dsa_java_interview,2025-06-25T05:55:26,2025-06-25T05:58:11,5,118.3
SESS004029,U000226,gaming_hardware,2025-04-04T00:05:23,2025-04-04T00:10:20,10,223.3
SESS004030,U000226,mixed_scroll,2025-02-16T07:48:42,2025-02-16T07:55:41,10,275.7
SESS004031,U000227,mixed_scroll,2025-06-03T16:53:24,2025-06-03T16:56:32,6,123.5
SESS004032,U000227,entertainment_heavy,2025-06-09T00:58:14,2025-06-09T01:02:20,6,180.9
SESS004033,U000227,cybersecurity,2025-01-16T00:00:00,2025-01-16T00:05:04,9,193.9
SESS004034,U000227,dsa_java_interview,2025-09-12T13:11:44,2025-09-12T13:18:14,11,258.6
SESS004035,U000228,entertainment_heavy,2025-09-06T22:31:06,2025-09-06T22:32:58,4,82.3
SESS004036,U000228,cybersecurity,2025-01-02T07:42:12,2025-01-02T07:45:09,6,109.1
SESS004037,U000228,ai_python,2025-04-06T12:59:07,2025-04-06T13:03:03,7,143.8
SESS004038,U000229,dsa_java_interview,2025-02-28T01:28:54,2025-02-28T01:33:30,10,154.8
SESS004039,U000229,cybersecurity,2025-08-06T04:44:31,2025-08-06T04:50:00,11,184.2
SESS004040,U000229,entertainment_heavy,2025-07-20T01:30:12,2025-07-20T01:34:00,7,149.2
SESS004041,U000229,backend_cloud,2025-06-10T01:25:14,2025-06-10T01:28:51,7,126.1
SESS004042,U000229,dsa_java_interview,2025-01-09T09:51:12,2025-01-09T09:54:16,8,123.1
SESS004043,U000229,backend_cloud,2025-11-15T23:40:10,2025-11-15T23:45:20,8,230.7
SESS004044,U000229,entertainment_heavy,2025-02-09T00:15:33,2025-02-09T00:18:53,6,139.5
SESS004045,U000230,dsa_java_interview,2025-06-29T14:34:56,2025-06-29T14:38:47,6,146.1
SESS004046,U000230,backend_cloud,2025-02-18T17:10:00,2025-02-18T17:13:32,6,136.6
SESS004047,U000230,entertainment_heavy,2025-01-31T09:41:50,2025-01-31T09:46:43,9,179.5
SESS004048,U000230,cybersecurity,2025-02-11T04:26:41,2025-02-11T04:29:52,7,107.7
SESS004049,U000230,dsa_java_interview,2025-08-21T16:05:12,2025-08-21T16:08:22,5,134.3
SESS004050,U000230,gaming_hardware,2025-01-31T19:13:38,2025-01-31T19:14:28,3,30.6
SESS004051,U000231,mixed_scroll,2025-02-06T07:52:23,2025-02-06T07:57:57,8,232.8
SESS004052,U000231,ai_python,2025-07-10T13:33:22,2025-07-10T13:36:15,3,140.4
SESS004053,U000231,ai_python,2025-01-20T16:21:11,2025-01-20T16:26:02,10,186.9
SESS004054,U000231,ai_python,2025-07-04T23:35:11,2025-07-04T23:39:23,7,163.7
SESS004055,U000231,gaming_hardware,2025-06-17T11:34:11,2025-06-17T11:37:25,6,156.1
SESS004056,U000231,backend_cloud,2025-02-20T22:09:54,2025-02-20T22:15:14,8,256.7
SESS004057,U000231,gaming_hardware,2025-02-14T11:11:58,2025-02-14T11:14:15,4,98.0
SESS004058,U000231,entertainment_heavy,2025-04-12T14:51:07,2025-04-12T14:56:13,9,236.5
SESS004059,U000232,dsa_java_interview,2025-11-29T01:47:46,2025-11-29T01:53:16,8,234.5
SESS004060,U000232,mixed_scroll,2025-11-19T17:02:24,2025-11-19T17:09:37,12,284.0
SESS004061,U000232,mixed_scroll,2025-01-07T23:21:18,2025-01-07T23:25:58,6,225.3
SESS004062,U000232,entertainment_heavy,2025-05-30T02:15:03,2025-05-30T02:21:17,11,278.7
SESS004063,U000233,gaming_hardware,2025-06-07T14:37:35,2025-06-07T14:40:15,6,108.6
SESS004064,U000233,dsa_java_interview,2025-06-02T00:04:56,2025-06-02T00:07:57,5,118.5
SESS004065,U000233,gaming_hardware,2025-11-23T06:44:36,2025-11-23T06:47:27,5,124.3
SESS004066,U000233,dsa_java_interview,2025-09-07T13:47:22,2025-09-07T13:52:28,10,206.8
SESS004067,U000233,cybersecurity,2025-06-27T01:46:46,2025-06-27T01:49:36,6,101.1
SESS004068,U000233,mixed_scroll,2025-07-16T09:47:30,2025-07-16T09:51:59,9,187.3
SESS004069,U000233,dsa_java_interview,2025-11-24T13:37:22,2025-11-24T13:41:51,8,166.6
SESS004070,U000234,gaming_hardware,2025-10-19T11:34:16,2025-10-19T11:39:23,10,182.8
SESS004071,U000234,gaming_hardware,2025-09-26T18:35:51,2025-09-26T18:40:39,11,202.7
SESS004072,U000234,ai_python,2025-02-27T09:49:20,2025-02-27T09:50:57,3,67.0
SESS004073,U000234,mixed_scroll,2025-11-30T20:55:51,2025-11-30T20:58:52,7,116.2
SESS004074,U000234,gaming_hardware,2025-05-01T22:02:00,2025-05-01T22:05:43,5,152.9
SESS004075,U000234,mixed_scroll,2025-08-25T15:17:09,2025-08-25T15:23:56,11,277.6
SESS004076,U000235,ai_python,2025-07-27T10:01:05,2025-07-27T10:04:40,6,123.3
SESS004077,U000235,cybersecurity,2025-09-23T15:48:16,2025-09-23T15:50:06,4,69.4
SESS004078,U000235,gaming_hardware,2025-11-06T14:42:45,2025-11-06T14:45:52,6,114.4
SESS004079,U000236,cybersecurity,2025-01-16T01:57:06,2025-01-16T02:02:31,12,203.9
SESS004080,U000236,dsa_java_interview,2025-08-25T02:51:49,2025-08-25T02:56:10,8,170.6
SESS004081,U000236,backend_cloud,2025-02-10T23:30:40,2025-02-10T23:37:02,12,295.8
SESS004082,U000236,dsa_java_interview,2025-02-28T16:36:43,2025-02-28T16:40:10,6,137.6
SESS004083,U000236,gaming_hardware,2025-10-21T11:34:40,2025-10-21T11:38:58,12,138.3
SESS004084,U000236,dsa_java_interview,2025-10-24T14:10:02,2025-10-24T14:13:26,8,142.7
SESS004085,U000237,ai_python,2025-03-30T04:57:25,2025-03-30T04:58:44,3,30.4
SESS004086,U000237,mixed_scroll,2025-05-06T06:59:25,2025-05-06T07:01:09,3,68.2
SESS004087,U000237,mixed_scroll,2025-01-26T13:23:13,2025-01-26T13:25:25,4,94.3
SESS004088,U000237,entertainment_heavy,2025-09-11T20:07:28,2025-09-11T20:10:49,5,136.0
SESS004089,U000237,backend_cloud,2025-10-03T09:20:17,2025-10-03T09:26:21,11,249.6
SESS004090,U000237,entertainment_heavy,2025-08-25T22:26:16,2025-08-25T22:31:25,12,190.8
SESS004091,U000238,entertainment_heavy,2025-05-08T05:40:28,2025-05-08T05:44:38,11,144.4
SESS004092,U000238,dsa_java_interview,2025-10-11T12:54:57,2025-10-11T12:57:56,6,113.3
SESS004093,U000238,backend_cloud,2025-02-15T13:19:54,2025-02-15T13:24:20,8,151.9
SESS004094,U000238,dsa_java_interview,2025-06-23T20:24:47,2025-06-23T20:29:54,10,201.4
SESS004095,U000238,mixed_scroll,2025-08-09T06:58:11,2025-08-09T07:02:29,10,173.2
SESS004096,U000238,cybersecurity,2025-04-29T13:28:38,2025-04-29T13:30:52,6,109.8
SESS004097,U000238,ai_python,2025-07-31T07:23:01,2025-07-31T07:24:17,3,58.5
SESS004098,U000238,entertainment_heavy,2025-10-22T08:17:49,2025-10-22T08:19:49,3,81.3
SESS004099,U000239,entertainment_heavy,2025-11-21T13:04:40,2025-11-21T13:06:43,5,84.9
SESS004100,U000239,entertainment_heavy,2025-01-01T02:14:49,2025-01-01T02:16:46,3,80.8
SESS004101,U000239,dsa_java_interview,2025-05-29T15:34:46,2025-05-29T15:37:28,5,108.1
SESS004102,U000239,ai_python,2025-08-23T13:00:14,2025-08-23T13:01:13,3,47.1
SESS004103,U000239,entertainment_heavy,2025-06-18T13:24:40,2025-06-18T13:30:08,10,210.4
SESS004104,U000239,backend_cloud,2025-05-21T02:55:12,2025-05-21T02:58:55,6,169.9
SESS004105,U000239,entertainment_heavy,2025-10-14T17:26:40,2025-10-14T17:34:11,12,294.9
SESS004106,U000240,mixed_scroll,2025-02-13T00:08:58,2025-02-13T00:11:25,4,100.4
SESS004107,U000240,mixed_scroll,2025-08-21T16:01:52,2025-08-21T16:06:11,9,153.4
SESS004108,U000240,mixed_scroll,2025-11-22T00:36:38,2025-11-22T00:41:35,9,193.3
SESS004109,U000240,entertainment_heavy,2025-03-18T18:19:26,2025-03-18T18:25:55,12,244.7
SESS004110,U000240,entertainment_heavy,2025-01-17T16:12:08,2025-01-17T16:16:38,10,212.2
SESS004111,U000240,mixed_scroll,2025-07-07T23:32:55,2025-07-07T23:38:59,10,232.4
SESS004112,U000240,dsa_java_interview,2025-05-24T18:58:37,2025-05-24T19:04:48,9,282.9
SESS004113,U000240,entertainment_heavy,2025-06-28T09:42:10,2025-06-28T09:47:22,9,222.0
SESS004114,U000241,dsa_java_interview,2025-08-16T23:01:03,2025-08-16T23:06:18,10,210.3
SESS004115,U000241,dsa_java_interview,2025-11-25T14:24:01,2025-11-25T14:30:07,12,219.1
SESS004116,U000241,backend_cloud,2025-09-08T04:52:42,2025-09-08T04:56:44,8,148.1
SESS004117,U000241,gaming_hardware,2025-01-06T13:30:00,2025-01-06T13:35:14,12,172.1
SESS004118,U000241,backend_cloud,2025-03-18T19:57:21,2025-03-18T20:02:13,9,192.8
SESS004119,U000241,gaming_hardware,2025-02-17T19:32:44,2025-02-17T19:34:44,6,75.1
SESS004120,U000242,backend_cloud,2025-09-15T08:15:57,2025-09-15T08:21:04,9,218.7
SESS004121,U000242,gaming_hardware,2025-05-21T13:36:50,2025-05-21T13:42:07,9,210.1
SESS004122,U000242,gaming_hardware,2025-07-02T00:09:41,2025-07-02T00:14:27,9,203.5
SESS004123,U000242,dsa_java_interview,2025-11-21T03:05:27,2025-11-21T03:09:30,7,172.8
SESS004124,U000243,entertainment_heavy,2025-04-19T12:56:55,2025-04-19T12:59:50,7,90.9
SESS004125,U000243,dsa_java_interview,2025-09-01T22:59:13,2025-09-01T23:02:55,7,132.0
SESS004126,U000243,dsa_java_interview,2025-10-08T12:10:03,2025-10-08T12:15:35,12,222.2
SESS004127,U000243,entertainment_heavy,2025-01-30T11:34:22,2025-01-30T11:35:41,4,53.2
SESS004128,U000243,dsa_java_interview,2025-09-20T05:12:42,2025-09-20T05:14:23,3,78.6
SESS004129,U000243,entertainment_heavy,2025-06-07T18:29:37,2025-06-07T18:34:52,10,217.8
SESS004130,U000243,dsa_java_interview,2025-06-18T09:38:21,2025-06-18T09:40:23,5,68.6
SESS004131,U000244,dsa_java_interview,2025-03-01T15:17:37,2025-03-01T15:23:17,12,214.1
SESS004132,U000244,dsa_java_interview,2025-03-12T11:09:25,2025-03-12T11:11:33,4,80.0
SESS004133,U000244,mixed_scroll,2025-09-18T22:59:16,2025-09-18T23:05:11,10,240.8
SESS004134,U000244,backend_cloud,2025-07-09T06:13:06,2025-07-09T06:14:17,3,42.5
SESS004135,U000244,entertainment_heavy,2025-07-18T07:01:55,2025-07-18T07:07:12,12,180.4
SESS004136,U000244,backend_cloud,2025-10-22T19:58:53,2025-10-22T20:03:51,11,209.5
SESS004137,U000244,cybersecurity,2025-07-14T02:14:22,2025-07-14T02:15:05,3,21.5
SESS004138,U000245,gaming_hardware,2025-04-25T14:27:13,2025-04-25T14:30:32,6,152.2
SESS004139,U000245,entertainment_heavy,2025-01-17T22:53:16,2025-01-17T22:54:56,4,78.4
SESS004140,U000245,entertainment_heavy,2025-07-22T11:29:04,2025-07-22T11:30:39,4,58.0
SESS004141,U000245,mixed_scroll,2025-10-26T18:50:47,2025-10-26T18:57:11,12,292.2
SESS004142,U000245,backend_cloud,2025-02-02T14:03:19,2025-02-02T14:06:59,7,139.7
SESS004143,U000245,mixed_scroll,2025-09-07T09:26:43,2025-09-07T09:29:39,5,118.0
SESS004144,U000245,backend_cloud,2025-07-08T09:27:05,2025-07-08T09:32:04,9,215.0
SESS004145,U000246,entertainment_heavy,2025-10-16T00:05:51,2025-10-16T00:12:05,12,238.1
SESS004146,U000246,ai_python,2025-05-03T22:27:47,2025-05-03T22:30:58,6,125.1
SESS004147,U000246,dsa_java_interview,2025-01-21T17:54:12,2025-01-21T17:58:47,11,200.6
SESS004148,U000246,dsa_java_interview,2025-08-04T04:03:02,2025-08-04T04:06:15,7,124.7
SESS004149,U000246,mixed_scroll,2025-09-02T06:40:15,2025-09-02T06:45:23,10,203.1
SESS004150,U000246,mixed_scroll,2025-07-01T09:02:17,2025-07-01T09:06:40,10,178.1
SESS004151,U000246,mixed_scroll,2025-10-02T10:18:17,2025-10-02T10:22:17,9,143.7
SESS004152,U000247,dsa_java_interview,2025-01-23T18:40:36,2025-01-23T18:45:54,10,205.9
SESS004153,U000247,entertainment_heavy,2025-07-07T18:47:37,2025-07-07T18:48:43,3,38.9
SESS004154,U000247,ai_python,2025-03-01T12:37:04,2025-03-01T12:38:58,3,68.8
SESS004155,U000248,backend_cloud,2025-07-25T05:04:41,2025-07-25T05:09:30,9,198.4
SESS004156,U000248,ai_python,2025-09-28T15:35:12,2025-09-28T15:38:10,6,128.4
SESS004157,U000248,entertainment_heavy,2025-07-17T10:45:25,2025-07-17T10:47:43,6,84.2
SESS004158,U000248,mixed_scroll,2025-07-23T23:01:08,2025-07-23T23:02:39,3,56.1
SESS004159,U000248,cybersecurity,2025-04-11T04:57:06,2025-04-11T05:03:13,12,262.0
SESS004160,U000248,entertainment_heavy,2025-07-24T04:43:35,2025-07-24T04:47:11,8,124.9
SESS004161,U000249,ai_python,2025-03-09T16:40:24,2025-03-09T16:43:06,5,100.1
SESS004162,U000249,entertainment_heavy,2025-02-24T09:08:20,2025-02-24T09:13:35,12,213.2
SESS004163,U000249,mixed_scroll,2025-04-27T21:24:05,2025-04-27T21:26:32,6,73.6
SESS004164,U000250,dsa_java_interview,2025-06-20T12:08:23,2025-06-20T12:13:58,10,219.2
SESS004165,U000250,backend_cloud,2025-01-16T17:02:41,2025-01-16T17:09:31,12,306.3
SESS004166,U000250,dsa_java_interview,2025-06-17T08:39:23,2025-06-17T08:43:09,7,174.7
SESS004167,U000251,dsa_java_interview,2025-08-21T14:44:06,2025-08-21T14:47:13,8,105.2
SESS004168,U000251,ai_python,2025-11-10T01:35:17,2025-11-10T01:38:11,4,127.6
SESS004169,U000251,backend_cloud,2025-10-16T02:41:00,2025-10-16T02:47:21,10,284.6
SESS004170,U000251,ai_python,2025-10-29T08:28:35,2025-10-29T08:34:49,9,260.8
SESS004171,U000251,cybersecurity,2025-07-16T03:27:39,2025-07-16T03:31:03,4,148.9
SESS004172,U000252,ai_python,2025-11-08T20:34:16,2025-11-08T20:38:47,11,175.2
SESS004173,U000252,entertainment_heavy,2025-01-09T12:28:48,2025-01-09T12:32:47,8,156.8
SESS004174,U000252,cybersecurity,2025-05-19T14:53:21,2025-05-19T14:55:30,6,54.9
SESS004175,U000252,backend_cloud,2025-07-28T15:12:56,2025-07-28T15:19:45,11,277.7
SESS004176,U000252,mixed_scroll,2025-03-19T16:24:51,2025-03-19T16:28:26,6,145.8
SESS004177,U000252,ai_python,2025-06-15T10:05:35,2025-06-15T10:07:44,3,94.4
SESS004178,U000252,backend_cloud,2025-08-22T02:39:20,2025-08-22T02:41:40,5,107.9
SESS004179,U000253,dsa_java_interview,2025-07-15T10:02:35,2025-07-15T10:04:19,5,62.0
SESS004180,U000253,mixed_scroll,2025-07-15T11:38:40,2025-07-15T11:42:16,6,166.1
SESS004181,U000253,entertainment_heavy,2025-05-18T08:35:44,2025-05-18T08:38:35,7,104.5
SESS004182,U000254,backend_cloud,2025-05-11T15:49:43,2025-05-11T15:57:12,12,281.9
SESS004183,U000254,mixed_scroll,2025-06-10T09:10:43,2025-06-10T09:18:25,11,331.4
SESS004184,U000254,dsa_java_interview,2025-05-18T17:07:48,2025-05-18T17:11:04,8,148.8
SESS004185,U000254,mixed_scroll,2025-06-12T06:53:14,2025-06-12T06:58:50,10,228.1
SESS004186,U000254,ai_python,2025-05-24T17:16:35,2025-05-24T17:18:19,3,77.8
SESS004187,U000255,backend_cloud,2025-03-30T15:27:17,2025-03-30T15:29:19,4,86.9
SESS004188,U000255,mixed_scroll,2025-02-18T03:33:36,2025-02-18T03:36:52,6,122.2
SESS004189,U000255,gaming_hardware,2025-07-08T02:43:49,2025-07-08T02:48:34,9,202.9
SESS004190,U000255,entertainment_heavy,2025-04-19T23:11:50,2025-04-19T23:14:05,4,86.7
SESS004191,U000255,cybersecurity,2025-01-25T08:57:27,2025-01-25T09:06:12,12,380.8
SESS004192,U000255,gaming_hardware,2025-02-03T02:06:40,2025-02-03T02:10:34,7,147.0
SESS004193,U000255,backend_cloud,2025-10-10T06:57:21,2025-10-10T07:01:37,8,163.5
SESS004194,U000256,ai_python,2025-08-17T15:40:25,2025-08-17T15:46:38,11,212.7
SESS004195,U000256,cybersecurity,2025-11-19T18:18:43,2025-11-19T18:24:11,11,229.7
SESS004196,U000256,backend_cloud,2025-07-10T04:05:08,2025-07-10T04:08:29,7,120.0
SESS004197,U000256,ai_python,2025-03-09T04:50:32,2025-03-09T04:56:18,11,243.4
SESS004198,U000257,gaming_hardware,2025-03-30T04:40:23,2025-03-30T04:42:07,4,50.1
SESS004199,U000257,gaming_hardware,2025-08-29T06:42:13,2025-08-29T06:49:28,10,336.3
SESS004200,U000257,dsa_java_interview,2025-04-21T09:42:03,2025-04-21T09:44:53,6,112.1
SESS004201,U000257,dsa_java_interview,2025-01-17T17:13:16,2025-01-17T17:19:30,12,285.0
SESS004202,U000257,ai_python,2025-07-11T14:30:09,2025-07-11T14:36:25,11,240.2
SESS004203,U000257,dsa_java_interview,2025-09-05T00:37:35,2025-09-05T00:42:14,10,202.7
SESS004204,U000257,ai_python,2025-01-10T12:54:07,2025-01-10T12:59:55,12,184.8
SESS004205,U000257,entertainment_heavy,2025-02-28T18:49:27,2025-02-28T18:53:49,9,181.5
SESS004206,U000258,dsa_java_interview,2025-06-04T11:01:34,2025-06-04T11:03:59,4,121.1
SESS004207,U000258,entertainment_heavy,2025-08-16T14:58:28,2025-08-16T15:03:11,10,185.4
SESS004208,U000258,cybersecurity,2025-08-11T03:09:08,2025-08-11T03:11:57,5,96.5
SESS004209,U000258,dsa_java_interview,2025-10-16T19:52:20,2025-10-16T19:58:47,11,280.9
SESS004210,U000258,entertainment_heavy,2025-09-28T08:27:30,2025-09-28T08:33:57,10,266.3
SESS004211,U000258,mixed_scroll,2025-03-12T21:12:45,2025-03-12T21:19:31,12,256.0
SESS004212,U000258,ai_python,2025-10-21T03:32:37,2025-10-21T03:35:59,6,144.6
SESS004213,U000259,gaming_hardware,2025-04-03T21:44:41,2025-04-03T21:50:01,12,213.2
SESS004214,U000259,cybersecurity,2025-09-14T01:31:53,2025-09-14T01:33:44,5,45.5
SESS004215,U000259,backend_cloud,2025-11-09T01:24:13,2025-11-09T01:29:28,11,215.0
SESS004216,U000259,backend_cloud,2025-04-20T06:17:37,2025-04-20T06:22:23,12,182.5
SESS004217,U000260,ai_python,2025-10-21T14:23:12,2025-10-21T14:24:28,4,55.2
SESS004218,U000260,mixed_scroll,2025-06-07T04:48:16,2025-06-07T04:54:03,10,250.0
SESS004219,U000260,gaming_hardware,2025-01-21T14:28:08,2025-01-21T14:29:49,4,54.6
SESS004220,U000260,entertainment_heavy,2025-10-15T08:46:05,2025-10-15T08:51:18,9,247.8
SESS004221,U000260,backend_cloud,2025-10-05T06:51:55,2025-10-05T06:55:38,6,154.9
SESS004222,U000260,gaming_hardware,2025-01-15T20:46:20,2025-01-15T20:48:13,3,72.0
SESS004223,U000260,gaming_hardware,2025-03-10T05:39:11,2025-03-10T05:44:45,12,215.5
SESS004224,U000261,entertainment_heavy,2025-05-07T12:06:15,2025-05-07T12:13:54,12,312.0
SESS004225,U000261,mixed_scroll,2025-08-05T14:18:29,2025-08-05T14:21:48,6,122.0
SESS004226,U000261,dsa_java_interview,2025-05-09T23:07:05,2025-05-09T23:12:39,9,215.9
SESS004227,U000261,ai_python,2025-04-07T08:52:35,2025-04-07T08:56:40,8,175.6
SESS004228,U000262,ai_python,2025-11-10T14:34:34,2025-11-10T14:40:15,10,229.6
SESS004229,U000262,ai_python,2025-09-05T20:25:11,2025-09-05T20:26:59,3,63.1
SESS004230,U000262,backend_cloud,2025-01-26T13:06:11,2025-01-26T13:08:42,4,106.7
SESS004231,U000262,gaming_hardware,2025-09-12T09:13:29,2025-09-12T09:18:15,9,163.6
SESS004232,U000262,mixed_scroll,2025-07-17T02:34:25,2025-07-17T02:40:14,9,267.6
SESS004233,U000262,entertainment_heavy,2025-10-01T10:48:59,2025-10-01T10:50:50,3,66.1
SESS004234,U000262,backend_cloud,2025-02-12T14:08:30,2025-02-12T14:12:41,7,164.6
SESS004235,U000263,gaming_hardware,2025-04-17T11:30:34,2025-04-17T11:33:22,5,108.0
SESS004236,U000263,dsa_java_interview,2025-08-24T09:24:49,2025-08-24T09:29:25,9,186.8
SESS004237,U000263,cybersecurity,2025-06-17T07:07:21,2025-06-17T07:12:29,12,193.3
SESS004238,U000263,entertainment_heavy,2025-04-08T03:13:17,2025-04-08T03:15:37,5,88.7
SESS004239,U000263,cybersecurity,2025-02-08T22:53:28,2025-02-08T22:55:37,3,86.3
SESS004240,U000264,ai_python,2025-01-18T01:15:47,2025-01-18T01:20:39,10,209.1
SESS004241,U000264,cybersecurity,2025-09-15T21:29:07,2025-09-15T21:31:39,6,97.9
SESS004242,U000264,mixed_scroll,2025-06-12T01:30:43,2025-06-12T01:33:54,9,104.3
SESS004243,U000264,dsa_java_interview,2025-10-25T03:51:46,2025-10-25T03:57:57,11,244.5
SESS004244,U000265,gaming_hardware,2025-05-01T02:46:06,2025-05-01T02:48:22,5,86.0
SESS004245,U000265,cybersecurity,2025-06-05T06:29:06,2025-06-05T06:33:09,8,142.1
SESS004246,U000265,dsa_java_interview,2025-06-08T15:24:26,2025-06-08T15:28:30,7,175.0
SESS004247,U000265,mixed_scroll,2025-08-23T06:32:53,2025-08-23T06:37:11,9,167.2
SESS004248,U000265,ai_python,2025-10-07T13:55:15,2025-10-07T13:59:42,8,194.6
SESS004249,U000265,dsa_java_interview,2025-09-12T17:45:34,2025-09-12T17:47:59,6,84.8
SESS004250,U000265,gaming_hardware,2025-09-03T04:45:00,2025-09-03T04:51:53,12,280.5
SESS004251,U000265,mixed_scroll,2025-09-22T03:51:35,2025-09-22T03:54:59,6,149.3
SESS004252,U000266,entertainment_heavy,2025-02-26T07:32:56,2025-02-26T07:36:04,5,137.2
SESS004253,U000266,mixed_scroll,2025-03-27T16:49:08,2025-03-27T16:50:42,4,61.5
SESS004254,U000266,gaming_hardware,2025-04-23T13:58:01,2025-04-23T14:02:14,7,178.2
SESS004255,U000266,backend_cloud,2025-03-16T14:51:17,2025-03-16T14:56:33,8,220.6
SESS004256,U000267,gaming_hardware,2025-07-11T10:03:29,2025-07-11T10:07:03,7,148.7
SESS004257,U000267,gaming_hardware,2025-10-25T11:42:45,2025-10-25T11:48:56,11,249.9
SESS004258,U000267,gaming_hardware,2025-11-15T06:47:03,2025-11-15T06:49:56,5,121.9
SESS004259,U000267,cybersecurity,2025-05-22T11:28:57,2025-05-22T11:31:39,4,107.1
SESS004260,U000268,dsa_java_interview,2025-11-30T03:41:07,2025-11-30T03:43:55,6,117.6
SESS004261,U000268,ai_python,2025-03-05T08:32:49,2025-03-05T08:36:53,10,125.0
SESS004262,U000268,mixed_scroll,2025-10-16T07:30:00,2025-10-16T07:36:16,10,254.3
SESS004263,U000268,entertainment_heavy,2025-03-16T20:05:41,2025-03-16T20:09:28,9,121.5
SESS004264,U000268,entertainment_heavy,2025-05-13T02:16:41,2025-05-13T02:19:57,6,147.6
SESS004265,U000268,mixed_scroll,2025-11-27T05:32:02,2025-11-27T05:33:54,4,76.4
SESS004266,U000269,backend_cloud,2025-05-27T05:05:45,2025-05-27T05:11:12,10,221.2
SESS004267,U000269,gaming_hardware,2025-08-19T11:26:04,2025-08-19T11:31:50,8,270.2
SESS004268,U000269,dsa_java_interview,2025-03-13T20:27:22,2025-03-13T20:32:42,8,232.7
SESS004269,U000270,dsa_java_interview,2025-09-01T00:18:58,2025-09-01T00:24:13,10,209.4
SESS004270,U000270,ai_python,2025-01-21T02:55:21,2025-01-21T02:58:34,8,106.4
SESS004271,U000270,mixed_scroll,2025-03-29T22:07:56,2025-03-29T22:11:28,6,145.6
SESS004272,U000270,cybersecurity,2025-06-23T07:03:27,2025-06-23T07:07:26,7,173.1
SESS004273,U000270,mixed_scroll,2025-08-17T22:30:38,2025-08-17T22:34:25,6,164.5
SESS004274,U000270,mixed_scroll,2025-02-06T08:50:31,2025-02-06T08:52:26,3,80.0
SESS004275,U000270,gaming_hardware,2025-02-01T14:47:02,2025-02-01T14:50:16,6,140.6
SESS004276,U000270,gaming_hardware,2025-06-29T14:34:46,2025-06-29T14:36:20,3,55.5
SESS004277,U000271,ai_python,2025-07-28T22:33:21,2025-07-28T22:36:22,6,145.3
SESS004278,U000271,entertainment_heavy,2025-10-20T19:52:00,2025-10-20T19:55:20,7,142.4
SESS004279,U000271,mixed_scroll,2025-10-25T21:50:57,2025-10-25T21:57:46,12,289.2
SESS004280,U000271,entertainment_heavy,2025-01-30T11:09:37,2025-01-30T11:17:15,12,337.4
SESS004281,U000271,backend_cloud,2025-04-30T15:25:01,2025-04-30T15:30:35,9,195.4
SESS004282,U000271,cybersecurity,2025-09-05T21:13:28,2025-09-05T21:19:34,12,260.2
SESS004283,U000271,mixed_scroll,2025-06-06T11:20:45,2025-06-06T11:25:36,11,175.2
SESS004284,U000272,ai_python,2025-04-03T00:55:25,2025-04-03T00:58:11,6,110.7
SESS004285,U000272,cybersecurity,2025-07-15T16:41:01,2025-07-15T16:42:15,3,35.4
SESS004286,U000272,mixed_scroll,2025-07-15T23:15:49,2025-07-15T23:17:46,4,74.7
SESS004287,U000272,backend_cloud,2025-02-10T13:11:48,2025-02-10T13:17:32,12,226.0
SESS004288,U000272,gaming_hardware,2025-08-22T19:18:46,2025-08-22T19:20:51,4,68.1
SESS004289,U000272,entertainment_heavy,2025-01-17T11:13:18,2025-01-17T11:20:18,12,258.6
SESS004290,U000272,mixed_scroll,2025-06-30T19:40:07,2025-06-30T19:44:51,10,181.6
SESS004291,U000272,ai_python,2025-11-28T20:33:36,2025-11-28T20:36:36,8,110.8
SESS004292,U000273,mixed_scroll,2025-05-18T13:59:57,2025-05-18T14:02:42,6,97.2
SESS004293,U000273,cybersecurity,2025-03-29T00:29:39,2025-03-29T00:34:27,11,170.3
SESS004294,U000273,cybersecurity,2025-01-02T11:33:09,2025-01-02T11:37:36,10,173.8
SESS004295,U000273,cybersecurity,2025-09-22T02:16:05,2025-09-22T02:19:14,6,95.5
SESS004296,U000273,gaming_hardware,2025-04-11T04:52:19,2025-04-11T04:59:57,12,328.1
SESS004297,U000273,backend_cloud,2025-04-01T20:57:56,2025-04-01T21:03:17,11,172.6
SESS004298,U000273,cybersecurity,2025-02-16T03:04:11,2025-02-16T03:05:11,3,26.0
SESS004299,U000274,ai_python,2025-08-16T06:33:44,2025-08-16T06:35:54,5,86.3
SESS004300,U000274,entertainment_heavy,2025-04-01T06:21:05,2025-04-01T06:25:00,10,162.6
SESS004301,U000274,mixed_scroll,2025-10-18T12:30:12,2025-10-18T12:32:05,3,73.2
SESS004302,U000274,ai_python,2025-04-15T19:29:11,2025-04-15T19:34:10,9,175.0
SESS004303,U000274,entertainment_heavy,2025-09-19T11:49:23,2025-09-19T11:54:09,10,145.3
SESS004304,U000274,cybersecurity,2025-10-11T19:22:13,2025-10-11T19:25:00,5,105.6
SESS004305,U000274,entertainment_heavy,2025-05-19T06:41:33,2025-05-19T06:45:25,8,152.1
SESS004306,U000275,dsa_java_interview,2025-10-20T11:16:24,2025-10-20T11:21:35,10,210.7
SESS004307,U000275,cybersecurity,2025-04-22T12:34:02,2025-04-22T12:36:47,6,118.6
SESS004308,U000275,entertainment_heavy,2025-11-19T03:53:14,2025-11-19T03:58:58,11,271.9
SESS004309,U000275,entertainment_heavy,2025-10-08T07:24:07,2025-10-08T07:30:14,9,243.9
SESS004310,U000276,cybersecurity,2025-07-03T03:41:28,2025-07-03T03:47:20,9,261.5
SESS004311,U000276,entertainment_heavy,2025-05-16T04:14:29,2025-05-16T04:20:06,9,225.8
SESS004312,U000276,dsa_java_interview,2025-06-23T13:34:52,2025-06-23T13:40:18,12,214.9
SESS004313,U000277,gaming_hardware,2025-08-20T20:16:57,2025-08-20T20:20:34,10,111.7
SESS004314,U000277,ai_python,2025-10-26T16:12:49,2025-10-26T16:16:05,6,130.4
SESS004315,U000277,cybersecurity,2025-03-30T14:13:27,2025-03-30T14:18:40,11,176.7
SESS004316,U000277,cybersecurity,2025-05-18T04:04:33,2025-05-18T04:11:01,11,265.5
SESS004317,U000277,cybersecurity,2025-02-25T09:47:32,2025-02-25T09:49:03,5,50.4
SESS004318,U000277,dsa_java_interview,2025-10-17T13:23:06,2025-10-17T13:24:12,3,36.0
SESS004319,U000277,mixed_scroll,2025-05-24T00:13:55,2025-05-24T00:16:53,6,118.2
SESS004320,U000278,ai_python,2025-01-24T19:46:36,2025-01-24T19:49:53,5,132.3
SESS004321,U000278,dsa_java_interview,2025-07-12T10:41:40,2025-07-12T10:43:22,4,73.0
SESS004322,U000278,entertainment_heavy,2025-10-06T12:26:33,2025-10-06T12:29:54,6,133.9
SESS004323,U000278,gaming_hardware,2025-03-30T23:21:37,2025-03-30T23:25:35,9,169.7
SESS004324,U000278,ai_python,2025-03-07T16:35:41,2025-03-07T16:37:51,4,104.3
SESS004325,U000279,gaming_hardware,2025-05-15T15:02:20,2025-05-15T15:05:20,7,96.2
SESS004326,U000279,ai_python,2025-04-27T12:46:50,2025-04-27T12:49:31,8,93.8
SESS004327,U000279,entertainment_heavy,2025-07-06T10:06:18,2025-07-06T10:10:44,9,178.1
SESS004328,U000280,entertainment_heavy,2025-04-27T08:49:43,2025-04-27T08:51:13,3,84.7
SESS004329,U000280,entertainment_heavy,2025-10-22T03:25:09,2025-10-22T03:26:43,3,54.4
SESS004330,U000280,backend_cloud,2025-04-14T08:26:40,2025-04-14T08:30:36,6,164.7
SESS004331,U000280,gaming_hardware,2025-09-12T04:25:24,2025-09-12T04:30:06,8,190.8
SESS004332,U000280,entertainment_heavy,2025-04-23T05:47:04,2025-04-23T05:49:02,5,75.7
SESS004333,U000280,gaming_hardware,2025-03-04T12:50:02,2025-03-04T12:56:03,12,213.3
SESS004334,U000280,ai_python,2025-09-09T09:03:14,2025-09-09T09:05:06,6,59.5
SESS004335,U000281,backend_cloud,2025-05-24T00:10:01,2025-05-24T00:11:37,3,47.1
SESS004336,U000281,mixed_scroll,2025-03-30T22:06:00,2025-03-30T22:11:51,10,257.8
SESS004337,U000281,cybersecurity,2025-07-28T16:15:34,2025-07-28T16:18:28,5,110.7
SESS004338,U000281,cybersecurity,2025-08-05T12:22:32,2025-08-05T12:25:55,7,125.0
SESS004339,U000282,cybersecurity,2025-11-04T13:39:55,2025-11-04T13:44:22,10,192.6
SESS004340,U000282,dsa_java_interview,2025-04-25T12:09:15,2025-04-25T12:13:56,9,180.5
SESS004341,U000282,backend_cloud,2025-01-17T00:02:47,2025-01-17T00:04:22,3,55.7
SESS004342,U000283,entertainment_heavy,2025-05-09T15:58:54,2025-05-09T16:04:03,8,209.2
SESS004343,U000283,mixed_scroll,2025-09-17T12:21:15,2025-09-17T12:24:07,7,97.9
SESS004344,U000283,gaming_hardware,2025-09-27T16:35:42,2025-09-27T16:42:06,12,261.3
SESS004345,U000283,entertainment_heavy,2025-09-10T04:42:13,2025-09-10T04:44:33,6,120.1
SESS004346,U000284,gaming_hardware,2025-08-25T11:14:34,2025-08-25T11:18:33,6,183.4
SESS004347,U000284,gaming_hardware,2025-08-08T18:13:34,2025-08-08T18:17:53,11,157.0
SESS004348,U000284,gaming_hardware,2025-08-05T10:27:10,2025-08-05T10:30:19,5,128.8
SESS004349,U000284,ai_python,2025-03-26T18:22:39,2025-03-26T18:27:43,9,219.7
SESS004350,U000284,entertainment_heavy,2025-09-03T18:48:34,2025-09-03T18:55:37,12,288.6
SESS004351,U000284,gaming_hardware,2025-04-06T23:31:48,2025-04-06T23:35:21,7,158.2
SESS004352,U000284,backend_cloud,2025-06-22T23:11:04,2025-06-22T23:16:02,10,180.1
SESS004353,U000284,entertainment_heavy,2025-02-20T10:49:11,2025-02-20T10:52:21,4,157.3
SESS004354,U000285,entertainment_heavy,2025-03-18T05:57:51,2025-03-18T06:04:13,12,251.8
SESS004355,U000285,backend_cloud,2025-09-09T18:43:44,2025-09-09T18:44:50,4,44.7
SESS004356,U000285,backend_cloud,2025-08-07T03:43:38,2025-08-07T03:49:34,12,239.7
SESS004357,U000285,backend_cloud,2025-03-30T16:58:29,2025-03-30T17:04:04,11,203.7
SESS004358,U000285,backend_cloud,2025-08-21T04:03:38,2025-08-21T04:08:10,8,175.4
SESS004359,U000285,ai_python,2025-11-20T02:25:24,2025-11-20T02:27:51,5,104.4
SESS004360,U000285,backend_cloud,2025-02-23T08:13:34,2025-02-23T08:18:22,8,202.1
SESS004361,U000285,ai_python,2025-11-26T01:28:31,2025-11-26T01:31:48,6,117.9
SESS004362,U000286,mixed_scroll,2025-07-31T03:39:07,2025-07-31T03:42:33,6,119.9
SESS004363,U000286,entertainment_heavy,2025-08-20T07:18:26,2025-08-20T07:21:49,7,129.0
SESS004364,U000286,dsa_java_interview,2025-01-12T01:03:10,2025-01-12T01:09:29,11,266.5
SESS004365,U000287,ai_python,2025-05-04T08:19:51,2025-05-04T08:23:22,7,130.3
SESS004366,U000287,gaming_hardware,2025-07-20T11:42:52,2025-07-20T11:48:28,10,209.1
SESS004367,U000287,entertainment_heavy,2025-08-03T22:50:12,2025-08-03T22:53:55,6,153.2
SESS004368,U000288,cybersecurity,2025-10-05T18:35:40,2025-10-05T18:38:31,6,110.6
SESS004369,U000288,cybersecurity,2025-04-03T01:12:55,2025-04-03T01:16:45,9,138.9
SESS004370,U000288,backend_cloud,2025-05-18T05:00:53,2025-05-18T05:05:07,9,165.6
SESS004371,U000288,backend_cloud,2025-08-23T09:24:10,2025-08-23T09:29:30,12,188.0
SESS004372,U000288,backend_cloud,2025-03-27T14:58:00,2025-03-27T15:01:22,6,140.0
SESS004373,U000288,backend_cloud,2025-07-09T09:08:00,2025-07-09T09:14:47,11,295.9
SESS004374,U000288,mixed_scroll,2025-04-17T15:38:09,2025-04-17T15:42:41,10,182.5
SESS004375,U000289,cybersecurity,2025-05-06T00:34:01,2025-05-06T00:38:13,7,179.8
SESS004376,U000289,ai_python,2025-09-08T19:20:21,2025-09-08T19:25:58,9,257.3
SESS004377,U000289,ai_python,2025-07-11T23:04:19,2025-07-11T23:07:17,5,108.0
SESS004378,U000289,backend_cloud,2025-08-28T06:52:01,2025-08-28T06:56:28,8,175.1
SESS004379,U000290,mixed_scroll,2025-06-21T20:17:46,2025-06-21T20:21:41,9,163.2
SESS004380,U000290,entertainment_heavy,2025-08-14T16:15:10,2025-08-14T16:19:10,8,161.1
SESS004381,U000290,mixed_scroll,2025-01-18T14:59:27,2025-01-18T15:01:13,3,70.8
SESS004382,U000290,backend_cloud,2025-01-03T19:09:35,2025-01-03T19:13:51,9,174.7
SESS004383,U000291,ai_python,2025-06-20T22:44:45,2025-06-20T22:50:01,11,193.2
SESS004384,U000291,mixed_scroll,2025-07-13T14:14:11,2025-07-13T14:18:05,6,163.8
SESS004385,U000291,backend_cloud,2025-09-08T04:00:16,2025-09-08T04:04:39,9,157.9
SESS004386,U000291,cybersecurity,2025-09-05T04:04:52,2025-09-05T04:07:16,5,85.9
SESS004387,U000291,entertainment_heavy,2025-08-10T11:02:32,2025-08-10T11:06:54,7,182.8
SESS004388,U000291,dsa_java_interview,2025-06-30T00:04:44,2025-06-30T00:06:18,3,51.7
SESS004389,U000292,backend_cloud,2025-03-10T04:36:42,2025-03-10T04:40:24,8,161.3
SESS004390,U000292,ai_python,2025-10-11T09:10:02,2025-10-11T09:12:51,5,108.4
SESS004391,U000292,gaming_hardware,2025-07-10T13:42:36,2025-07-10T13:47:47,10,200.5
SESS004392,U000292,gaming_hardware,2025-01-11T16:53:21,2025-01-11T16:57:24,8,144.2
SESS004393,U000292,backend_cloud,2025-05-27T13:30:20,2025-05-27T13:33:51,7,135.1
SESS004394,U000292,ai_python,2025-02-18T00:07:00,2025-02-18T00:07:41,3,15.5
SESS004395,U000293,gaming_hardware,2025-11-07T11:13:34,2025-11-07T11:21:18,10,299.3
SESS004396,U000293,cybersecurity,2025-07-01T10:36:50,2025-07-01T10:42:03,11,231.5
SESS004397,U000293,backend_cloud,2025-05-10T04:09:42,2025-05-10T04:14:12,9,172.5
SESS004398,U000293,backend_cloud,2025-08-01T07:31:35,2025-08-01T07:33:42,6,79.1
SESS004399,U000294,ai_python,2025-05-17T06:42:01,2025-05-17T06:46:02,8,154.2
SESS004400,U000294,mixed_scroll,2025-01-15T19:50:02,2025-01-15T19:53:39,6,156.0
SESS004401,U000294,cybersecurity,2025-11-30T10:50:07,2025-11-30T10:54:29,8,168.9
SESS004402,U000294,ai_python,2025-07-25T00:40:00,2025-07-25T00:43:48,6,146.0
SESS004403,U000294,entertainment_heavy,2025-05-02T02:47:11,2025-05-02T02:48:39,4,43.0
SESS004404,U000294,entertainment_heavy,2025-02-15T06:50:12,2025-02-15T06:54:38,6,169.2
SESS004405,U000294,ai_python,2025-06-08T15:40:16,2025-06-08T15:42:30,4,87.9
SESS004406,U000294,backend_cloud,2025-07-21T08:17:31,2025-07-21T08:21:49,6,193.5
SESS004407,U000295,cybersecurity,2025-08-26T20:39:53,2025-08-26T20:42:38,4,118.4
SESS004408,U000295,entertainment_heavy,2025-10-08T17:09:05,2025-10-08T17:13:44,9,198.0
SESS004409,U000295,entertainment_heavy,2025-02-23T10:11:13,2025-02-23T10:15:16,7,180.0
SESS004410,U000295,cybersecurity,2025-02-11T15:46:52,2025-02-11T15:50:55,7,159.8
SESS004411,U000295,ai_python,2025-11-05T09:41:17,2025-11-05T09:46:18,11,202.2
SESS004412,U000295,entertainment_heavy,2025-08-09T16:56:11,2025-08-09T16:58:27,4,94.5
SESS004413,U000295,backend_cloud,2025-01-12T10:14:06,2025-01-12T10:19:26,9,222.0
SESS004414,U000296,entertainment_heavy,2025-11-24T15:39:39,2025-11-24T15:41:54,4,72.0
SESS004415,U000296,ai_python,2025-08-22T19:34:00,2025-08-22T19:40:31,12,240.8
SESS004416,U000296,cybersecurity,2025-09-24T15:35:34,2025-09-24T15:38:46,5,121.4
SESS004417,U000296,mixed_scroll,2025-06-04T08:41:48,2025-06-04T08:44:00,3,101.2
SESS004418,U000296,backend_cloud,2025-10-29T16:10:24,2025-10-29T16:15:37,11,208.0
SESS004419,U000296,ai_python,2025-04-28T09:22:41,2025-04-28T09:24:30,3,89.8
SESS004420,U000296,mixed_scroll,2025-08-05T08:30:14,2025-08-05T08:33:29,5,156.4
SESS004421,U000297,ai_python,2025-08-13T05:52:46,2025-08-13T05:58:55,12,220.2
SESS004422,U000297,mixed_scroll,2025-04-09T15:59:36,2025-04-09T16:04:58,8,220.9
SESS004423,U000297,entertainment_heavy,2025-04-06T05:14:39,2025-04-06T05:21:15,12,294.1
SESS004424,U000297,ai_python,2025-10-10T01:10:50,2025-10-10T01:12:47,3,85.2
SESS004425,U000298,entertainment_heavy,2025-03-26T19:24:39,2025-03-26T19:27:40,5,116.0
SESS004426,U000298,entertainment_heavy,2025-06-06T02:26:18,2025-06-06T02:29:04,6,103.4
SESS004427,U000298,entertainment_heavy,2025-08-12T06:45:03,2025-08-12T06:50:09,11,190.2
SESS004428,U000298,gaming_hardware,2025-05-22T00:54:51,2025-05-22T00:59:56,10,198.3
SESS004429,U000299,entertainment_heavy,2025-09-07T12:28:13,2025-09-07T12:30:11,4,93.7
SESS004430,U000299,entertainment_heavy,2025-06-02T02:23:48,2025-06-02T02:28:54,10,190.3
SESS004431,U000299,dsa_java_interview,2025-07-01T11:36:56,2025-07-01T11:41:32,9,185.8
SESS004432,U000299,mixed_scroll,2025-08-29T23:21:31,2025-08-29T23:25:13,7,129.5
SESS004433,U000299,cybersecurity,2025-10-04T22:48:58,2025-10-04T22:50:24,3,59.3
SESS004434,U000300,cybersecurity,2025-02-09T02:49:52,2025-02-09T02:51:41,5,72.1
SESS004435,U000300,mixed_scroll,2025-09-11T20:36:12,2025-09-11T20:42:18,12,208.0
SESS004436,U000300,gaming_hardware,2025-03-15T00:34:16,2025-03-15T00:39:05,10,186.1
SESS004437,U000300,cybersecurity,2025-05-12T15:30:17,2025-05-12T15:36:28,12,262.7
SESS004438,U000300,mixed_scroll,2025-06-03T13:10:04,2025-06-03T13:11:57,4,63.6
SESS004439,U000300,ai_python,2025-06-15T08:17:50,2025-06-15T08:20:20,5,100.8
SESS004440,U000301,mixed_scroll,2025-08-10T13:38:30,2025-08-10T13:40:38,4,85.3
SESS004441,U000301,cybersecurity,2025-02-12T10:50:40,2025-02-12T10:54:51,8,177.6
SESS004442,U000301,gaming_hardware,2025-07-14T13:10:27,2025-07-14T13:13:14,4,118.8
SESS004443,U000301,backend_cloud,2025-08-06T09:07:44,2025-08-06T09:12:08,8,176.4
SESS004444,U000301,gaming_hardware,2025-01-28T19:26:52,2025-01-28T19:31:28,9,208.1
SESS004445,U000301,mixed_scroll,2025-05-11T00:27:01,2025-05-11T00:32:09,8,219.8
SESS004446,U000301,ai_python,2025-11-28T03:59:14,2025-11-28T04:06:28,12,288.1
SESS004447,U000302,dsa_java_interview,2025-08-19T04:06:48,2025-08-19T04:12:11,9,230.8
SESS004448,U000302,ai_python,2025-04-30T12:02:35,2025-04-30T12:07:03,7,180.4
SESS004449,U000302,entertainment_heavy,2025-01-26T01:14:22,2025-01-26T01:16:40,4,105.4
SESS004450,U000303,dsa_java_interview,2025-10-24T00:38:09,2025-10-24T00:44:08,10,246.1
SESS004451,U000303,backend_cloud,2025-11-20T02:35:23,2025-11-20T02:37:18,3,75.2
SESS004452,U000303,dsa_java_interview,2025-03-29T04:40:53,2025-03-29T04:42:32,4,76.1
SESS004453,U000303,ai_python,2025-01-17T07:35:04,2025-01-17T07:39:24,8,166.6
SESS004454,U000303,mixed_scroll,2025-06-25T20:01:24,2025-06-25T20:06:19,10,179.7
SESS004455,U000304,backend_cloud,2025-04-26T22:09:57,2025-04-26T22:13:00,5,128.6
SESS004456,U000304,mixed_scroll,2025-10-17T19:04:59,2025-10-17T19:08:56,8,147.2
SESS004457,U000304,dsa_java_interview,2025-08-30T16:55:40,2025-08-30T17:01:37,12,219.6
SESS004458,U000304,ai_python,2025-07-28T10:10:59,2025-07-28T10:12:29,3,46.8
SESS004459,U000304,backend_cloud,2025-05-02T07:05:26,2025-05-02T07:11:45,12,245.5
SESS004460,U000304,ai_python,2025-01-07T07:15:45,2025-01-07T07:20:10,7,172.7
SESS004461,U000304,backend_cloud,2025-03-12T08:45:52,2025-03-12T08:51:30,9,249.2
SESS004462,U000305,backend_cloud,2025-01-31T12:11:44,2025-01-31T12:17:22,11,211.0
SESS004463,U000305,ai_python,2025-04-14T10:26:23,2025-04-14T10:30:37,8,183.5
SESS004464,U000305,mixed_scroll,2025-05-01T02:12:05,2025-05-01T02:17:02,9,205.7
SESS004465,U000305,dsa_java_interview,2025-01-08T21:04:22,2025-01-08T21:07:39,6,149.2
SESS004466,U000305,entertainment_heavy,2025-10-24T11:13:52,2025-10-24T11:16:18,5,95.2
SESS004467,U000306,ai_python,2025-03-22T19:08:09,2025-03-22T19:11:02,6,100.8
SESS004468,U000306,dsa_java_interview,2025-07-01T05:40:11,2025-07-01T05:43:36,7,118.3
SESS004469,U000306,ai_python,2025-05-04T22:20:50,2025-05-04T22:24:41,7,166.0
SESS004470,U000306,ai_python,2025-10-13T10:56:08,2025-10-13T10:59:28,8,117.5
SESS004471,U000306,ai_python,2025-06-27T11:22:16,2025-06-27T11:24:48,5,106.9
SESS004472,U000307,backend_cloud,2025-07-08T12:32:18,2025-07-08T12:33:45,3,54.5
SESS004473,U000307,backend_cloud,2025-06-14T04:05:22,2025-06-14T04:10:54,11,239.9
SESS004474,U000307,dsa_java_interview,2025-09-20T16:52:17,2025-09-20T16:56:36,10,150.0
SESS004475,U000308,gaming_hardware,2025-06-23T09:59:51,2025-06-23T10:05:11,8,218.7
SESS004476,U000308,entertainment_heavy,2025-10-26T08:00:14,2025-10-26T08:01:37,3,69.6
SESS004477,U000308,gaming_hardware,2025-11-04T09:43:46,2025-11-04T09:48:33,9,223.2
SESS004478,U000309,cybersecurity,2025-06-18T05:46:39,2025-06-18T05:51:57,8,219.7
SESS004479,U000309,ai_python,2025-11-08T05:18:28,2025-11-08T05:23:53,9,226.1
SESS004480,U000309,ai_python,2025-09-22T09:16:56,2025-09-22T09:19:37,5,94.1
SESS004481,U000309,cybersecurity,2025-01-11T16:31:54,2025-01-11T16:34:14,4,102.1
SESS004482,U000309,entertainment_heavy,2025-01-15T18:10:03,2025-01-15T18:11:52,3,69.5
SESS004483,U000310,dsa_java_interview,2025-11-28T16:32:25,2025-11-28T16:35:59,7,146.5
SESS004484,U000310,mixed_scroll,2025-01-27T20:42:15,2025-01-27T20:45:50,7,146.7
SESS004485,U000310,dsa_java_interview,2025-01-28T06:44:35,2025-01-28T06:48:49,8,155.5
SESS004486,U000310,gaming_hardware,2025-07-14T13:37:15,2025-07-14T13:39:56,4,123.0
SESS004487,U000310,entertainment_heavy,2025-08-12T09:09:58,2025-08-12T09:18:07,11,387.1
SESS004488,U000310,entertainment_heavy,2025-06-01T02:07:44,2025-06-01T02:12:17,7,187.7
SESS004489,U000311,cybersecurity,2025-01-03T14:06:25,2025-01-03T14:09:50,7,149.6
SESS004490,U000311,dsa_java_interview,2025-01-29T12:13:06,2025-01-29T12:18:35,8,230.3
SESS004491,U000311,gaming_hardware,2025-07-24T00:49:34,2025-07-24T00:54:23,10,159.4
SESS004492,U000311,backend_cloud,2025-09-08T14:50:33,2025-09-08T14:51:33,3,24.6
SESS004493,U000311,mixed_scroll,2025-05-09T23:07:30,2025-05-09T23:09:51,5,102.0
SESS004494,U000312,gaming_hardware,2025-09-09T18:17:36,2025-09-09T18:19:59,5,88.2
SESS004495,U000312,ai_python,2025-09-14T13:48:33,2025-09-14T13:52:02,8,125.9
SESS004496,U000312,entertainment_heavy,2025-05-16T04:34:47,2025-05-16T04:40:40,9,269.8
SESS004497,U000313,cybersecurity,2025-01-27T12:25:06,2025-01-27T12:26:47,3,71.5
SESS004498,U000313,cybersecurity,2025-01-12T20:59:33,2025-01-12T21:04:42,9,210.6
SESS004499,U000313,backend_cloud,2025-03-04T22:33:51,2025-03-04T22:35:14,3,41.0
SESS004500,U000313,backend_cloud,2025-05-29T09:04:22,2025-05-29T09:10:51,10,272.0
SESS004501,U000313,ai_python,2025-03-05T03:35:05,2025-03-05T03:40:19,7,203.6
SESS004502,U000314,ai_python,2025-01-30T22:10:22,2025-01-30T22:15:32,9,198.7
SESS004503,U000314,ai_python,2025-04-27T02:20:11,2025-04-27T02:21:52,3,61.0
SESS004504,U000314,backend_cloud,2025-06-17T10:32:11,2025-06-17T10:36:32,7,187.2
SESS004505,U000314,ai_python,2025-08-08T12:18:28,2025-08-08T12:20:26,3,82.2
SESS004506,U000314,gaming_hardware,2025-04-02T20:58:06,2025-04-02T21:01:42,7,138.5
SESS004507,U000314,entertainment_heavy,2025-11-16T02:14:21,2025-11-16T02:19:47,9,207.5
SESS004508,U000315,ai_python,2025-05-08T16:15:40,2025-05-08T16:20:18,7,199.3
SESS004509,U000315,backend_cloud,2025-01-22T13:30:12,2025-01-22T13:32:12,4,93.2
SESS004510,U000315,mixed_scroll,2025-09-21T04:00:54,2025-09-21T04:05:12,8,196.4
SESS004511,U000315,gaming_hardware,2025-09-11T19:10:45,2025-09-11T19:14:13,7,123.2
SESS004512,U000315,ai_python,2025-09-21T17:16:19,2025-09-21T17:22:14,12,244.4
SESS004513,U000315,entertainment_heavy,2025-01-09T16:47:57,2025-01-09T16:50:23,5,118.4
SESS004514,U000315,dsa_java_interview,2025-04-29T10:45:26,2025-04-29T10:47:54,4,100.4
SESS004515,U000315,dsa_java_interview,2025-06-02T13:30:30,2025-06-02T13:36:08,8,236.4
SESS004516,U000316,dsa_java_interview,2025-01-24T09:15:45,2025-01-24T09:20:10,10,165.4
SESS004517,U000316,entertainment_heavy,2025-08-23T21:07:34,2025-08-23T21:14:26,12,293.9
SESS004518,U000316,dsa_java_interview,2025-08-13T00:42:51,2025-08-13T00:44:55,5,77.8
SESS004519,U000316,mixed_scroll,2025-09-13T23:32:14,2025-09-13T23:33:49,4,69.0
SESS004520,U000316,backend_cloud,2025-10-08T15:54:05,2025-10-08T16:00:17,10,243.4
SESS004521,U000316,ai_python,2025-07-19T18:42:36,2025-07-19T18:47:09,9,198.2
SESS004522,U000317,dsa_java_interview,2025-07-05T01:06:42,2025-07-05T01:11:45,10,217.8
SESS004523,U000317,dsa_java_interview,2025-06-04T08:38:50,2025-06-04T08:46:04,11,304.7
SESS004524,U000317,entertainment_heavy,2025-03-14T01:05:46,2025-03-14T01:10:13,9,199.0
SESS004525,U000317,ai_python,2025-04-21T08:02:09,2025-04-21T08:06:54,11,185.5
SESS004526,U000317,dsa_java_interview,2025-01-16T12:39:28,2025-01-16T12:43:12,5,147.4
SESS004527,U000318,cybersecurity,2025-05-02T14:52:34,2025-05-02T15:00:56,11,383.8
SESS004528,U000318,ai_python,2025-06-17T10:03:00,2025-06-17T10:04:30,3,57.5
SESS004529,U000318,dsa_java_interview,2025-05-30T10:32:14,2025-05-30T10:35:30,5,136.0
SESS004530,U000318,entertainment_heavy,2025-03-09T18:37:59,2025-03-09T18:44:40,12,263.5
SESS004531,U000319,backend_cloud,2025-01-04T19:05:47,2025-01-04T19:06:56,3,47.3
SESS004532,U000319,gaming_hardware,2025-06-10T17:56:11,2025-06-10T17:59:33,8,136.8
SESS004533,U000319,ai_python,2025-04-02T04:05:20,2025-04-02T04:06:17,4,40.1
SESS004534,U000319,dsa_java_interview,2025-11-05T08:56:04,2025-11-05T09:02:35,12,255.5
SESS004535,U000319,mixed_scroll,2025-08-19T01:41:11,2025-08-19T01:47:38,12,226.0
SESS004536,U000319,gaming_hardware,2025-08-25T05:09:44,2025-08-25T05:10:59,3,57.5
SESS004537,U000319,dsa_java_interview,2025-10-11T12:35:24,2025-10-11T12:37:54,6,98.7
SESS004538,U000319,entertainment_heavy,2025-04-22T20:14:25,2025-04-22T20:20:13,12,223.4
SESS004539,U000320,mixed_scroll,2025-01-23T18:44:48,2025-01-23T18:49:23,10,177.4
SESS004540,U000320,backend_cloud,2025-04-02T07:57:25,2025-04-02T07:59:35,5,72.3
SESS004541,U000320,ai_python,2025-08-03T12:47:55,2025-08-03T12:51:50,7,186.1
SESS004542,U000320,entertainment_heavy,2025-01-21T12:14:34,2025-01-21T12:17:55,8,128.1
SESS004543,U000320,dsa_java_interview,2025-08-06T19:43:20,2025-08-06T19:47:09,9,136.9
SESS004544,U000320,mixed_scroll,2025-07-25T19:32:37,2025-07-25T19:33:49,4,39.8
SESS004545,U000320,dsa_java_interview,2025-11-13T12:40:15,2025-11-13T12:45:53,10,236.2
SESS004546,U000321,entertainment_heavy,2025-02-07T00:29:53,2025-02-07T00:32:36,5,114.0
SESS004547,U000321,dsa_java_interview,2025-03-21T15:31:55,2025-03-21T15:37:56,12,239.1
SESS004548,U000321,backend_cloud,2025-02-19T23:22:57,2025-02-19T23:26:20,7,139.8
SESS004549,U000321,dsa_java_interview,2025-08-28T04:57:36,2025-08-28T05:01:22,6,173.8
SESS004550,U000321,backend_cloud,2025-04-04T18:32:22,2025-04-04T18:38:17,11,212.3
SESS004551,U000322,entertainment_heavy,2025-08-05T05:49:19,2025-08-05T05:53:16,7,166.8
SESS004552,U000322,mixed_scroll,2025-09-17T19:17:39,2025-09-17T19:21:58,8,209.1
SESS004553,U000322,entertainment_heavy,2025-01-05T11:37:02,2025-01-05T11:42:09,10,215.4
SESS004554,U000322,ai_python,2025-11-14T11:32:19,2025-11-14T11:34:36,3,91.4
SESS004555,U000322,entertainment_heavy,2025-08-19T08:42:33,2025-08-19T08:45:36,7,112.8
SESS004556,U000322,gaming_hardware,2025-07-07T10:36:25,2025-07-07T10:38:44,3,111.4
SESS004557,U000322,backend_cloud,2025-11-19T07:24:52,2025-11-19T07:26:44,3,86.5
SESS004558,U000322,gaming_hardware,2025-03-22T22:29:47,2025-03-22T22:34:44,8,207.2
SESS004559,U000323,mixed_scroll,2025-02-08T09:12:50,2025-02-08T09:14:49,4,74.8
SESS004560,U000323,entertainment_heavy,2025-07-31T23:33:25,2025-07-31T23:34:34,3,37.4
SESS004561,U000323,ai_python,2025-09-02T11:39:04,2025-09-02T11:41:25,6,72.1
SESS004562,U000323,gaming_hardware,2025-02-28T01:50:29,2025-02-28T01:56:16,11,221.9
SESS004563,U000323,entertainment_heavy,2025-02-18T07:11:42,2025-02-18T07:15:19,9,117.7
SESS004564,U000323,entertainment_heavy,2025-07-08T20:32:15,2025-07-08T20:34:36,5,76.3
SESS004565,U000323,entertainment_heavy,2025-03-31T11:34:23,2025-03-31T11:40:13,12,224.0
SESS004566,U000323,backend_cloud,2025-02-18T07:01:47,2025-02-18T07:04:47,5,134.6
SESS004567,U000324,dsa_java_interview,2025-01-29T09:22:27,2025-01-29T09:28:54,10,284.0
SESS004568,U000324,backend_cloud,2025-10-24T02:49:39,2025-10-24T02:50:55,3,42.9
SESS004569,U000324,dsa_java_interview,2025-01-12T10:56:37,2025-01-12T11:01:02,8,190.3
SESS004570,U000324,ai_python,2025-04-19T13:41:27,2025-04-19T13:42:57,4,60.9
SESS004571,U000324,gaming_hardware,2025-05-09T22:34:28,2025-05-09T22:39:01,9,208.5
SESS004572,U000324,gaming_hardware,2025-08-06T12:41:33,2025-08-06T12:47:30,10,274.2
SESS004573,U000325,ai_python,2025-08-06T01:04:15,2025-08-06T01:09:19,8,206.5
SESS004574,U000325,cybersecurity,2025-06-26T00:19:51,2025-06-26T00:22:53,5,110.3
SESS004575,U000325,cybersecurity,2025-02-12T12:41:37,2025-02-12T12:44:13,5,96.3
SESS004576,U000325,cybersecurity,2025-08-09T22:14:30,2025-08-09T22:17:25,8,104.3
SESS004577,U000325,mixed_scroll,2025-03-06T14:25:54,2025-03-06T14:28:15,7,97.3
SESS004578,U000325,backend_cloud,2025-08-19T03:11:02,2025-08-19T03:15:01,6,166.9
SESS004579,U000325,entertainment_heavy,2025-05-11T20:08:28,2025-05-11T20:12:04,6,152.6
SESS004580,U000326,mixed_scroll,2025-01-06T11:16:19,2025-01-06T11:20:51,11,176.3
SESS004581,U000326,backend_cloud,2025-01-31T23:24:15,2025-01-31T23:30:40,12,261.3
SESS004582,U000326,cybersecurity,2025-09-11T02:28:19,2025-09-11T02:31:44,6,127.0
SESS004583,U000326,cybersecurity,2025-10-22T13:55:55,2025-10-22T14:01:56,10,244.3
SESS004584,U000326,mixed_scroll,2025-03-26T15:59:14,2025-03-26T16:00:37,4,42.3
SESS004585,U000327,cybersecurity,2025-11-17T09:53:30,2025-11-17T09:57:22,8,150.0
SESS004586,U000327,mixed_scroll,2025-06-05T18:43:40,2025-06-05T18:48:34,9,172.0
SESS004587,U000327,gaming_hardware,2025-07-23T16:26:45,2025-07-23T16:30:01,6,140.1
SESS004588,U000327,entertainment_heavy,2025-10-06T21:24:41,2025-10-06T21:30:21,10,207.2
SESS004589,U000328,entertainment_heavy,2025-09-19T17:15:29,2025-09-19T17:22:07,12,258.5
SESS004590,U000328,ai_python,2025-07-01T21:49:57,2025-07-01T21:53:25,7,121.4
SESS004591,U000328,mixed_scroll,2025-04-16T22:11:52,2025-04-16T22:15:00,6,132.9
SESS004592,U000329,cybersecurity,2025-06-23T17:31:47,2025-06-23T17:33:21,4,60.1
SESS004593,U000329,gaming_hardware,2025-07-07T19:54:25,2025-07-07T19:57:37,7,122.1
SESS004594,U000329,dsa_java_interview,2025-11-17T05:55:16,2025-11-17T06:02:52,12,306.0
SESS004595,U000329,ai_python,2025-03-12T01:02:43,2025-03-12T01:08:09,11,230.8
SESS004596,U000329,entertainment_heavy,2025-04-16T03:24:35,2025-04-16T03:29:54,11,192.6
SESS004597,U000329,gaming_hardware,2025-09-12T04:58:32,2025-09-12T05:05:24,12,286.2
SESS004598,U000330,ai_python,2025-01-10T03:41:16,2025-01-10T03:47:45,11,280.3
SESS004599,U000330,ai_python,2025-09-30T23:06:26,2025-09-30T23:07:37,3,37.6
SESS004600,U000330,backend_cloud,2025-01-17T03:12:14,2025-01-17T03:17:59,10,213.1
SESS004601,U000330,gaming_hardware,2025-10-16T00:34:47,2025-10-16T00:36:22,5,41.4
SESS004602,U000330,ai_python,2025-06-24T23:34:28,2025-06-24T23:39:08,7,193.2
SESS004603,U000330,entertainment_heavy,2025-02-02T01:03:25,2025-02-02T01:05:18,4,79.7
SESS004604,U000331,backend_cloud,2025-03-25T18:56:36,2025-03-25T19:03:37,11,312.0
SESS004605,U000331,entertainment_heavy,2025-10-09T17:10:26,2025-10-09T17:12:28,3,84.3
SESS004606,U000331,dsa_java_interview,2025-10-18T03:35:29,2025-10-18T03:42:47,12,275.1
SESS004607,U000331,gaming_hardware,2025-01-25T23:09:25,2025-01-25T23:16:24,10,300.0
SESS004608,U000331,backend_cloud,2025-10-14T18:45:12,2025-10-14T18:49:32,8,196.2
SESS004609,U000332,ai_python,2025-10-17T01:51:30,2025-10-17T01:56:09,11,186.9
SESS004610,U000332,dsa_java_interview,2025-05-24T09:01:46,2025-05-24T09:06:41,11,173.7
SESS004611,U000332,gaming_hardware,2025-06-05T00:09:42,2025-06-05T00:11:40,5,67.6
SESS004612,U000332,dsa_java_interview,2025-05-06T22:43:12,2025-05-06T22:48:27,11,208.9
SESS004613,U000333,backend_cloud,2025-05-13T19:04:39,2025-05-13T19:09:04,10,180.2
SESS004614,U000333,gaming_hardware,2025-10-26T18:59:33,2025-10-26T19:00:57,3,69.6
SESS004615,U000333,dsa_java_interview,2025-03-03T06:41:53,2025-03-03T06:44:37,6,106.8
SESS004616,U000333,dsa_java_interview,2025-01-25T12:25:51,2025-01-25T12:29:33,7,158.1
SESS004617,U000333,cybersecurity,2025-10-02T09:22:29,2025-10-02T09:25:55,7,100.7
SESS004618,U000333,backend_cloud,2025-11-01T00:33:35,2025-11-01T00:36:34,7,106.9
SESS004619,U000333,entertainment_heavy,2025-11-07T04:07:14,2025-11-07T04:09:38,6,72.8
SESS004620,U000334,dsa_java_interview,2025-01-31T11:20:44,2025-01-31T11:27:37,12,279.2
SESS004621,U000334,entertainment_heavy,2025-11-07T07:47:15,2025-11-07T07:54:25,11,316.2
SESS004622,U000334,ai_python,2025-06-04T11:25:39,2025-06-04T11:30:41,11,191.9
SESS004623,U000334,mixed_scroll,2025-09-11T02:47:20,2025-09-11T02:52:35,8,232.5
SESS004624,U000334,gaming_hardware,2025-11-30T13:03:07,2025-11-30T13:05:44,6,91.9
SESS004625,U000334,dsa_java_interview,2025-04-14T22:52:13,2025-04-14T22:54:34,6,69.7
SESS004626,U000335,dsa_java_interview,2025-10-02T01:12:22,2025-10-02T01:13:32,4,39.4
SESS004627,U000335,entertainment_heavy,2025-03-24T03:17:55,2025-03-24T03:24:14,11,247.7
SESS004628,U000335,entertainment_heavy,2025-02-15T19:04:36,2025-02-15T19:07:20,5,102.9
SESS004629,U000335,entertainment_heavy,2025-11-03T20:54:06,2025-11-03T20:58:12,6,189.9
SESS004630,U000335,entertainment_heavy,2025-01-31T00:12:59,2025-01-31T00:16:25,6,147.0
SESS004631,U000336,mixed_scroll,2025-10-21T12:08:24,2025-10-21T12:12:05,8,108.4
SESS004632,U000336,mixed_scroll,2025-05-15T04:13:24,2025-05-15T04:19:11,11,249.3
SESS004633,U000336,dsa_java_interview,2025-01-29T13:17:45,2025-01-29T13:24:18,10,266.5
SESS004634,U000336,ai_python,2025-01-08T21:30:40,2025-01-08T21:34:23,7,136.0
SESS004635,U000336,gaming_hardware,2025-02-13T21:55:30,2025-02-13T22:01:29,10,257.4
SESS004636,U000336,mixed_scroll,2025-11-16T04:27:21,2025-11-16T04:31:32,6,179.5
SESS004637,U000337,mixed_scroll,2025-06-13T09:38:34,2025-06-13T09:43:20,9,202.3
SESS004638,U000337,dsa_java_interview,2025-06-01T14:42:01,2025-06-01T14:43:11,3,47.1
SESS004639,U000337,backend_cloud,2025-10-14T16:24:01,2025-10-14T16:27:49,8,159.5
SESS004640,U000337,gaming_hardware,2025-03-04T19:39:40,2025-03-04T19:43:22,6,139.5
SESS004641,U000337,cybersecurity,2025-03-30T09:43:53,2025-03-30T09:47:14,8,124.8
SESS004642,U000337,backend_cloud,2025-05-21T14:45:03,2025-05-21T14:47:06,4,77.1
SESS004643,U000338,mixed_scroll,2025-03-19T00:07:04,2025-03-19T00:12:01,11,176.7
SESS004644,U000338,ai_python,2025-05-19T21:00:33,2025-05-19T21:03:22,4,127.2
SESS004645,U000338,backend_cloud,2025-07-12T05:36:55,2025-07-12T05:39:49,5,147.0
SESS004646,U000338,cybersecurity,2025-07-03T19:38:36,2025-07-03T19:40:49,5,88.7
SESS004647,U000338,cybersecurity,2025-07-20T07:14:36,2025-07-20T07:15:50,3,36.2
SESS004648,U000339,entertainment_heavy,2025-11-23T09:57:32,2025-11-23T10:00:18,4,130.0
SESS004649,U000339,mixed_scroll,2025-10-31T23:05:20,2025-10-31T23:06:51,4,47.8
SESS004650,U000339,backend_cloud,2025-09-27T06:16:54,2025-09-27T06:21:21,7,194.1
SESS004651,U000339,entertainment_heavy,2025-02-23T08:50:29,2025-02-23T08:51:52,3,46.5
SESS004652,U000339,backend_cloud,2025-07-21T09:15:41,2025-07-21T09:17:44,4,84.4
SESS004653,U000340,gaming_hardware,2025-05-18T22:49:31,2025-05-18T22:53:54,8,192.0
SESS004654,U000340,entertainment_heavy,2025-06-07T13:29:04,2025-06-07T13:33:03,8,164.8
SESS004655,U000340,cybersecurity,2025-07-01T06:42:46,2025-07-01T06:49:44,11,296.3
SESS004656,U000340,gaming_hardware,2025-05-03T00:22:48,2025-05-03T00:25:43,5,113.9
SESS004657,U000340,mixed_scroll,2025-04-03T12:15:53,2025-04-03T12:19:33,6,175.0
SESS004658,U000341,backend_cloud,2025-11-27T12:29:52,2025-11-27T12:33:15,8,141.6
SESS004659,U000341,backend_cloud,2025-06-23T23:14:07,2025-06-23T23:16:12,3,94.1
SESS004660,U000341,backend_cloud,2025-09-15T03:45:01,2025-09-15T03:50:42,12,202.8
SESS004661,U000341,mixed_scroll,2025-06-29T19:51:10,2025-06-29T19:55:35,9,168.6
SESS004662,U000341,cybersecurity,2025-07-29T13:08:07,2025-07-29T13:12:31,8,178.9
SESS004663,U000341,backend_cloud,2025-11-12T10:14:29,2025-11-12T10:16:37,3,100.3
SESS004664,U000341,dsa_java_interview,2025-03-23T16:56:41,2025-03-23T17:00:20,8,139.6
SESS004665,U000341,cybersecurity,2025-11-23T15:47:51,2025-11-23T15:51:56,7,169.7
SESS004666,U000342,backend_cloud,2025-01-29T00:25:43,2025-01-29T00:28:51,6,142.2
SESS004667,U000342,dsa_java_interview,2025-04-29T11:44:00,2025-04-29T11:47:57,8,177.1
SESS004668,U000342,dsa_java_interview,2025-10-08T21:37:00,2025-10-08T21:40:12,7,123.4
SESS004669,U000342,ai_python,2025-09-10T09:24:33,2025-09-10T09:29:50,10,195.1
SESS004670,U000343,cybersecurity,2025-09-03T22:23:59,2025-09-03T22:30:52,11,279.5
SESS004671,U000343,ai_python,2025-02-18T14:49:09,2025-02-18T14:51:12,3,86.4
SESS004672,U000343,gaming_hardware,2025-01-17T07:25:49,2025-01-17T07:31:42,10,255.2
SESS004673,U000344,ai_python,2025-05-31T14:49:46,2025-05-31T14:55:30,9,247.2
SESS004674,U000344,backend_cloud,2025-04-01T18:09:03,2025-04-01T18:10:45,4,64.3
SESS004675,U000344,entertainment_heavy,2025-09-20T03:19:52,2025-09-20T03:23:00,7,113.0
SESS004676,U000344,backend_cloud,2025-05-19T23:55:24,2025-05-19T23:56:26,3,32.5
SESS004677,U000345,entertainment_heavy,2025-02-04T06:31:53,2025-02-04T06:34:10,4,104.4
SESS004678,U000345,gaming_hardware,2025-07-04T17:17:52,2025-07-04T17:22:19,11,179.2
SESS004679,U000345,ai_python,2025-03-05T15:29:01,2025-03-05T15:35:08,9,274.4
SESS004680,U000345,gaming_hardware,2025-11-09T15:03:59,2025-11-09T15:07:37,5,146.7
SESS004681,U000345,mixed_scroll,2025-07-06T17:38:40,2025-07-06T17:46:01,12,312.0
SESS004682,U000345,gaming_hardware,2025-01-08T22:33:46,2025-01-08T22:35:45,4,75.3
SESS004683,U000346,backend_cloud,2025-08-13T11:35:21,2025-08-13T11:37:32,6,72.8
SESS004684,U000346,dsa_java_interview,2025-11-10T18:04:37,2025-11-10T18:06:34,4,65.5
SESS004685,U000346,entertainment_heavy,2025-01-11T04:02:35,2025-01-11T04:05:19,7,89.6
SESS004686,U000347,ai_python,2025-03-29T23:04:09,2025-03-29T23:09:05,9,214.7
SESS004687,U000347,ai_python,2025-04-20T02:48:37,2025-04-20T02:50:54,6,93.3
SESS004688,U000347,ai_python,2025-06-25T09:40:21,2025-06-25T09:44:13,8,147.4
SESS004689,U000347,backend_cloud,2025-03-03T17:25:09,2025-03-03T17:30:24,10,225.6
SESS004690,U000347,entertainment_heavy,2025-10-22T07:23:02,2025-10-22T07:26:16,6,118.4
SESS004691,U000348,dsa_java_interview,2025-11-13T17:15:54,2025-11-13T17:19:00,6,132.1
SESS004692,U000348,entertainment_heavy,2025-09-24T17:39:39,2025-09-24T17:45:29,12,212.5
SESS004693,U000348,backend_cloud,2025-08-14T01:43:11,2025-08-14T01:45:45,7,91.0
SESS004694,U000349,entertainment_heavy,2025-05-09T12:36:19,2025-05-09T12:39:55,5,161.7
SESS004695,U000349,ai_python,2025-11-13T11:02:40,2025-11-13T11:08:04,7,233.9
SESS004696,U000349,ai_python,2025-01-03T23:35:54,2025-01-03T23:37:29,4,57.8
SESS004697,U000349,gaming_hardware,2025-08-27T22:11:02,2025-08-27T22:16:56,10,241.7
SESS004698,U000349,cybersecurity,2025-10-09T20:12:15,2025-10-09T20:16:25,8,179.7
SESS004699,U000350,cybersecurity,2025-06-10T07:11:22,2025-06-10T07:17:06,11,255.4
SESS004700,U000350,mixed_scroll,2025-08-06T09:56:38,2025-08-06T09:58:53,4,117.0
SESS004701,U000350,entertainment_heavy,2025-03-13T07:12:43,2025-03-13T07:13:55,3,43.7
SESS004702,U000351,cybersecurity,2025-01-12T19:53:47,2025-01-12T19:58:38,10,184.0
SESS004703,U000351,mixed_scroll,2025-10-30T23:12:23,2025-10-30T23:14:25,3,76.8
SESS004704,U000351,gaming_hardware,2025-05-12T01:27:21,2025-05-12T01:28:35,3,33.7
SESS004705,U000351,mixed_scroll,2025-07-29T07:07:22,2025-07-29T07:08:35,3,45.3
SESS004706,U000351,gaming_hardware,2025-02-14T17:09:24,2025-02-14T17:14:17,11,193.7
SESS004707,U000351,cybersecurity,2025-09-29T11:49:52,2025-09-29T11:58:28,12,358.0
SESS004708,U000351,backend_cloud,2025-05-05T05:33:07,2025-05-05T05:37:37,10,195.6
SESS004709,U000352,mixed_scroll,2025-02-21T07:43:27,2025-02-21T07:48:02,8,185.6
SESS004710,U000352,entertainment_heavy,2025-10-07T11:08:11,2025-10-07T11:13:02,7,238.9
SESS004711,U000352,cybersecurity,2025-08-29T19:16:20,2025-08-29T19:22:03,11,230.8
SESS004712,U000352,mixed_scroll,2025-10-29T21:00:52,2025-10-29T21:03:17,4,119.5
SESS004713,U000352,dsa_java_interview,2025-05-10T16:06:31,2025-05-10T16:12:36,11,227.9
SESS004714,U000352,cybersecurity,2025-08-09T10:08:08,2025-08-09T10:10:14,6,88.1
SESS004715,U000352,mixed_scroll,2025-08-21T07:01:46,2025-08-21T07:05:38,8,139.0
SESS004716,U000352,gaming_hardware,2025-08-11T04:07:43,2025-08-11T04:11:14,7,135.8
SESS004717,U000353,mixed_scroll,2025-02-10T05:51:21,2025-02-10T05:53:06,4,65.7
SESS004718,U000353,dsa_java_interview,2025-01-05T22:31:02,2025-01-05T22:34:35,6,138.9
SESS004719,U000353,dsa_java_interview,2025-09-13T09:41:09,2025-09-13T09:46:56,11,228.3
SESS004720,U000353,mixed_scroll,2025-04-23T07:20:36,2025-04-23T07:24:48,6,177.1
SESS004721,U000353,dsa_java_interview,2025-03-21T00:06:32,2025-03-21T00:11:33,9,197.7
SESS004722,U000353,entertainment_heavy,2025-07-11T16:52:39,2025-07-11T16:54:35,3,62.0
SESS004723,U000353,dsa_java_interview,2025-04-13T03:59:26,2025-04-13T04:02:38,5,134.5
SESS004724,U000354,gaming_hardware,2025-08-29T06:31:02,2025-08-29T06:33:55,5,94.5
SESS004725,U000354,entertainment_heavy,2025-09-11T07:40:34,2025-09-11T07:46:54,11,273.5
SESS004726,U000354,mixed_scroll,2025-07-24T08:31:41,2025-07-24T08:37:05,8,230.1
SESS004727,U000355,backend_cloud,2025-11-26T17:44:40,2025-11-26T17:51:08,12,263.2
SESS004728,U000355,mixed_scroll,2025-03-27T12:05:10,2025-03-27T12:09:18,8,175.7
SESS004729,U000355,entertainment_heavy,2025-05-14T19:05:23,2025-05-14T19:07:35,5,67.6
SESS004730,U000355,ai_python,2025-04-15T07:32:19,2025-04-15T07:34:15,5,61.0
SESS004731,U000355,dsa_java_interview,2025-04-16T18:48:33,2025-04-16T18:54:43,12,238.0
SESS004732,U000355,gaming_hardware,2025-04-15T21:46:55,2025-04-15T21:51:19,10,177.4
SESS004733,U000356,entertainment_heavy,2025-01-13T02:34:08,2025-01-13T02:38:38,11,192.0
SESS004734,U000356,ai_python,2025-05-29T12:59:51,2025-05-29T13:06:16,12,242.7
SESS004735,U000356,cybersecurity,2025-05-31T18:30:33,2025-05-31T18:32:45,4,97.4
SESS004736,U000356,mixed_scroll,2025-04-03T12:27:46,2025-04-03T12:29:55,4,76.3
SESS004737,U000357,mixed_scroll,2025-01-18T04:04:27,2025-01-18T04:07:38,6,143.6
SESS004738,U000357,backend_cloud,2025-07-13T14:35:19,2025-07-13T14:41:42,12,242.3
SESS004739,U000357,gaming_hardware,2025-01-28T02:25:24,2025-01-28T02:27:30,7,73.1
SESS004740,U000358,entertainment_heavy,2025-08-15T17:37:04,2025-08-15T17:39:35,5,97.2
SESS004741,U000358,mixed_scroll,2025-07-17T06:01:21,2025-07-17T06:04:49,5,147.6
SESS004742,U000358,dsa_java_interview,2025-10-13T15:25:42,2025-10-13T15:29:01,5,130.4
SESS004743,U000359,cybersecurity,2025-05-23T10:16:34,2025-05-23T10:22:48,12,275.1
SESS004744,U000359,backend_cloud,2025-04-07T23:48:08,2025-04-07T23:49:52,3,78.2
SESS004745,U000359,backend_cloud,2025-10-23T18:50:09,2025-10-23T18:55:06,9,201.8
SESS004746,U000359,cybersecurity,2025-03-06T16:08:31,2025-03-06T16:12:20,8,177.9
SESS004747,U000359,cybersecurity,2025-10-05T14:47:43,2025-10-05T14:51:48,8,157.7
SESS004748,U000359,entertainment_heavy,2025-01-12T14:06:27,2025-01-12T14:11:02,7,185.3
SESS004749,U000359,mixed_scroll,2025-08-10T12:56:27,2025-08-10T12:59:35,5,153.6
SESS004750,U000360,entertainment_heavy,2025-06-02T10:05:06,2025-06-02T10:10:26,9,224.4
SESS004751,U000360,backend_cloud,2025-10-01T23:48:44,2025-10-01T23:54:46,11,224.1
SESS004752,U000360,entertainment_heavy,2025-03-27T16:09:10,2025-03-27T16:13:01,6,148.4
SESS004753,U000360,cybersecurity,2025-09-19T16:05:27,2025-09-19T16:07:59,3,109.9
SESS004754,U000360,ai_python,2025-11-18T13:20:51,2025-11-18T13:22:29,5,50.5
SESS004755,U000360,ai_python,2025-02-03T04:04:33,2025-02-03T04:09:18,9,174.7
SESS004756,U000361,ai_python,2025-06-18T20:14:49,2025-06-18T20:18:59,8,171.6
SESS004757,U000361,backend_cloud,2025-09-05T15:53:28,2025-09-05T15:56:52,6,136.5
SESS004758,U000361,mixed_scroll,2025-11-09T02:16:18,2025-11-09T02:19:23,7,133.3
SESS004759,U000361,mixed_scroll,2025-09-04T17:14:12,2025-09-04T17:15:24,3,34.6
SESS004760,U000361,mixed_scroll,2025-08-04T06:09:57,2025-08-04T06:11:48,4,76.4
SESS004761,U000361,gaming_hardware,2025-09-18T18:58:31,2025-09-18T19:03:14,8,182.1
SESS004762,U000361,entertainment_heavy,2025-05-11T22:37:40,2025-05-11T22:40:38,7,125.8
SESS004763,U000362,dsa_java_interview,2025-09-12T10:06:35,2025-09-12T10:12:43,12,254.9
SESS004764,U000362,gaming_hardware,2025-03-30T00:24:52,2025-03-30T00:29:15,8,204.0
SESS004765,U000362,entertainment_heavy,2025-05-24T16:50:40,2025-05-24T16:56:11,9,214.7
SESS004766,U000362,mixed_scroll,2025-01-31T13:03:40,2025-01-31T13:07:55,8,171.7
SESS004767,U000362,gaming_hardware,2025-02-06T05:41:41,2025-02-06T05:47:56,11,220.7
SESS004768,U000362,cybersecurity,2025-02-27T03:35:09,2025-02-27T03:40:45,10,228.6
SESS004769,U000362,ai_python,2025-04-14T21:14:22,2025-04-14T21:18:36,7,198.6
SESS004770,U000363,dsa_java_interview,2025-04-06T08:24:32,2025-04-06T08:29:03,11,120.0
SESS004771,U000363,mixed_scroll,2025-02-06T14:30:02,2025-02-06T14:31:47,4,61.2
SESS004772,U000363,entertainment_heavy,2025-07-19T17:28:12,2025-07-19T17:32:30,8,187.6
SESS004773,U000363,backend_cloud,2025-04-27T12:06:23,2025-04-27T12:08:00,5,64.3
SESS004774,U000363,cybersecurity,2025-05-06T17:18:48,2025-05-06T17:22:54,12,139.5
SESS004775,U000363,cybersecurity,2025-08-01T16:26:00,2025-08-01T16:31:53,9,234.7
SESS004776,U000363,dsa_java_interview,2025-03-04T14:32:23,2025-03-04T14:35:07,6,107.4
SESS004777,U000364,ai_python,2025-10-31T19:16:10,2025-10-31T19:20:07,8,150.5
SESS004778,U000364,cybersecurity,2025-03-03T22:21:17,2025-03-03T22:23:34,4,105.9
SESS004779,U000364,backend_cloud,2025-11-17T14:40:26,2025-11-17T14:45:43,11,216.9
SESS004780,U000365,entertainment_heavy,2025-01-20T10:35:43,2025-01-20T10:39:06,7,111.8
SESS004781,U000365,ai_python,2025-05-15T08:42:08,2025-05-15T08:46:21,6,190.2
SESS004782,U000365,entertainment_heavy,2025-06-16T11:14:01,2025-06-16T11:17:34,7,170.8
SESS004783,U000365,gaming_hardware,2025-06-06T12:18:49,2025-06-06T12:24:44,11,228.5
SESS004784,U000366,ai_python,2025-05-12T19:12:43,2025-05-12T19:18:38,11,251.3
SESS004785,U000366,dsa_java_interview,2025-10-26T13:10:59,2025-10-26T13:16:16,9,221.4
SESS004786,U000366,ai_python,2025-10-13T04:32:32,2025-10-13T04:39:19,12,275.2
SESS004787,U000366,ai_python,2025-06-13T08:24:52,2025-06-13T08:28:26,5,143.2
SESS004788,U000366,mixed_scroll,2025-07-24T09:51:36,2025-07-24T09:54:11,4,92.2
SESS004789,U000367,entertainment_heavy,2025-09-30T18:16:51,2025-09-30T18:18:50,4,62.0
SESS004790,U000367,dsa_java_interview,2025-07-01T11:48:09,2025-07-01T11:54:40,12,295.5
SESS004791,U000367,backend_cloud,2025-08-05T16:19:13,2025-08-05T16:22:55,6,147.7
SESS004792,U000367,dsa_java_interview,2025-03-24T05:34:48,2025-03-24T05:38:05,7,135.9
SESS004793,U000368,mixed_scroll,2025-09-12T18:35:28,2025-09-12T18:37:17,4,81.6
SESS004794,U000368,mixed_scroll,2025-02-05T22:13:34,2025-02-05T22:19:03,10,217.7
SESS004795,U000368,entertainment_heavy,2025-06-18T22:32:49,2025-06-18T22:39:29,12,257.2
SESS004796,U000369,cybersecurity,2025-11-06T16:51:33,2025-11-06T16:55:17,7,135.6
SESS004797,U000369,ai_python,2025-01-17T19:25:31,2025-01-17T19:30:28,10,171.9
SESS004798,U000369,gaming_hardware,2025-05-16T03:40:52,2025-05-16T03:44:42,7,164.0
SESS004799,U000369,cybersecurity,2025-07-22T16:59:01,2025-07-22T17:02:04,7,102.1
SESS004800,U000370,entertainment_heavy,2025-10-30T02:19:14,2025-10-30T02:23:45,9,198.1
SESS004801,U000370,backend_cloud,2025-06-28T00:13:56,2025-06-28T00:19:18,7,225.3
SESS004802,U000370,ai_python,2025-03-22T14:07:09,2025-03-22T14:13:11,9,234.6
SESS004803,U000370,dsa_java_interview,2025-05-14T22:31:51,2025-05-14T22:35:59,7,151.9
SESS004804,U000370,dsa_java_interview,2025-01-15T08:47:52,2025-01-15T08:52:34,9,204.4
SESS004805,U000371,backend_cloud,2025-03-26T01:51:32,2025-03-26T01:56:22,10,184.1
SESS004806,U000371,entertainment_heavy,2025-02-07T03:59:20,2025-02-07T04:01:35,5,93.9
SESS004807,U000371,backend_cloud,2025-10-05T18:09:02,2025-10-05T18:14:02,9,187.3
SESS004808,U000371,entertainment_heavy,2025-03-05T17:27:41,2025-03-05T17:32:27,10,176.4
SESS004809,U000372,cybersecurity,2025-08-18T05:25:02,2025-08-18T05:31:40,10,269.3
SESS004810,U000372,gaming_hardware,2025-10-25T01:58:46,2025-10-25T02:03:08,9,195.5
SESS004811,U000372,dsa_java_interview,2025-10-03T07:12:13,2025-10-03T07:13:55,5,54.3
SESS004812,U000372,cybersecurity,2025-10-30T15:31:37,2025-10-30T15:38:01,10,266.3
SESS004813,U000373,gaming_hardware,2025-07-14T07:49:09,2025-07-14T07:50:59,4,66.9
SESS004814,U000373,mixed_scroll,2025-03-06T08:23:19,2025-03-06T08:29:45,12,210.8
SESS004815,U000373,cybersecurity,2025-01-26T13:24:43,2025-01-26T13:30:35,11,231.7
SESS004816,U000373,entertainment_heavy,2025-09-19T04:23:32,2025-09-19T04:28:15,7,213.7
SESS004817,U000373,gaming_hardware,2025-02-26T15:39:30,2025-02-26T15:40:34,3,44.3
SESS004818,U000374,backend_cloud,2025-10-08T02:39:43,2025-10-08T02:40:52,3,36.2
SESS004819,U000374,mixed_scroll,2025-01-19T10:05:14,2025-01-19T10:12:08,12,275.9
SESS004820,U000374,dsa_java_interview,2025-11-13T03:58:34,2025-11-13T04:01:15,5,89.8
SESS004821,U000374,backend_cloud,2025-01-09T17:53:10,2025-01-09T17:56:05,5,117.0
SESS004822,U000375,ai_python,2025-03-29T16:39:47,2025-03-29T16:46:12,11,276.0
SESS004823,U000375,mixed_scroll,2025-01-21T05:49:18,2025-01-21T05:51:30,4,115.6
SESS004824,U000375,backend_cloud,2025-05-27T05:05:40,2025-05-27T05:08:03,4,87.3
SESS004825,U000375,ai_python,2025-06-24T08:32:58,2025-06-24T08:34:32,4,58.8
SESS004826,U000375,entertainment_heavy,2025-05-14T05:05:17,2025-05-14T05:06:47,4,33.3
SESS004827,U000375,dsa_java_interview,2025-04-11T03:53:01,2025-04-11T03:58:39,12,195.5
SESS004828,U000375,dsa_java_interview,2025-05-18T14:17:32,2025-05-18T14:22:02,11,168.3
SESS004829,U000375,mixed_scroll,2025-06-12T22:42:03,2025-06-12T22:44:41,6,98.1
SESS004830,U000376,mixed_scroll,2025-07-20T02:29:03,2025-07-20T02:34:08,9,210.3
SESS004831,U000376,entertainment_heavy,2025-08-11T00:25:41,2025-08-11T00:29:40,7,140.2
SESS004832,U000376,gaming_hardware,2025-08-22T10:24:47,2025-08-22T10:28:06,5,154.6
SESS004833,U000376,dsa_java_interview,2025-04-30T13:48:57,2025-04-30T13:50:49,3,68.8
SESS004834,U000376,cybersecurity,2025-09-08T13:01:31,2025-09-08T13:06:03,9,201.4
SESS004835,U000376,cybersecurity,2025-06-01T08:42:21,2025-06-01T08:46:48,7,205.8
SESS004836,U000376,backend_cloud,2025-10-26T03:42:12,2025-10-26T03:44:57,5,111.7
SESS004837,U000377,mixed_scroll,2025-03-13T04:27:59,2025-03-13T04:31:55,6,161.8
SESS004838,U000377,gaming_hardware,2025-08-04T08:56:25,2025-08-04T08:58:48,5,72.1
SESS004839,U000377,entertainment_heavy,2025-10-15T08:22:06,2025-10-15T08:26:29,7,207.3
SESS004840,U000377,ai_python,2025-09-07T12:28:48,2025-09-07T12:32:20,7,139.0
SESS004841,U000377,backend_cloud,2025-08-04T07:11:55,2025-08-04T07:13:17,3,54.8
SESS004842,U000377,mixed_scroll,2025-10-21T03:58:17,2025-10-21T03:59:19,3,35.8
SESS004843,U000377,dsa_java_interview,2025-05-22T05:59:20,2025-05-22T06:02:52,9,126.9
SESS004844,U000378,entertainment_heavy,2025-09-29T02:36:10,2025-09-29T02:41:43,9,229.3
SESS004845,U000378,mixed_scroll,2025-08-22T11:15:06,2025-08-22T11:16:05,3,35.4
SESS004846,U000378,backend_cloud,2025-09-01T04:16:14,2025-09-01T04:21:30,11,163.2
SESS004847,U000379,backend_cloud,2025-05-09T19:44:41,2025-05-09T19:50:07,8,230.8
SESS004848,U000379,mixed_scroll,2025-10-13T05:41:34,2025-10-13T05:47:37,12,230.8
SESS004849,U000379,mixed_scroll,2025-01-28T22:53:39,2025-01-28T22:55:19,4,58.1
SESS004850,U000379,cybersecurity,2025-02-06T02:59:10,2025-02-06T03:03:46,10,175.4
SESS004851,U000379,ai_python,2025-08-08T08:28:27,2025-08-08T08:31:22,5,128.6
SESS004852,U000379,gaming_hardware,2025-07-26T07:38:13,2025-07-26T07:42:22,9,182.2
SESS004853,U000379,gaming_hardware,2025-08-17T14:33:13,2025-08-17T14:39:04,10,248.6
SESS004854,U000379,cybersecurity,2025-01-28T13:31:53,2025-01-28T13:34:55,6,125.6
SESS004855,U000380,ai_python,2025-10-06T15:52:16,2025-10-06T15:57:18,12,207.9
SESS004856,U000380,entertainment_heavy,2025-09-19T21:04:45,2025-09-19T21:07:58,4,146.2
SESS004857,U000380,dsa_java_interview,2025-08-25T20:11:04,2025-08-25T20:14:48,10,143.7
SESS004858,U000380,entertainment_heavy,2025-08-23T11:10:17,2025-08-23T11:16:09,11,234.5
SESS004859,U000380,dsa_java_interview,2025-03-17T01:40:20,2025-03-17T01:43:40,7,126.7
SESS004860,U000381,gaming_hardware,2025-01-28T22:11:30,2025-01-28T22:17:02,11,183.1
SESS004861,U000381,backend_cloud,2025-01-05T13:50:15,2025-01-05T13:51:50,3,70.1
SESS004862,U000381,dsa_java_interview,2025-01-15T05:09:50,2025-01-15T05:14:03,8,185.8
SESS004863,U000381,dsa_java_interview,2025-05-21T23:46:56,2025-05-21T23:49:47,5,118.3
SESS004864,U000381,mixed_scroll,2025-06-03T21:57:03,2025-06-03T21:59:15,6,85.6
SESS004865,U000381,dsa_java_interview,2025-09-05T01:39:51,2025-09-05T01:43:44,5,169.5
SESS004866,U000381,entertainment_heavy,2025-10-25T07:27:59,2025-10-25T07:33:22,9,243.7
SESS004867,U000382,dsa_java_interview,2025-07-17T17:12:18,2025-07-17T17:14:10,3,66.0
SESS004868,U000382,backend_cloud,2025-08-04T03:53:01,2025-08-04T03:54:59,4,73.1
SESS004869,U000382,backend_cloud,2025-05-21T18:21:11,2025-05-21T18:25:43,8,195.3
SESS004870,U000382,backend_cloud,2025-08-10T10:39:36,2025-08-10T10:44:19,9,187.9
SESS004871,U000382,cybersecurity,2025-05-27T02:48:12,2025-05-27T02:50:48,5,105.8
SESS004872,U000383,backend_cloud,2025-06-01T16:46:59,2025-06-01T16:50:37,9,155.9
SESS004873,U000383,ai_python,2025-01-04T17:27:21,2025-01-04T17:31:16,6,162.0
SESS004874,U000383,ai_python,2025-05-20T09:16:55,2025-05-20T09:21:41,8,203.5
SESS004875,U000383,cybersecurity,2025-07-08T11:05:00,2025-07-08T11:06:10,3,47.2
SESS004876,U000383,gaming_hardware,2025-03-27T04:38:39,2025-03-27T04:41:06,4,105.8
SESS004877,U000383,mixed_scroll,2025-04-20T02:10:03,2025-04-20T02:13:32,8,112.3
SESS004878,U000384,backend_cloud,2025-11-25T09:02:35,2025-11-25T09:08:59,11,281.4
SESS004879,U000384,mixed_scroll,2025-05-05T05:36:17,2025-05-05T05:41:19,10,199.8
SESS004880,U000384,entertainment_heavy,2025-06-10T05:08:40,2025-06-10T05:13:34,8,197.9
SESS004881,U000384,mixed_scroll,2025-07-27T06:57:47,2025-07-27T07:01:48,7,177.4
SESS004882,U000385,ai_python,2025-03-24T18:41:35,2025-03-24T18:45:54,10,191.4
SESS004883,U000385,backend_cloud,2025-04-21T19:23:00,2025-04-21T19:24:03,3,38.1
SESS004884,U000385,gaming_hardware,2025-06-03T12:25:39,2025-06-03T12:27:28,5,81.4
SESS004885,U000385,backend_cloud,2025-05-14T10:16:17,2025-05-14T10:17:21,3,27.5
SESS004886,U000385,backend_cloud,2025-03-15T21:38:19,2025-03-15T21:39:59,3,80.8
SESS004887,U000385,ai_python,2025-10-02T18:33:02,2025-10-02T18:35:08,4,84.0
SESS004888,U000386,dsa_java_interview,2025-05-27T12:17:26,2025-05-27T12:22:39,11,187.0
SESS004889,U000386,dsa_java_interview,2025-07-05T07:28:36,2025-07-05T07:30:59,6,101.7
SESS004890,U000386,ai_python,2025-10-04T16:57:18,2025-10-04T17:02:26,11,222.5
SESS004891,U000386,dsa_java_interview,2025-11-18T16:53:06,2025-11-18T16:57:22,5,194.2
SESS004892,U000387,cybersecurity,2025-05-08T22:42:04,2025-05-08T22:45:29,7,122.0
SESS004893,U000387,backend_cloud,2025-09-11T07:55:25,2025-09-11T08:01:27,9,248.8
SESS004894,U000387,ai_python,2025-07-25T23:48:02,2025-07-25T23:51:10,7,114.9
SESS004895,U000387,mixed_scroll,2025-03-02T22:45:56,2025-03-02T22:49:54,8,155.5
SESS004896,U000387,gaming_hardware,2025-02-19T14:46:01,2025-02-19T14:50:34,10,192.1
SESS004897,U000387,entertainment_heavy,2025-03-26T01:10:40,2025-03-26T01:14:04,6,127.4
SESS004898,U000388,cybersecurity,2025-11-06T06:02:35,2025-11-06T06:05:46,4,144.1
SESS004899,U000388,mixed_scroll,2025-07-28T19:43:30,2025-07-28T19:49:27,11,242.8
SESS004900,U000388,cybersecurity,2025-04-07T08:45:40,2025-04-07T08:47:55,6,100.8
SESS004901,U000388,entertainment_heavy,2025-02-22T17:29:23,2025-02-22T17:34:52,7,242.0
SESS004902,U000388,entertainment_heavy,2025-06-30T21:24:34,2025-06-30T21:27:15,7,127.9
SESS004903,U000389,backend_cloud,2025-04-20T21:15:29,2025-04-20T21:20:41,9,235.6
SESS004904,U000389,entertainment_heavy,2025-03-05T05:56:55,2025-03-05T05:58:50,4,64.3
SESS004905,U000389,ai_python,2025-04-07T07:25:52,2025-04-07T07:34:26,12,338.5
SESS004906,U000389,backend_cloud,2025-10-22T04:37:13,2025-10-22T04:39:16,4,81.4
SESS004907,U000390,mixed_scroll,2025-01-12T12:25:13,2025-01-12T12:29:26,10,145.0
SESS004908,U000390,mixed_scroll,2025-09-19T04:13:35,2025-09-19T04:19:39,9,279.7
SESS004909,U000390,backend_cloud,2025-09-04T17:33:57,2025-09-04T17:38:35,8,198.1
SESS004910,U000390,dsa_java_interview,2025-01-26T14:39:06,2025-01-26T14:42:02,5,140.1
SESS004911,U000391,gaming_hardware,2025-09-20T14:42:25,2025-09-20T14:43:35,3,38.0
SESS004912,U000391,dsa_java_interview,2025-10-03T16:33:03,2025-10-03T16:36:39,7,146.1
SESS004913,U000391,mixed_scroll,2025-06-18T14:12:47,2025-06-18T14:16:29,7,103.7
SESS004914,U000391,mixed_scroll,2025-08-11T03:06:11,2025-08-11T03:07:54,3,59.9
SESS004915,U000391,gaming_hardware,2025-09-29T10:39:54,2025-09-29T10:41:31,4,64.7
SESS004916,U000392,backend_cloud,2025-05-28T20:55:01,2025-05-28T21:00:14,11,202.2
SESS004917,U000392,ai_python,2025-10-29T18:36:37,2025-10-29T18:38:08,5,48.6
SESS004918,U000392,dsa_java_interview,2025-11-28T20:45:15,2025-11-28T20:47:33,5,89.7
SESS004919,U000393,cybersecurity,2025-04-15T15:24:18,2025-04-15T15:29:02,8,180.1
SESS004920,U000393,entertainment_heavy,2025-05-10T15:31:44,2025-05-10T15:33:29,3,57.8
SESS004921,U000393,cybersecurity,2025-09-08T10:38:48,2025-09-08T10:46:02,12,313.4
SESS004922,U000393,ai_python,2025-01-15T23:07:03,2025-01-15T23:08:31,4,63.5
SESS004923,U000393,backend_cloud,2025-10-04T21:21:37,2025-10-04T21:23:55,5,77.7
SESS004924,U000393,gaming_hardware,2025-06-05T20:13:50,2025-06-05T20:18:14,9,173.5
SESS004925,U000394,backend_cloud,2025-03-19T15:58:43,2025-03-19T16:04:23,11,213.1
SESS004926,U000394,mixed_scroll,2025-04-12T08:01:53,2025-04-12T08:04:23,5,79.2
SESS004927,U000394,entertainment_heavy,2025-02-01T18:50:26,2025-02-01T18:54:22,8,160.5
SESS004928,U000394,gaming_hardware,2025-01-09T17:37:35,2025-01-09T17:38:32,3,31.3
SESS004929,U000394,cybersecurity,2025-03-13T10:32:16,2025-03-13T10:35:28,5,133.6
SESS004930,U000395,backend_cloud,2025-09-07T17:16:41,2025-09-07T17:18:27,4,51.8
SESS004931,U000395,entertainment_heavy,2025-03-03T14:42:37,2025-03-03T14:47:28,11,201.8
SESS004932,U000395,ai_python,2025-03-22T13:58:33,2025-03-22T13:59:55,4,43.9
SESS004933,U000396,entertainment_heavy,2025-07-10T21:33:29,2025-07-10T21:38:42,9,196.3
SESS004934,U000396,gaming_hardware,2025-03-02T00:20:37,2025-03-02T00:23:43,8,122.3
SESS004935,U000396,entertainment_heavy,2025-05-14T11:33:14,2025-05-14T11:34:47,4,61.0
SESS004936,U000396,mixed_scroll,2025-07-08T04:51:13,2025-07-08T04:53:01,3,64.6
SESS004937,U000396,mixed_scroll,2025-07-02T14:29:23,2025-07-02T14:34:02,10,185.5
SESS004938,U000396,cybersecurity,2025-01-04T00:08:23,2025-01-04T00:10:58,6,92.6
SESS004939,U000396,entertainment_heavy,2025-10-19T06:05:36,2025-10-19T06:08:00,4,92.6
SESS004940,U000396,backend_cloud,2025-07-12T23:22:38,2025-07-12T23:25:00,5,91.1
SESS004941,U000397,ai_python,2025-10-10T05:34:18,2025-10-10T05:38:08,7,149.0
SESS004942,U000397,mixed_scroll,2025-08-01T10:02:45,2025-08-01T10:05:42,7,120.0
SESS004943,U000397,dsa_java_interview,2025-08-19T01:33:51,2025-08-19T01:35:16,4,28.0
SESS004944,U000398,dsa_java_interview,2025-04-21T14:37:58,2025-04-21T14:40:12,6,87.5
SESS004945,U000398,backend_cloud,2025-10-22T01:45:44,2025-10-22T01:47:20,4,54.9
SESS004946,U000398,backend_cloud,2025-02-10T20:17:16,2025-02-10T20:22:47,9,235.3
SESS004947,U000398,dsa_java_interview,2025-09-06T01:29:49,2025-09-06T01:34:44,9,209.2
SESS004948,U000398,entertainment_heavy,2025-08-09T16:36:24,2025-08-09T16:39:03,5,103.8
SESS004949,U000398,entertainment_heavy,2025-06-30T03:18:10,2025-06-30T03:20:06,3,90.0
SESS004950,U000398,mixed_scroll,2025-11-14T10:30:26,2025-11-14T10:36:07,12,250.0
SESS004951,U000398,backend_cloud,2025-08-21T11:22:26,2025-08-21T11:27:29,11,201.4
SESS004952,U000399,gaming_hardware,2025-03-24T21:21:18,2025-03-24T21:26:06,7,200.4
SESS004953,U000399,mixed_scroll,2025-10-12T14:37:44,2025-10-12T14:42:15,7,208.9
SESS004954,U000399,backend_cloud,2025-08-30T18:08:03,2025-08-30T18:11:04,6,136.1
SESS004955,U000399,dsa_java_interview,2025-02-20T10:18:58,2025-02-20T10:22:52,6,173.3
SESS004956,U000400,mixed_scroll,2025-05-01T22:26:14,2025-05-01T22:31:05,9,190.8
SESS004957,U000400,gaming_hardware,2025-11-07T09:23:08,2025-11-07T09:24:08,3,32.7
SESS004958,U000400,entertainment_heavy,2025-06-07T10:58:55,2025-06-07T11:04:10,11,193.1
SESS004959,U000400,backend_cloud,2025-05-16T01:13:27,2025-05-16T01:15:52,4,100.1
SESS004960,U000400,backend_cloud,2025-04-06T07:57:11,2025-04-06T08:02:05,10,202.3
SESS004961,U000400,ai_python,2025-07-23T16:42:22,2025-07-23T16:43:41,3,61.7
SESS004962,U000401,mixed_scroll,2025-09-04T04:27:50,2025-09-04T04:34:41,11,277.1
SESS004963,U000401,dsa_java_interview,2025-05-11T11:52:44,2025-05-11T11:59:14,12,274.3
SESS004964,U000401,cybersecurity,2025-06-28T00:05:41,2025-06-28T00:07:03,4,32.3
SESS004965,U000401,mixed_scroll,2025-09-21T00:47:41,2025-09-21T00:50:45,7,103.6
SESS004966,U000401,dsa_java_interview,2025-09-07T08:32:46,2025-09-07T08:38:22,11,206.2
SESS004967,U000401,dsa_java_interview,2025-07-24T07:33:53,2025-07-24T07:37:42,8,138.5
SESS004968,U000401,gaming_hardware,2025-03-23T18:25:16,2025-03-23T18:30:34,12,198.4
SESS004969,U000401,backend_cloud,2025-01-02T13:04:47,2025-01-02T13:08:58,10,154.2
SESS004970,U000402,gaming_hardware,2025-06-22T11:28:20,2025-06-22T11:31:00,5,107.6
SESS004971,U000402,ai_python,2025-05-27T01:08:32,2025-05-27T01:15:25,12,269.6
SESS004972,U000402,entertainment_heavy,2025-05-21T15:07:59,2025-05-21T15:11:45,6,157.4
SESS004973,U000403,gaming_hardware,2025-07-04T15:20:58,2025-07-04T15:23:59,6,117.7
SESS004974,U000403,dsa_java_interview,2025-10-16T05:30:52,2025-10-16T05:34:53,8,180.6
SESS004975,U000403,entertainment_heavy,2025-03-10T00:56:16,2025-03-10T01:03:25,11,309.4
SESS004976,U000403,ai_python,2025-08-01T10:40:27,2025-08-01T10:45:20,11,171.8
SESS004977,U000403,gaming_hardware,2025-06-17T15:05:51,2025-06-17T15:10:43,8,222.8
SESS004978,U000403,dsa_java_interview,2025-10-13T06:53:46,2025-10-13T06:56:53,4,138.7
SESS004979,U000403,cybersecurity,2025-06-06T08:36:03,2025-06-06T08:42:56,11,293.6
SESS004980,U000403,mixed_scroll,2025-09-28T15:05:14,2025-09-28T15:11:21,10,237.4
SESS004981,U000404,backend_cloud,2025-05-07T09:14:13,2025-05-07T09:16:29,5,82.9
SESS004982,U000404,gaming_hardware,2025-03-11T04:57:30,2025-03-11T05:02:03,7,196.1
SESS004983,U000404,mixed_scroll,2025-04-11T21:02:55,2025-04-11T21:04:27,3,63.2
SESS004984,U000404,ai_python,2025-02-27T16:28:47,2025-02-27T16:31:28,5,102.8
SESS004985,U000405,gaming_hardware,2025-04-20T11:22:03,2025-04-20T11:26:52,9,203.5
SESS004986,U000405,mixed_scroll,2025-05-04T12:52:39,2025-05-04T12:57:35,9,204.1
SESS004987,U000405,cybersecurity,2025-11-08T21:48:18,2025-11-08T21:56:08,12,327.1
SESS004988,U000405,mixed_scroll,2025-08-07T01:58:00,2025-08-07T02:04:37,12,277.3
SESS004989,U000405,ai_python,2025-03-23T21:19:25,2025-03-23T21:24:36,12,197.8
SESS004990,U000405,entertainment_heavy,2025-06-21T19:37:24,2025-06-21T19:42:06,9,203.8
SESS004991,U000405,ai_python,2025-11-29T13:11:56,2025-11-29T13:14:47,4,132.3
SESS004992,U000405,ai_python,2025-07-04T20:17:12,2025-07-04T20:24:35,11,304.9
SESS004993,U000406,mixed_scroll,2025-10-05T16:42:40,2025-10-05T16:47:17,11,186.4
SESS004994,U000406,ai_python,2025-05-10T05:50:13,2025-05-10T05:55:40,12,220.4
SESS004995,U000406,entertainment_heavy,2025-03-12T23:37:52,2025-03-12T23:42:33,9,181.9
SESS004996,U000406,dsa_java_interview,2025-09-02T05:37:08,2025-09-02T05:40:57,8,151.1
SESS004997,U000406,backend_cloud,2025-01-03T04:51:22,2025-01-03T04:57:21,10,225.0
SESS004998,U000407,entertainment_heavy,2025-01-23T06:40:45,2025-01-23T06:46:24,12,224.0
SESS004999,U000407,cybersecurity,2025-01-07T19:55:43,2025-01-07T20:01:31,10,259.9
SESS005000,U000407,backend_cloud,2025-01-07T20:37:42,2025-01-07T20:41:40,6,183.5
SESS005001,U000408,backend_cloud,2025-05-26T12:10:41,2025-05-26T12:13:41,6,140.4
SESS005002,U000408,entertainment_heavy,2025-04-16T03:48:51,2025-04-16T03:54:19,10,189.3
SESS005003,U000408,entertainment_heavy,2025-07-09T21:28:53,2025-07-09T21:31:51,5,124.1
SESS005004,U000408,cybersecurity,2025-10-06T21:05:30,2025-10-06T21:09:34,8,178.5
SESS005005,U000408,backend_cloud,2025-09-09T15:12:12,2025-09-09T15:17:49,10,218.7
SESS005006,U000408,ai_python,2025-01-30T23:02:05,2025-01-30T23:04:44,6,75.5
SESS005007,U000408,entertainment_heavy,2025-11-10T09:14:41,2025-11-10T09:21:31,11,276.5
SESS005008,U000409,gaming_hardware,2025-05-26T16:25:24,2025-05-26T16:31:17,11,262.8
SESS005009,U000409,entertainment_heavy,2025-01-17T12:40:24,2025-01-17T12:42:08,3,57.0
SESS005010,U000409,cybersecurity,2025-04-28T12:31:51,2025-04-28T12:35:47,7,165.8
SESS005011,U000409,entertainment_heavy,2025-11-24T20:30:11,2025-11-24T20:36:10,10,235.3
SESS005012,U000409,entertainment_heavy,2025-07-20T23:36:45,2025-07-20T23:42:19,9,224.4
SESS005013,U000410,dsa_java_interview,2025-03-03T07:15:34,2025-03-03T07:17:43,4,82.8
SESS005014,U000410,backend_cloud,2025-05-10T20:00:17,2025-05-10T20:04:19,7,169.3
SESS005015,U000410,mixed_scroll,2025-04-04T16:30:30,2025-04-04T16:34:35,11,130.6
SESS005016,U000410,ai_python,2025-01-31T14:38:06,2025-01-31T14:43:35,10,206.1
SESS005017,U000410,cybersecurity,2025-09-24T17:55:20,2025-09-24T17:55:59,3,21.9
SESS005018,U000410,dsa_java_interview,2025-09-11T11:01:20,2025-09-11T11:04:14,5,111.9
SESS005019,U000410,mixed_scroll,2025-04-11T06:20:06,2025-04-11T06:23:37,6,151.9
SESS005020,U000411,ai_python,2025-08-16T09:49:54,2025-08-16T09:52:57,5,113.9
SESS005021,U000411,gaming_hardware,2025-04-25T05:28:15,2025-04-25T05:33:28,10,191.3
SESS005022,U000411,mixed_scroll,2025-03-10T02:38:22,2025-03-10T02:40:32,5,75.3
SESS005023,U000412,backend_cloud,2025-06-15T06:21:29,2025-06-15T06:22:56,3,52.3
SESS005024,U000412,entertainment_heavy,2025-11-18T23:22:14,2025-11-18T23:24:51,5,127.6
SESS005025,U000412,ai_python,2025-07-19T23:58:24,2025-07-20T00:03:44,11,213.5
SESS005026,U000412,mixed_scroll,2025-05-13T06:17:26,2025-05-13T06:22:47,12,203.6
SESS005027,U000413,mixed_scroll,2025-09-27T07:02:29,2025-09-27T07:07:47,12,193.0
SESS005028,U000413,dsa_java_interview,2025-03-06T11:41:30,2025-03-06T11:42:48,4,41.4
SESS005029,U000413,gaming_hardware,2025-03-18T11:31:17,2025-03-18T11:33:17,5,95.6
SESS005030,U000413,cybersecurity,2025-08-16T00:09:11,2025-08-16T00:12:16,6,136.1
SESS005031,U000413,cybersecurity,2025-05-22T02:08:58,2025-05-22T02:13:03,8,181.9
SESS005032,U000414,ai_python,2025-03-30T00:56:00,2025-03-30T00:59:19,6,151.3
SESS005033,U000414,dsa_java_interview,2025-03-21T02:01:37,2025-03-21T02:06:31,9,209.5
SESS005034,U000414,gaming_hardware,2025-07-06T12:01:14,2025-07-06T12:03:54,6,89.8
SESS005035,U000415,cybersecurity,2025-01-04T10:52:42,2025-01-04T10:59:54,11,286.9
SESS005036,U000415,ai_python,2025-04-14T00:24:29,2025-04-14T00:26:50,5,116.1
SESS005037,U000415,gaming_hardware,2025-05-21T00:58:27,2025-05-21T01:05:12,12,255.7
SESS005038,U000415,backend_cloud,2025-09-28T22:12:33,2025-09-28T22:17:10,9,156.0
SESS005039,U000415,dsa_java_interview,2025-09-02T09:22:48,2025-09-02T09:28:11,10,219.5
SESS005040,U000416,mixed_scroll,2025-01-21T11:50:26,2025-01-21T11:52:02,3,71.3
SESS005041,U000416,ai_python,2025-08-11T03:47:48,2025-08-11T03:51:02,6,102.4
SESS005042,U000416,cybersecurity,2025-11-30T22:42:47,2025-11-30T22:49:09,11,256.7
SESS005043,U000416,cybersecurity,2025-05-03T12:02:16,2025-05-03T12:07:45,9,216.8
SESS005044,U000416,entertainment_heavy,2025-02-13T11:37:12,2025-02-13T11:40:46,8,113.3
SESS005045,U000416,backend_cloud,2025-06-27T06:42:33,2025-06-27T06:45:26,6,106.9
SESS005046,U000416,dsa_java_interview,2025-08-20T09:09:45,2025-08-20T09:16:37,12,288.1
SESS005047,U000417,dsa_java_interview,2025-11-03T11:21:09,2025-11-03T11:27:20,12,247.7
SESS005048,U000417,entertainment_heavy,2025-02-17T09:51:12,2025-02-17T09:58:05,10,277.5
SESS005049,U000417,dsa_java_interview,2025-08-12T22:01:38,2025-08-12T22:04:58,4,149.2
SESS005050,U000417,ai_python,2025-11-27T23:52:58,2025-11-27T23:56:58,7,167.3
SESS005051,U000417,dsa_java_interview,2025-07-09T06:46:17,2025-07-09T06:49:55,7,153.5
SESS005052,U000417,entertainment_heavy,2025-09-07T13:54:55,2025-09-07T13:56:45,4,79.7
SESS005053,U000417,dsa_java_interview,2025-11-20T03:26:27,2025-11-20T03:31:24,8,219.3
SESS005054,U000417,dsa_java_interview,2025-10-07T21:05:09,2025-10-07T21:07:14,4,84.1
SESS005055,U000418,backend_cloud,2025-10-31T15:51:24,2025-10-31T15:53:35,3,109.7
SESS005056,U000418,gaming_hardware,2025-10-28T06:07:58,2025-10-28T06:10:10,3,86.7
SESS005057,U000418,entertainment_heavy,2025-01-28T00:19:49,2025-01-28T00:21:50,4,59.3
SESS005058,U000418,dsa_java_interview,2025-11-19T06:08:25,2025-11-19T06:14:19,12,266.2
SESS005059,U000419,gaming_hardware,2025-07-25T15:21:08,2025-07-25T15:23:44,4,115.5
SESS005060,U000419,mixed_scroll,2025-07-20T05:47:21,2025-07-20T05:52:46,12,224.1
SESS005061,U000419,mixed_scroll,2025-02-04T02:00:28,2025-02-04T02:06:14,11,241.7
SESS005062,U000419,backend_cloud,2025-07-10T03:44:45,2025-07-10T03:46:06,3,57.3
SESS005063,U000420,entertainment_heavy,2025-07-07T15:11:30,2025-07-07T15:13:46,6,87.0
SESS005064,U000420,gaming_hardware,2025-08-15T14:40:42,2025-08-15T14:41:59,3,46.2
SESS005065,U000420,backend_cloud,2025-06-15T18:34:56,2025-06-15T18:41:29,11,290.7
SESS005066,U000420,gaming_hardware,2025-10-31T08:21:15,2025-10-31T08:27:35,11,269.4
SESS005067,U000420,cybersecurity,2025-04-26T16:38:52,2025-04-26T16:42:11,7,137.1
SESS005068,U000421,ai_python,2025-06-28T11:25:31,2025-06-28T11:27:51,4,72.6
SESS005069,U000421,mixed_scroll,2025-03-25T17:38:53,2025-03-25T17:40:38,4,57.8
SESS005070,U000421,entertainment_heavy,2025-06-29T20:07:06,2025-06-29T20:10:14,5,118.0
SESS005071,U000421,backend_cloud,2025-11-05T08:36:45,2025-11-05T08:42:16,10,242.7
SESS005072,U000422,entertainment_heavy,2025-01-04T13:04:17,2025-01-04T13:11:16,8,300.4
SESS005073,U000422,dsa_java_interview,2025-08-12T19:59:31,2025-08-12T20:04:17,8,219.2
SESS005074,U000422,gaming_hardware,2025-01-18T17:32:55,2025-01-18T17:36:57,8,131.8
SESS005075,U000422,dsa_java_interview,2025-04-26T09:01:45,2025-04-26T09:04:12,5,94.5
SESS005076,U000422,entertainment_heavy,2025-03-14T19:35:32,2025-03-14T19:36:44,3,31.0
SESS005077,U000422,dsa_java_interview,2025-08-21T18:27:20,2025-08-21T18:30:11,4,139.9
SESS005078,U000423,dsa_java_interview,2025-10-26T01:29:08,2025-10-26T01:34:41,12,244.0
SESS005079,U000423,ai_python,2025-11-18T22:01:12,2025-11-18T22:04:07,4,149.4
SESS005080,U000423,ai_python,2025-06-24T12:08:23,2025-06-24T12:13:35,7,218.3
SESS005081,U000424,gaming_hardware,2025-04-02T18:30:00,2025-04-02T18:30:56,3,40.2
SESS005082,U000424,entertainment_heavy,2025-02-16T18:53:05,2025-02-16T18:59:56,12,298.1
SESS005083,U000424,gaming_hardware,2025-10-08T00:21:20,2025-10-08T00:23:22,4,74.8
SESS005084,U000424,ai_python,2025-07-09T06:55:33,2025-07-09T06:59:41,8,179.8
SESS005085,U000424,dsa_java_interview,2025-09-28T20:26:12,2025-09-28T20:30:54,9,193.4
SESS005086,U000424,dsa_java_interview,2025-04-01T07:44:07,2025-04-01T07:45:21,3,47.6
SESS005087,U000424,mixed_scroll,2025-09-01T23:45:59,2025-09-01T23:50:04,8,163.0
SESS005088,U000425,entertainment_heavy,2025-02-18T06:26:59,2025-02-18T06:32:52,12,229.6
SESS005089,U000425,mixed_scroll,2025-05-07T19:32:46,2025-05-07T19:38:48,11,273.3
SESS005090,U000425,gaming_hardware,2025-06-04T13:59:10,2025-06-04T14:03:12,6,170.9
SESS005091,U000425,mixed_scroll,2025-03-06T16:15:19,2025-03-06T16:21:43,12,227.3
SESS005092,U000425,ai_python,2025-11-05T15:18:27,2025-11-05T15:22:22,8,151.3
SESS005093,U000426,cybersecurity,2025-11-19T21:36:25,2025-11-19T21:42:03,9,238.5
SESS005094,U000426,ai_python,2025-08-06T05:07:10,2025-08-06T05:11:47,8,193.8
SESS005095,U000426,dsa_java_interview,2025-04-03T07:22:49,2025-04-03T07:25:58,8,114.6
SESS005096,U000426,ai_python,2025-02-26T02:36:01,2025-02-26T02:40:55,10,204.4
SESS005097,U000426,mixed_scroll,2025-04-01T13:02:29,2025-04-01T13:09:26,11,290.2
SESS005098,U000427,entertainment_heavy,2025-03-06T06:10:18,2025-03-06T06:16:32,12,216.2
SESS005099,U000427,mixed_scroll,2025-07-07T07:18:14,2025-07-07T07:22:00,7,149.5
SESS005100,U000427,mixed_scroll,2025-05-28T18:57:00,2025-05-28T18:58:57,5,49.3
SESS005101,U000427,mixed_scroll,2025-10-29T09:36:21,2025-10-29T09:41:33,12,217.3
SESS005102,U000428,cybersecurity,2025-05-11T13:50:14,2025-05-11T13:54:58,9,179.9
SESS005103,U000428,ai_python,2025-09-02T05:18:01,2025-09-02T05:20:29,4,98.8
SESS005104,U000428,gaming_hardware,2025-04-19T03:52:16,2025-04-19T03:55:51,11,94.9
SESS005105,U000429,cybersecurity,2025-03-19T03:32:26,2025-03-19T03:36:02,9,140.1
SESS005106,U000429,backend_cloud,2025-09-25T15:16:13,2025-09-25T15:21:46,9,248.0
SESS005107,U000429,entertainment_heavy,2025-09-12T03:23:26,2025-09-12T03:28:02,9,176.6
SESS005108,U000429,dsa_java_interview,2025-05-18T11:53:05,2025-05-18T11:55:51,5,134.7
SESS005109,U000429,dsa_java_interview,2025-07-09T09:19:25,2025-07-09T09:24:55,8,242.2
SESS005110,U000429,entertainment_heavy,2025-04-01T23:05:46,2025-04-01T23:13:21,10,337.2
SESS005111,U000429,entertainment_heavy,2025-03-11T23:46:31,2025-03-11T23:49:56,5,150.4
SESS005112,U000429,dsa_java_interview,2025-07-26T04:41:09,2025-07-26T04:46:03,8,235.2
SESS005113,U000430,mixed_scroll,2025-02-18T04:41:39,2025-02-18T04:46:57,9,191.2
SESS005114,U000430,backend_cloud,2025-03-04T11:23:04,2025-03-04T11:26:52,5,155.1
SESS005115,U000430,ai_python,2025-04-07T17:55:00,2025-04-07T17:58:03,6,113.9
SESS005116,U000430,gaming_hardware,2025-05-02T10:59:04,2025-05-02T11:03:15,10,174.8
SESS005117,U000430,dsa_java_interview,2025-08-03T02:05:30,2025-08-03T02:11:28,11,259.8
SESS005118,U000431,dsa_java_interview,2025-08-31T22:11:13,2025-08-31T22:14:50,8,111.9
SESS005119,U000431,backend_cloud,2025-03-18T11:12:51,2025-03-18T11:15:46,5,130.7
SESS005120,U000431,mixed_scroll,2025-08-07T03:31:12,2025-08-07T03:33:24,7,81.4
SESS005121,U000431,ai_python,2025-07-05T18:57:05,2025-07-05T19:02:02,11,178.2
SESS005122,U000431,gaming_hardware,2025-09-27T18:59:51,2025-09-27T19:06:57,12,324.0
SESS005123,U000431,mixed_scroll,2025-10-06T23:44:51,2025-10-06T23:46:02,3,56.5
SESS005124,U000431,dsa_java_interview,2025-03-05T14:14:37,2025-03-05T14:16:11,4,62.8
SESS005125,U000432,backend_cloud,2025-02-17T17:37:21,2025-02-17T17:40:51,4,166.4
SESS005126,U000432,backend_cloud,2025-09-21T23:41:09,2025-09-21T23:45:13,7,164.0
SESS005127,U000432,mixed_scroll,2025-01-31T06:23:45,2025-01-31T06:28:53,9,208.1
SESS005128,U000433,ai_python,2025-04-14T07:47:06,2025-04-14T07:53:49,12,274.8
SESS005129,U000433,gaming_hardware,2025-07-31T14:15:12,2025-07-31T14:21:48,11,263.9
SESS005130,U000433,ai_python,2025-11-25T07:29:38,2025-11-25T07:30:48,5,34.2
SESS005131,U000434,ai_python,2025-02-07T23:22:42,2025-02-07T23:26:46,8,153.3
SESS005132,U000434,mixed_scroll,2025-01-29T15:04:27,2025-01-29T15:06:30,5,68.3
SESS005133,U000434,gaming_hardware,2025-11-06T03:24:02,2025-11-06T03:25:29,3,56.7
SESS005134,U000434,dsa_java_interview,2025-09-18T02:49:21,2025-09-18T02:51:53,6,109.7
SESS005135,U000434,ai_python,2025-05-29T21:13:12,2025-05-29T21:17:10,7,155.5
SESS005136,U000434,cybersecurity,2025-03-15T13:37:01,2025-03-15T13:38:53,4,73.6
SESS005137,U000434,ai_python,2025-01-17T13:00:11,2025-01-17T13:03:40,7,145.9
SESS005138,U000435,mixed_scroll,2025-11-12T06:57:00,2025-11-12T07:03:45,12,241.4
SESS005139,U000435,backend_cloud,2025-02-25T11:59:21,2025-02-25T12:04:41,11,220.0
SESS005140,U000435,dsa_java_interview,2025-08-11T23:00:54,2025-08-11T23:03:37,5,123.8
SESS005141,U000436,mixed_scroll,2025-04-13T14:28:39,2025-04-13T14:35:34,12,279.2
SESS005142,U000436,mixed_scroll,2025-03-19T07:46:13,2025-03-19T07:49:53,7,137.9
SESS005143,U000436,ai_python,2025-06-23T05:13:39,2025-06-23T05:17:13,5,156.4
SESS005144,U000436,gaming_hardware,2025-06-29T22:32:45,2025-06-29T22:34:54,3,98.3
SESS005145,U000436,backend_cloud,2025-09-14T22:52:25,2025-09-14T22:55:38,4,169.7
SESS005146,U000437,cybersecurity,2025-05-25T20:46:04,2025-05-25T20:52:06,12,202.3
SESS005147,U000437,gaming_hardware,2025-02-10T19:45:46,2025-02-10T19:47:42,4,78.3
SESS005148,U000437,dsa_java_interview,2025-07-30T20:45:56,2025-07-30T20:49:07,8,129.0
SESS005149,U000437,mixed_scroll,2025-02-22T04:38:12,2025-02-22T04:40:14,5,58.9
SESS005150,U000437,entertainment_heavy,2025-08-14T14:12:45,2025-08-14T14:15:51,7,128.9
SESS005151,U000437,ai_python,2025-07-07T17:01:59,2025-07-07T17:06:04,8,146.6
SESS005152,U000437,ai_python,2025-05-06T11:44:59,2025-05-06T11:47:24,6,102.0
SESS005153,U000437,ai_python,2025-06-26T12:55:17,2025-06-26T12:56:42,3,56.8
SESS005154,U000438,dsa_java_interview,2025-10-09T06:58:35,2025-10-09T07:02:14,9,149.2
SESS005155,U000438,mixed_scroll,2025-10-03T20:55:43,2025-10-03T21:02:02,12,257.7
SESS005156,U000438,ai_python,2025-06-25T15:42:26,2025-06-25T15:45:27,7,115.6
SESS005157,U000439,entertainment_heavy,2025-11-26T23:26:27,2025-11-26T23:29:00,5,106.2
SESS005158,U000439,mixed_scroll,2025-07-03T05:08:34,2025-07-03T05:12:36,9,190.5
SESS005159,U000439,gaming_hardware,2025-04-14T13:33:56,2025-04-14T13:36:23,6,100.8
SESS005160,U000439,gaming_hardware,2025-07-16T03:33:42,2025-07-16T03:37:27,7,127.9
SESS005161,U000439,mixed_scroll,2025-06-02T22:40:21,2025-06-02T22:46:32,11,241.2
SESS005162,U000439,gaming_hardware,2025-07-22T17:31:33,2025-07-22T17:36:42,9,236.2
SESS005163,U000439,gaming_hardware,2025-11-30T10:50:50,2025-11-30T10:52:22,4,66.8
SESS005164,U000440,ai_python,2025-06-06T18:00:41,2025-06-06T18:08:45,12,332.9
SESS005165,U000440,dsa_java_interview,2025-10-18T02:45:26,2025-10-18T02:49:19,7,170.7
SESS005166,U000440,dsa_java_interview,2025-05-26T03:11:03,2025-05-26T03:17:54,11,301.9
SESS005167,U000440,ai_python,2025-02-09T16:11:17,2025-02-09T16:17:54,11,298.7
SESS005168,U000440,entertainment_heavy,2025-06-05T01:34:49,2025-06-05T01:37:41,4,134.6
SESS005169,U000440,backend_cloud,2025-08-16T02:34:36,2025-08-16T02:38:12,7,128.8
SESS005170,U000441,backend_cloud,2025-05-04T04:28:53,2025-05-04T04:32:32,5,167.4
SESS005171,U000441,entertainment_heavy,2025-05-21T03:45:10,2025-05-21T03:51:46,12,288.3
SESS005172,U000441,gaming_hardware,2025-01-10T21:31:40,2025-01-10T21:33:43,4,68.5
SESS005173,U000441,backend_cloud,2025-01-13T02:27:31,2025-01-13T02:30:58,5,149.6
SESS005174,U000441,dsa_java_interview,2025-02-01T05:30:30,2025-02-01T05:35:40,10,202.7
SESS005175,U000442,entertainment_heavy,2025-02-14T21:39:21,2025-02-14T21:41:04,4,64.1
SESS005176,U000442,gaming_hardware,2025-06-16T05:28:47,2025-06-16T05:31:19,3,123.8
SESS005177,U000442,entertainment_heavy,2025-06-09T18:22:47,2025-06-09T18:28:44,9,240.8
SESS005178,U000442,gaming_hardware,2025-01-27T16:04:41,2025-01-27T16:06:48,5,76.9
SESS005179,U000442,backend_cloud,2025-07-06T15:21:59,2025-07-06T15:24:19,4,94.9
SESS005180,U000442,gaming_hardware,2025-04-30T02:44:48,2025-04-30T02:45:25,3,23.8
SESS005181,U000442,gaming_hardware,2025-06-11T20:26:40,2025-06-11T20:30:31,7,167.1
SESS005182,U000443,backend_cloud,2025-02-03T02:19:44,2025-02-03T02:24:26,9,193.4
SESS005183,U000443,mixed_scroll,2025-05-09T08:24:29,2025-05-09T08:26:19,4,58.8
SESS005184,U000443,ai_python,2025-11-10T21:55:16,2025-11-10T22:02:09,12,285.5
SESS005185,U000443,cybersecurity,2025-09-04T06:10:50,2025-09-04T06:15:42,11,193.6
SESS005186,U000444,gaming_hardware,2025-10-24T06:31:18,2025-10-24T06:35:49,8,201.8
SESS005187,U000444,mixed_scroll,2025-04-14T01:06:33,2025-04-14T01:09:11,6,90.1
SESS005188,U000444,gaming_hardware,2025-01-09T03:23:01,2025-01-09T03:28:41,8,249.5
SESS005189,U000444,dsa_java_interview,2025-01-25T22:39:33,2025-01-25T22:45:15,11,221.7
SESS005190,U000444,gaming_hardware,2025-10-19T23:39:47,2025-10-19T23:46:02,9,309.6
SESS005191,U000445,dsa_java_interview,2025-01-24T00:06:19,2025-01-24T00:11:47,9,220.6
SESS005192,U000445,cybersecurity,2025-03-29T15:27:43,2025-03-29T15:34:31,10,273.7
SESS005193,U000445,ai_python,2025-04-20T14:58:12,2025-04-20T14:59:29,3,62.0
SESS005194,U000445,backend_cloud,2025-06-05T20:09:07,2025-06-05T20:11:14,3,98.1
SESS005195,U000445,mixed_scroll,2025-07-17T08:47:13,2025-07-17T08:49:09,4,69.0
SESS005196,U000445,gaming_hardware,2025-10-07T12:46:06,2025-10-07T12:50:43,9,194.5
SESS005197,U000446,mixed_scroll,2025-03-23T03:08:34,2025-03-23T03:15:02,11,240.5
SESS005198,U000446,ai_python,2025-01-19T07:32:45,2025-01-19T07:37:43,10,199.4
SESS005199,U000446,entertainment_heavy,2025-01-08T13:39:57,2025-01-08T13:41:10,3,49.4
SESS005200,U000447,backend_cloud,2025-08-10T10:45:56,2025-08-10T10:47:33,4,55.9
SESS005201,U000447,mixed_scroll,2025-08-07T05:36:06,2025-08-07T05:37:36,3,59.2
SESS005202,U000447,entertainment_heavy,2025-11-17T06:48:16,2025-11-17T06:50:49,4,123.2
SESS005203,U000447,mixed_scroll,2025-04-19T00:11:12,2025-04-19T00:16:44,10,259.6
SESS005204,U000447,gaming_hardware,2025-08-22T17:23:33,2025-08-22T17:27:14,7,168.6
SESS005205,U000447,cybersecurity,2025-03-08T11:01:08,2025-03-08T11:07:21,10,266.9
SESS005206,U000447,mixed_scroll,2025-02-13T03:56:57,2025-02-13T04:03:18,12,272.0
SESS005207,U000447,mixed_scroll,2025-02-23T10:05:50,2025-02-23T10:10:06,8,180.1
SESS005208,U000448,dsa_java_interview,2025-09-30T21:28:29,2025-09-30T21:35:11,12,243.1
SESS005209,U000448,gaming_hardware,2025-02-11T14:00:34,2025-02-11T14:06:42,12,273.7
SESS005210,U000448,backend_cloud,2025-07-29T14:25:00,2025-07-29T14:27:24,5,94.1
SESS005211,U000448,cybersecurity,2025-02-09T19:57:58,2025-02-09T20:02:51,12,177.5
SESS005212,U000448,entertainment_heavy,2025-04-28T10:50:41,2025-04-28T10:52:55,5,95.8
SESS005213,U000448,cybersecurity,2025-01-12T05:43:36,2025-01-12T05:49:33,11,231.4
SESS005214,U000448,backend_cloud,2025-10-24T12:53:09,2025-10-24T12:53:54,3,26.4
SESS005215,U000448,backend_cloud,2025-03-16T03:33:18,2025-03-16T03:36:20,3,124.3
SESS005216,U000449,dsa_java_interview,2025-08-31T13:21:02,2025-08-31T13:26:59,9,213.3
SESS005217,U000449,ai_python,2025-01-27T02:19:53,2025-01-27T02:26:30,11,262.8
SESS005218,U000449,cybersecurity,2025-04-30T10:40:53,2025-04-30T10:44:25,6,136.6
SESS005219,U000449,mixed_scroll,2025-05-06T18:17:12,2025-05-06T18:21:41,9,150.0
SESS005220,U000449,dsa_java_interview,2025-05-09T19:26:24,2025-05-09T19:28:47,3,97.5
SESS005221,U000449,gaming_hardware,2025-02-23T13:10:05,2025-02-23T13:15:22,12,192.0
SESS005222,U000450,entertainment_heavy,2025-10-21T16:39:33,2025-10-21T16:41:17,4,61.8
SESS005223,U000450,dsa_java_interview,2025-03-23T21:13:20,2025-03-23T21:19:27,11,236.3
SESS005224,U000450,cybersecurity,2025-02-01T18:58:44,2025-02-01T19:03:11,10,167.4
SESS005225,U000450,gaming_hardware,2025-05-16T20:46:57,2025-05-16T20:49:47,4,118.1
SESS005226,U000450,backend_cloud,2025-06-04T20:43:04,2025-06-04T20:48:33,10,242.5
SESS005227,U000450,cybersecurity,2025-01-21T12:03:17,2025-01-21T12:08:52,11,250.6
SESS005228,U000450,cybersecurity,2025-06-16T06:54:40,2025-06-16T06:58:09,5,137.2
SESS005229,U000450,dsa_java_interview,2025-03-04T15:11:10,2025-03-04T15:15:52,9,175.8
SESS005230,U000451,ai_python,2025-03-19T08:23:35,2025-03-19T08:25:48,4,72.4
SESS005231,U000451,entertainment_heavy,2025-08-14T22:26:32,2025-08-14T22:29:30,6,123.6
SESS005232,U000451,cybersecurity,2025-05-18T09:10:53,2025-05-18T09:16:44,10,234.4
SESS005233,U000452,ai_python,2025-08-18T16:55:43,2025-08-18T16:59:08,7,148.2
SESS005234,U000452,ai_python,2025-06-11T14:15:07,2025-06-11T14:17:19,4,76.5
SESS005235,U000452,mixed_scroll,2025-02-06T11:09:42,2025-02-06T11:14:04,8,167.4
SESS005236,U000452,entertainment_heavy,2025-05-01T14:00:05,2025-05-01T14:04:48,10,194.8
SESS005237,U000452,dsa_java_interview,2025-09-10T18:28:22,2025-09-10T18:30:21,3,68.1
SESS005238,U000452,mixed_scroll,2025-10-17T21:49:42,2025-10-17T21:51:25,3,72.2
SESS005239,U000453,entertainment_heavy,2025-05-12T16:40:50,2025-05-12T16:43:27,5,89.1
SESS005240,U000453,entertainment_heavy,2025-06-30T03:49:10,2025-06-30T03:51:54,6,102.1
SESS005241,U000453,mixed_scroll,2025-07-27T04:46:20,2025-07-27T04:50:54,9,188.8
SESS005242,U000453,ai_python,2025-07-30T16:01:56,2025-07-30T16:08:23,12,259.3
SESS005243,U000453,ai_python,2025-11-13T20:26:44,2025-11-13T20:32:02,11,181.5
SESS005244,U000453,backend_cloud,2025-11-27T11:44:32,2025-11-27T11:49:18,11,169.1
SESS005245,U000453,mixed_scroll,2025-06-06T07:05:15,2025-06-06T07:06:55,3,71.4
SESS005246,U000454,entertainment_heavy,2025-06-23T02:24:27,2025-06-23T02:27:49,5,139.7
SESS005247,U000454,cybersecurity,2025-08-16T18:44:40,2025-08-16T18:45:37,3,44.2
SESS005248,U000454,cybersecurity,2025-04-18T03:36:38,2025-04-18T03:42:32,10,276.8
SESS005249,U000454,entertainment_heavy,2025-01-22T06:18:46,2025-01-22T06:22:19,7,159.7
SESS005250,U000454,dsa_java_interview,2025-07-10T17:49:33,2025-07-10T17:54:16,8,206.0
SESS005251,U000454,dsa_java_interview,2025-04-26T15:39:42,2025-04-26T15:45:28,9,246.3
SESS005252,U000455,gaming_hardware,2025-02-18T19:47:51,2025-02-18T19:49:47,4,71.6
SESS005253,U000455,mixed_scroll,2025-08-29T10:20:06,2025-08-29T10:21:48,6,40.5
SESS005254,U000455,ai_python,2025-07-02T17:24:34,2025-07-02T17:26:00,3,55.4
SESS005255,U000455,gaming_hardware,2025-06-17T14:40:07,2025-06-17T14:46:11,12,236.7
SESS005256,U000455,cybersecurity,2025-03-04T16:22:18,2025-03-04T16:24:01,3,50.2
SESS005257,U000455,gaming_hardware,2025-07-17T14:53:30,2025-07-17T14:55:28,3,75.7
SESS005258,U000455,entertainment_heavy,2025-05-05T19:52:17,2025-05-05T19:55:14,6,112.7
SESS005259,U000455,mixed_scroll,2025-07-16T01:30:31,2025-07-16T01:35:33,11,196.4
SESS005260,U000456,cybersecurity,2025-11-02T13:41:47,2025-11-02T13:43:00,3,50.2
SESS005261,U000456,entertainment_heavy,2025-04-10T10:17:34,2025-04-10T10:21:46,8,141.8
SESS005262,U000456,mixed_scroll,2025-11-19T07:43:01,2025-11-19T07:46:38,7,142.9
SESS005263,U000456,dsa_java_interview,2025-05-01T14:35:08,2025-05-01T14:40:34,9,220.2
SESS005264,U000456,backend_cloud,2025-02-22T07:20:32,2025-02-22T07:24:18,9,154.4
SESS005265,U000456,entertainment_heavy,2025-08-27T22:32:52,2025-08-27T22:36:19,6,141.2
SESS005266,U000456,dsa_java_interview,2025-09-02T16:05:51,2025-09-02T16:11:52,10,257.5
SESS005267,U000457,mixed_scroll,2025-10-16T15:49:54,2025-10-16T15:52:29,4,125.0
SESS005268,U000457,ai_python,2025-06-18T13:27:27,2025-06-18T13:32:03,10,169.7
SESS005269,U000457,backend_cloud,2025-06-29T14:51:15,2025-06-29T14:54:51,8,143.0
SESS005270,U000458,entertainment_heavy,2025-10-15T06:56:01,2025-10-15T07:01:24,12,216.1
SESS005271,U000458,cybersecurity,2025-04-27T04:46:43,2025-04-27T04:52:52,11,221.8
SESS005272,U000458,ai_python,2025-06-28T00:53:19,2025-06-28T00:56:36,7,115.4
SESS005273,U000458,gaming_hardware,2025-10-09T21:53:13,2025-10-09T21:57:35,11,173.6
SESS005274,U000458,cybersecurity,2025-03-03T13:27:21,2025-03-03T13:28:58,3,62.1
SESS005275,U000458,gaming_hardware,2025-02-21T19:01:01,2025-02-21T19:02:33,4,56.1
SESS005276,U000458,gaming_hardware,2025-07-31T14:14:20,2025-07-31T14:15:29,3,44.5
SESS005277,U000459,mixed_scroll,2025-01-14T20:28:28,2025-01-14T20:34:30,12,246.1
SESS005278,U000459,ai_python,2025-05-17T17:32:49,2025-05-17T17:39:18,11,279.3
SESS005279,U000459,cybersecurity,2025-01-31T04:53:29,2025-01-31T04:54:57,3,55.1
SESS005280,U000459,cybersecurity,2025-04-13T17:18:34,2025-04-13T17:20:34,6,70.3
SESS005281,U000459,backend_cloud,2025-02-08T05:41:30,2025-02-08T05:44:51,5,149.7
SESS005282,U000460,entertainment_heavy,2025-11-30T07:40:26,2025-11-30T07:46:02,9,229.8
SESS005283,U000460,entertainment_heavy,2025-05-27T11:56:27,2025-05-27T11:58:27,4,81.5
SESS005284,U000460,dsa_java_interview,2025-02-28T03:44:47,2025-02-28T03:46:15,4,51.5
SESS005285,U000460,dsa_java_interview,2025-03-01T19:44:14,2025-03-01T19:47:56,9,136.2
SESS005286,U000460,gaming_hardware,2025-03-16T00:35:24,2025-03-16T00:41:28,12,239.4
SESS005287,U000460,cybersecurity,2025-11-21T06:03:54,2025-11-21T06:09:30,8,258.8
SESS005288,U000460,ai_python,2025-10-24T09:59:42,2025-10-24T10:00:54,3,33.8
SESS005289,U000461,dsa_java_interview,2025-01-21T12:39:15,2025-01-21T12:45:33,10,271.9
SESS005290,U000461,ai_python,2025-05-11T10:42:27,2025-05-11T10:48:01,11,215.1
SESS005291,U000461,cybersecurity,2025-02-04T00:44:35,2025-02-04T00:45:55,4,35.2
SESS005292,U000461,dsa_java_interview,2025-02-15T14:59:44,2025-02-15T15:00:51,3,44.7
SESS005293,U000461,mixed_scroll,2025-03-02T08:55:52,2025-03-02T08:57:31,3,71.5
SESS005294,U000461,gaming_hardware,2025-10-12T06:36:52,2025-10-12T06:39:15,4,98.3
SESS005295,U000461,dsa_java_interview,2025-07-30T16:58:54,2025-07-30T17:03:43,12,186.2
SESS005296,U000461,entertainment_heavy,2025-07-24T02:57:51,2025-07-24T03:01:45,9,134.1
SESS005297,U000462,entertainment_heavy,2025-05-26T15:28:04,2025-05-26T15:32:23,9,168.2
SESS005298,U000462,ai_python,2025-02-15T17:11:54,2025-02-15T17:14:11,5,89.0
SESS005299,U000462,dsa_java_interview,2025-09-17T21:58:43,2025-09-17T22:04:32,10,218.9
SESS005300,U000462,ai_python,2025-03-31T05:43:17,2025-03-31T05:48:40,10,243.2
SESS005301,U000462,cybersecurity,2025-06-01T06:38:38,2025-06-01T06:42:04,5,141.2
SESS005302,U000462,cybersecurity,2025-04-18T12:50:07,2025-04-18T12:53:34,7,122.6
SESS005303,U000462,ai_python,2025-02-09T11:16:44,2025-02-09T11:20:41,9,137.2
SESS005304,U000462,cybersecurity,2025-05-26T14:50:51,2025-05-26T14:52:58,4,72.5
SESS005305,U000463,mixed_scroll,2025-01-26T12:32:37,2025-01-26T12:35:26,5,95.7
SESS005306,U000463,mixed_scroll,2025-10-21T19:10:09,2025-10-21T19:14:34,8,201.7
SESS005307,U000463,mixed_scroll,2025-01-17T18:37:00,2025-01-17T18:38:52,5,62.0
SESS005308,U000463,ai_python,2025-05-15T20:28:43,2025-05-15T20:32:25,9,132.6
SESS005309,U000463,entertainment_heavy,2025-07-15T12:47:48,2025-07-15T12:55:47,12,367.3
SESS005310,U000464,mixed_scroll,2025-06-15T23:00:08,2025-06-15T23:03:43,7,156.5
SESS005311,U000464,ai_python,2025-11-22T00:32:11,2025-11-22T00:35:09,6,121.9
SESS005312,U000464,backend_cloud,2025-06-08T02:16:12,2025-06-08T02:21:55,12,223.7
SESS005313,U000464,ai_python,2025-10-20T03:56:23,2025-10-20T03:57:36,3,52.3
SESS005314,U000464,dsa_java_interview,2025-09-28T09:24:07,2025-09-28T09:25:36,4,51.1
SESS005315,U000464,dsa_java_interview,2025-07-15T21:50:27,2025-07-15T21:51:52,3,54.4
SESS005316,U000464,mixed_scroll,2025-09-17T06:06:34,2025-09-17T06:09:38,7,110.8
SESS005317,U000465,mixed_scroll,2025-08-17T07:36:06,2025-08-17T07:40:22,8,172.5
SESS005318,U000465,gaming_hardware,2025-08-24T07:01:06,2025-08-24T07:06:05,7,213.2
SESS005319,U000465,mixed_scroll,2025-11-01T01:13:19,2025-11-01T01:15:17,3,80.7
SESS005320,U000465,entertainment_heavy,2025-01-07T22:34:59,2025-01-07T22:36:38,3,75.1
SESS005321,U000465,gaming_hardware,2025-01-02T11:20:41,2025-01-02T11:26:43,12,227.2
SESS005322,U000465,mixed_scroll,2025-10-24T06:08:38,2025-10-24T06:15:13,11,291.4
SESS005323,U000466,backend_cloud,2025-01-14T15:41:17,2025-01-14T15:43:03,5,55.9
SESS005324,U000466,mixed_scroll,2025-05-24T15:07:07,2025-05-24T15:09:38,6,67.7
SESS005325,U000466,cybersecurity,2025-09-16T06:58:49,2025-09-16T07:01:35,6,106.0
SESS005326,U000466,cybersecurity,2025-06-03T03:35:56,2025-06-03T03:37:24,3,53.0
SESS005327,U000466,mixed_scroll,2025-06-11T01:10:38,2025-06-11T01:15:36,10,176.2
SESS005328,U000467,entertainment_heavy,2025-11-02T03:18:08,2025-11-02T03:19:00,3,22.8
SESS005329,U000467,backend_cloud,2025-04-26T08:25:50,2025-04-26T08:28:05,5,78.2
SESS005330,U000467,cybersecurity,2025-11-30T18:12:20,2025-11-30T18:18:47,12,225.0
SESS005331,U000467,cybersecurity,2025-10-08T12:58:10,2025-10-08T13:01:54,6,175.2
SESS005332,U000467,cybersecurity,2025-10-23T13:14:56,2025-10-23T13:19:00,8,130.7
SESS005333,U000468,mixed_scroll,2025-10-23T22:40:02,2025-10-23T22:42:58,5,117.4
SESS005334,U000468,dsa_java_interview,2025-02-10T19:21:09,2025-02-10T19:23:54,4,103.3
SESS005335,U000468,entertainment_heavy,2025-08-18T23:30:04,2025-08-18T23:31:25,3,73.3
SESS005336,U000468,mixed_scroll,2025-08-13T06:53:33,2025-08-13T06:54:33,3,35.5
SESS005337,U000468,mixed_scroll,2025-09-17T08:54:30,2025-09-17T08:57:55,8,131.0
SESS005338,U000468,mixed_scroll,2025-03-28T00:11:55,2025-03-28T00:14:14,7,72.7
SESS005339,U000468,entertainment_heavy,2025-04-26T21:28:47,2025-04-26T21:34:23,11,217.0
SESS005340,U000469,backend_cloud,2025-01-28T05:43:50,2025-01-28T05:46:22,4,116.3
SESS005341,U000469,ai_python,2025-01-08T02:38:31,2025-01-08T02:41:42,6,121.4
SESS005342,U000469,dsa_java_interview,2025-08-28T09:38:36,2025-08-28T09:43:46,11,189.2
SESS005343,U000469,ai_python,2025-02-19T18:12:01,2025-02-19T18:16:18,10,150.9
SESS005344,U000470,ai_python,2025-11-24T21:19:03,2025-11-24T21:20:07,3,42.8
SESS005345,U000470,ai_python,2025-03-22T15:46:51,2025-03-22T15:53:03,9,263.5
SESS005346,U000470,ai_python,2025-09-01T15:25:19,2025-09-01T15:30:09,9,207.4
SESS005347,U000470,dsa_java_interview,2025-04-23T18:52:38,2025-04-23T18:55:02,5,91.6
SESS005348,U000470,mixed_scroll,2025-05-23T14:59:18,2025-05-23T15:04:01,10,175.2
SESS005349,U000470,cybersecurity,2025-08-03T00:39:34,2025-08-03T00:45:48,12,273.0
SESS005350,U000470,dsa_java_interview,2025-11-08T12:22:14,2025-11-08T12:28:16,10,265.1
SESS005351,U000471,entertainment_heavy,2025-09-02T06:26:57,2025-09-02T06:32:25,9,226.3
SESS005352,U000471,entertainment_heavy,2025-06-05T08:14:45,2025-06-05T08:17:38,6,101.0
SESS005353,U000471,dsa_java_interview,2025-07-06T05:07:31,2025-07-06T05:11:18,5,158.3
SESS005354,U000471,dsa_java_interview,2025-11-20T12:13:52,2025-11-20T12:18:27,8,178.3
SESS005355,U000471,dsa_java_interview,2025-10-05T15:08:18,2025-10-05T15:10:11,3,80.4
SESS005356,U000472,backend_cloud,2025-04-05T17:52:24,2025-04-05T17:59:19,11,311.6
SESS005357,U000472,entertainment_heavy,2025-01-15T00:20:39,2025-01-15T00:23:42,5,147.9
SESS005358,U000472,dsa_java_interview,2025-11-09T05:15:20,2025-11-09T05:16:29,3,36.5
SESS005359,U000472,gaming_hardware,2025-01-10T15:32:18,2025-01-10T15:34:52,5,83.9
SESS005360,U000472,entertainment_heavy,2025-08-12T23:00:23,2025-08-12T23:06:36,11,267.7
SESS005361,U000473,gaming_hardware,2025-05-08T20:42:20,2025-05-08T20:48:19,11,237.0
SESS005362,U000473,ai_python,2025-08-27T16:03:46,2025-08-27T16:08:44,10,193.9
SESS005363,U000473,backend_cloud,2025-08-18T01:42:37,2025-08-18T01:46:09,8,109.8
SESS005364,U000473,gaming_hardware,2025-03-13T10:44:36,2025-03-13T10:52:43,12,357.4
SESS005365,U000473,mixed_scroll,2025-03-18T23:51:22,2025-03-18T23:59:23,12,371.4
SESS005366,U000473,dsa_java_interview,2025-05-25T10:10:43,2025-05-25T10:13:35,5,106.1
SESS005367,U000474,dsa_java_interview,2025-07-02T07:57:58,2025-07-02T08:00:44,7,90.4
SESS005368,U000474,cybersecurity,2025-06-23T04:27:11,2025-06-23T04:32:43,10,265.2
SESS005369,U000474,dsa_java_interview,2025-02-02T02:39:28,2025-02-02T02:43:47,8,173.9
SESS005370,U000475,ai_python,2025-03-31T00:47:37,2025-03-31T00:52:45,9,198.3
SESS005371,U000475,backend_cloud,2025-06-23T02:26:56,2025-06-23T02:28:12,3,42.9
SESS005372,U000475,dsa_java_interview,2025-01-07T23:03:36,2025-01-07T23:08:47,7,240.7
SESS005373,U000475,mixed_scroll,2025-09-21T06:38:56,2025-09-21T06:43:30,10,174.9
SESS005374,U000475,gaming_hardware,2025-10-31T00:02:03,2025-10-31T00:04:42,6,97.5
SESS005375,U000475,entertainment_heavy,2025-04-17T19:45:20,2025-04-17T19:48:22,6,127.6
SESS005376,U000476,entertainment_heavy,2025-10-20T19:13:03,2025-10-20T19:16:51,7,161.3
SESS005377,U000476,gaming_hardware,2025-11-10T06:32:40,2025-11-10T06:34:39,3,72.4
SESS005378,U000476,ai_python,2025-01-30T01:58:33,2025-01-30T02:05:02,10,270.2
SESS005379,U000476,gaming_hardware,2025-09-21T13:46:57,2025-09-21T13:51:50,9,176.6
SESS005380,U000477,backend_cloud,2025-04-12T09:34:33,2025-04-12T09:40:40,10,259.8
SESS005381,U000477,ai_python,2025-09-05T01:08:33,2025-09-05T01:10:05,4,39.8
SESS005382,U000477,entertainment_heavy,2025-07-18T23:22:03,2025-07-18T23:27:15,11,184.9
SESS005383,U000477,cybersecurity,2025-10-02T05:42:53,2025-10-02T05:46:50,8,156.1
SESS005384,U000477,cybersecurity,2025-03-25T10:41:36,2025-03-25T10:43:56,6,77.7
SESS005385,U000477,dsa_java_interview,2025-04-19T16:56:01,2025-04-19T17:00:26,12,124.7
SESS005386,U000477,ai_python,2025-04-08T14:45:38,2025-04-08T14:50:39,10,195.4
SESS005387,U000478,cybersecurity,2025-05-11T10:13:40,2025-05-11T10:15:21,3,65.4
SESS005388,U000478,mixed_scroll,2025-09-29T18:28:35,2025-09-29T18:31:27,6,118.3
SESS005389,U000478,mixed_scroll,2025-01-11T15:52:05,2025-01-11T15:55:42,10,105.5
SESS005390,U000478,dsa_java_interview,2025-09-14T04:37:06,2025-09-14T04:40:25,5,146.3
SESS005391,U000479,entertainment_heavy,2025-01-27T03:56:29,2025-01-27T04:00:53,9,168.0
SESS005392,U000479,cybersecurity,2025-01-25T13:08:39,2025-01-25T13:13:37,9,209.9
SESS005393,U000479,ai_python,2025-08-23T23:22:05,2025-08-23T23:23:47,4,62.8
SESS005394,U000479,cybersecurity,2025-10-30T05:10:25,2025-10-30T05:12:46,5,88.6
SESS005395,U000480,dsa_java_interview,2025-09-30T12:41:32,2025-09-30T12:45:13,10,132.7
SESS005396,U000480,backend_cloud,2025-08-11T04:59:36,2025-08-11T05:03:16,7,126.6
SESS005397,U000480,gaming_hardware,2025-06-28T12:55:08,2025-06-28T12:58:06,6,111.4
SESS005398,U000480,cybersecurity,2025-06-22T04:11:33,2025-06-22T04:16:29,8,200.1
SESS005399,U000480,cybersecurity,2025-02-03T20:18:13,2025-02-03T20:20:18,3,70.3
SESS005400,U000480,cybersecurity,2025-08-23T06:24:07,2025-08-23T06:27:18,4,156.5
SESS005401,U000481,backend_cloud,2025-01-24T14:24:54,2025-01-24T14:30:42,10,235.9
SESS005402,U000481,dsa_java_interview,2025-04-02T22:32:43,2025-04-02T22:35:17,4,109.8
SESS005403,U000481,entertainment_heavy,2025-01-06T14:38:48,2025-01-06T14:41:48,8,87.4
SESS005404,U000481,dsa_java_interview,2025-01-14T01:16:08,2025-01-14T01:21:17,10,195.2
SESS005405,U000481,cybersecurity,2025-05-17T20:51:43,2025-05-17T20:55:55,10,124.7
SESS005406,U000481,gaming_hardware,2025-09-26T00:44:26,2025-09-26T00:49:05,9,155.9
SESS005407,U000481,ai_python,2025-11-18T15:49:57,2025-11-18T15:52:57,6,105.8
SESS005408,U000481,mixed_scroll,2025-03-02T22:17:45,2025-03-02T22:22:23,8,181.1
SESS005409,U000482,dsa_java_interview,2025-08-18T20:40:18,2025-08-18T20:42:05,3,89.8
SESS005410,U000482,gaming_hardware,2025-10-12T11:14:44,2025-10-12T11:20:49,10,236.5
SESS005411,U000482,backend_cloud,2025-01-17T20:04:44,2025-01-17T20:09:32,7,241.3
SESS005412,U000482,entertainment_heavy,2025-05-20T11:12:01,2025-05-20T11:18:10,12,273.0
SESS005413,U000483,entertainment_heavy,2025-07-18T07:26:48,2025-07-18T07:30:32,7,147.3
SESS005414,U000483,dsa_java_interview,2025-10-07T00:09:13,2025-10-07T00:10:58,5,73.3
SESS005415,U000483,cybersecurity,2025-03-14T06:21:27,2025-03-14T06:26:23,10,167.2
SESS005416,U000483,ai_python,2025-10-30T03:38:11,2025-10-30T03:42:16,7,161.2
SESS005417,U000483,cybersecurity,2025-05-13T20:52:53,2025-05-13T20:55:34,7,94.2
SESS005418,U000484,ai_python,2025-09-06T05:18:41,2025-09-06T05:21:56,7,118.0
SESS005419,U000484,cybersecurity,2025-11-16T03:07:53,2025-11-16T03:11:50,5,195.9
SESS005420,U000484,dsa_java_interview,2025-08-08T10:53:17,2025-08-08T10:54:53,4,49.4
SESS005421,U000484,gaming_hardware,2025-11-28T22:37:31,2025-11-28T22:46:25,11,421.7
SESS005422,U000484,dsa_java_interview,2025-01-19T10:36:18,2025-01-19T10:37:58,4,54.8
SESS005423,U000485,dsa_java_interview,2025-03-01T23:32:11,2025-03-01T23:37:51,12,229.9
SESS005424,U000485,backend_cloud,2025-01-31T09:16:04,2025-01-31T09:18:37,4,95.0
SESS005425,U000485,backend_cloud,2025-03-10T14:02:18,2025-03-10T14:04:14,4,88.4
SESS005426,U000485,backend_cloud,2025-02-15T19:13:13,2025-02-15T19:16:36,9,104.5
SESS005427,U000485,backend_cloud,2025-04-12T05:52:12,2025-04-12T05:56:47,10,175.7
SESS005428,U000486,ai_python,2025-05-02T14:25:49,2025-05-02T14:30:24,11,172.7
SESS005429,U000486,gaming_hardware,2025-01-02T20:52:45,2025-01-02T20:54:27,3,66.0
SESS005430,U000486,backend_cloud,2025-05-05T02:16:14,2025-05-05T02:19:55,5,155.0
SESS005431,U000486,dsa_java_interview,2025-04-10T04:49:41,2025-04-10T04:51:11,3,55.3
SESS005432,U000486,dsa_java_interview,2025-07-28T00:34:08,2025-07-28T00:36:56,5,106.9
SESS005433,U000486,cybersecurity,2025-01-16T05:55:54,2025-01-16T06:02:02,11,234.9
SESS005434,U000486,gaming_hardware,2025-05-19T14:29:16,2025-05-19T14:34:09,11,172.6
SESS005435,U000486,entertainment_heavy,2025-04-20T05:34:05,2025-04-20T05:40:12,12,222.4
SESS005436,U000487,dsa_java_interview,2025-07-24T05:33:14,2025-07-24T05:37:59,9,183.3
SESS005437,U000487,backend_cloud,2025-11-13T21:05:35,2025-11-13T21:12:17,9,302.3
SESS005438,U000487,ai_python,2025-07-14T02:09:16,2025-07-14T02:17:02,12,345.2
SESS005439,U000487,cybersecurity,2025-07-27T09:06:53,2025-07-27T09:13:16,11,251.7
SESS005440,U000487,ai_python,2025-08-19T19:26:14,2025-08-19T19:30:08,8,149.3
SESS005441,U000488,cybersecurity,2025-03-05T16:27:20,2025-03-05T16:28:36,3,55.5
SESS005442,U000488,dsa_java_interview,2025-05-31T21:39:52,2025-05-31T21:43:03,4,155.5
SESS005443,U000488,mixed_scroll,2025-07-27T05:13:26,2025-07-27T05:17:51,7,180.6
SESS005444,U000488,dsa_java_interview,2025-04-01T12:30:51,2025-04-01T12:35:57,10,210.1
SESS005445,U000489,gaming_hardware,2025-05-08T05:20:21,2025-05-08T05:24:51,7,210.8
SESS005446,U000489,cybersecurity,2025-06-07T15:49:24,2025-06-07T15:52:57,6,139.1
SESS005447,U000489,entertainment_heavy,2025-03-05T07:03:27,2025-03-05T07:08:35,9,186.4
SESS005448,U000489,cybersecurity,2025-09-07T11:33:36,2025-09-07T11:38:46,11,216.4
SESS005449,U000489,entertainment_heavy,2025-05-25T06:17:25,2025-05-25T06:23:37,11,222.6
SESS005450,U000490,gaming_hardware,2025-05-24T11:24:02,2025-05-24T11:28:02,8,145.2
SESS005451,U000490,ai_python,2025-04-13T10:52:03,2025-04-13T10:55:26,5,152.5
SESS005452,U000490,entertainment_heavy,2025-07-12T21:46:40,2025-07-12T21:50:55,7,170.9
SESS005453,U000490,ai_python,2025-05-08T17:00:36,2025-05-08T17:01:45,3,42.6
SESS005454,U000490,backend_cloud,2025-01-23T18:10:35,2025-01-23T18:17:44,10,298.8
SESS005455,U000490,dsa_java_interview,2025-07-15T00:14:40,2025-07-15T00:20:41,11,272.8
SESS005456,U000490,cybersecurity,2025-07-26T09:01:32,2025-07-26T09:06:11,8,207.7
SESS005457,U000491,dsa_java_interview,2025-08-19T13:28:34,2025-08-19T13:30:25,3,84.4
SESS005458,U000491,gaming_hardware,2025-03-30T07:00:30,2025-03-30T07:04:07,9,113.2
SESS005459,U000491,mixed_scroll,2025-01-07T00:58:34,2025-01-07T01:01:51,6,140.6
SESS005460,U000491,gaming_hardware,2025-01-16T09:55:55,2025-01-16T09:58:47,6,129.2
SESS005461,U000491,dsa_java_interview,2025-11-17T11:04:23,2025-11-17T11:08:36,6,201.5
SESS005462,U000491,cybersecurity,2025-10-10T15:22:00,2025-10-10T15:27:31,10,223.7
SESS005463,U000492,mixed_scroll,2025-04-10T14:47:42,2025-04-10T14:53:07,12,211.4
SESS005464,U000492,entertainment_heavy,2025-01-20T13:16:23,2025-01-20T13:18:02,5,52.1
SESS005465,U000492,gaming_hardware,2025-09-09T17:25:02,2025-09-09T17:27:30,5,71.2
SESS005466,U000493,ai_python,2025-01-31T03:46:18,2025-01-31T03:51:33,11,210.1
SESS005467,U000493,cybersecurity,2025-06-10T07:59:41,2025-06-10T08:04:59,11,202.1
SESS005468,U000493,cybersecurity,2025-07-17T23:51:45,2025-07-17T23:53:45,4,77.6
SESS005469,U000493,entertainment_heavy,2025-10-05T17:08:25,2025-10-05T17:13:54,11,212.2
SESS005470,U000493,backend_cloud,2025-09-22T13:20:19,2025-09-22T13:26:14,10,234.5
SESS005471,U000494,entertainment_heavy,2025-10-24T19:06:30,2025-10-24T19:08:33,4,79.1
SESS005472,U000494,mixed_scroll,2025-06-25T22:24:04,2025-06-25T22:28:06,8,146.3
SESS005473,U000494,ai_python,2025-02-14T17:57:29,2025-02-14T18:00:04,5,111.3
SESS005474,U000494,gaming_hardware,2025-07-16T16:37:53,2025-07-16T16:41:34,5,168.1
SESS005475,U000494,ai_python,2025-01-13T21:07:43,2025-01-13T21:10:08,6,102.3
SESS005476,U000494,backend_cloud,2025-05-29T04:07:03,2025-05-29T04:12:29,11,210.2
SESS005477,U000494,cybersecurity,2025-07-28T09:45:21,2025-07-28T09:50:00,9,185.0
SESS005478,U000495,cybersecurity,2025-03-27T04:01:54,2025-03-27T04:05:08,6,136.3
SESS005479,U000495,ai_python,2025-10-23T12:54:21,2025-10-23T12:57:52,7,145.4
SESS005480,U000495,gaming_hardware,2025-08-06T06:13:00,2025-08-06T06:15:16,3,101.3
SESS005481,U000495,dsa_java_interview,2025-04-09T00:38:52,2025-04-09T00:41:51,4,118.9
SESS005482,U000495,cybersecurity,2025-09-30T04:46:26,2025-09-30T04:50:33,7,171.6
SESS005483,U000495,mixed_scroll,2025-04-17T11:33:43,2025-04-17T11:34:36,3,31.6
SESS005484,U000495,backend_cloud,2025-08-12T13:15:39,2025-08-12T13:19:58,10,178.9
SESS005485,U000495,ai_python,2025-09-16T22:06:20,2025-09-16T22:12:15,10,237.5
SESS005486,U000496,mixed_scroll,2025-02-23T12:35:16,2025-02-23T12:36:29,3,28.9
SESS005487,U000496,mixed_scroll,2025-02-15T18:58:26,2025-02-15T19:02:38,10,150.1
SESS005488,U000496,entertainment_heavy,2025-10-15T16:04:55,2025-10-15T16:09:05,12,146.9
SESS005489,U000496,gaming_hardware,2025-01-22T08:12:46,2025-01-22T08:14:02,3,40.0
SESS005490,U000496,mixed_scroll,2025-03-12T22:51:07,2025-03-12T22:58:15,12,305.8
SESS005491,U000496,gaming_hardware,2025-10-01T04:49:55,2025-10-01T04:57:59,12,370.0
SESS005492,U000497,mixed_scroll,2025-04-15T19:00:18,2025-04-15T19:01:53,3,50.1
SESS005493,U000497,gaming_hardware,2025-01-27T03:45:39,2025-01-27T03:48:21,4,124.4
SESS005494,U000497,entertainment_heavy,2025-10-19T17:15:14,2025-10-19T17:19:40,8,175.3
SESS005495,U000497,cybersecurity,2025-02-05T00:14:44,2025-02-05T00:19:14,10,156.8
SESS005496,U000498,mixed_scroll,2025-10-11T13:43:44,2025-10-11T13:50:38,12,287.6
SESS005497,U000498,mixed_scroll,2025-09-26T20:16:58,2025-09-26T20:21:31,7,195.3
SESS005498,U000498,cybersecurity,2025-07-18T03:19:06,2025-07-18T03:20:48,3,85.2
SESS005499,U000498,ai_python,2025-11-24T14:17:19,2025-11-24T14:23:17,12,243.0
SESS005500,U000498,backend_cloud,2025-03-10T18:57:41,2025-03-10T18:59:40,5,74.6
SESS005501,U000498,dsa_java_interview,2025-08-22T05:48:45,2025-08-22T05:52:33,7,168.7
SESS005502,U000498,entertainment_heavy,2025-01-04T14:28:35,2025-01-04T14:32:01,6,140.5
SESS005503,U000499,gaming_hardware,2025-10-13T09:02:41,2025-10-13T09:04:48,4,82.4
SESS005504,U000499,mixed_scroll,2025-06-18T18:06:37,2025-06-18T18:10:31,6,166.6
SESS005505,U000499,cybersecurity,2025-01-12T18:02:23,2025-01-12T18:06:26,9,145.9
SESS005506,U000499,entertainment_heavy,2025-06-20T01:26:15,2025-06-20T01:30:14,7,198.4
SESS005507,U000500,mixed_scroll,2025-02-17T10:34:03,2025-02-17T10:38:01,8,142.7
SESS005508,U000500,ai_python,2025-01-31T11:16:16,2025-01-31T11:20:45,8,195.6
SESS005509,U000500,ai_python,2025-04-26T09:33:58,2025-04-26T09:36:23,6,88.4
SESS005510,U000500,dsa_java_interview,2025-10-28T11:01:18,2025-10-28T11:08:07,11,273.2
SESS005511,TRAP_JAVA_BACKEND,backend_cloud,2025-06-13T03:18:40,2025-06-13T03:22:46,7,186.3
SESS005512,TRAP_JAVA_BACKEND,backend_cloud,2025-11-03T14:31:10,2025-11-03T14:34:18,6,133.4
SESS005513,TRAP_JAVA_BACKEND,mixed_scroll,2025-07-10T18:55:12,2025-07-10T18:57:39,4,97.1
SESS005514,TRAP_JAVA_BACKEND,ai_python,2025-01-21T05:39:23,2025-01-21T05:41:50,6,96.6
SESS005515,TRAP_JAVA_BACKEND,dsa_java_interview,2025-07-16T00:27:21,2025-07-16T00:29:18,3,96.5
SESS005516,TRAP_MULTILINGUAL,ai_python,2025-08-28T04:57:07,2025-08-28T04:59:55,5,98.8
SESS005517,TRAP_MULTILINGUAL,gaming_hardware,2025-09-12T14:05:10,2025-09-12T14:06:25,3,46.1
SESS005518,TRAP_MULTILINGUAL,gaming_hardware,2025-05-19T18:51:08,2025-05-19T18:52:58,4,63.2
SESS005519,TRAP_MULTILINGUAL,mixed_scroll,2025-08-04T19:18:25,2025-08-04T19:19:45,3,51.4
SESS005520,TRAP_MULTILINGUAL,backend_cloud,2025-03-27T11:59:43,2025-03-27T12:02:27,7,118.9
SESS005521,TRAP_MULTILINGUAL,ai_python,2025-10-19T21:55:45,2025-10-19T22:00:35,8,191.0
SESS005522,TRAP_MULTILINGUAL,cybersecurity,2025-04-09T13:18:40,2025-04-09T13:23:45,10,204.6
SESS005523,TRAP_ENTERTAINMENT_HEAVY,entertainment_heavy,2025-11-26T02:27:08,2025-11-26T02:34:26,12,301.5
SESS005524,TRAP_ENTERTAINMENT_HEAVY,entertainment_heavy,2025-07-05T09:27:34,2025-07-05T09:33:11,12,227.4
SESS005525,TRAP_ENTERTAINMENT_HEAVY,mixed_scroll,2025-08-25T01:01:33,2025-08-25T01:06:43,11,186.9
SESS005526,TRAP_ENTERTAINMENT_HEAVY,gaming_hardware,2025-11-23T07:34:25,2025-11-23T07:38:39,7,138.3
SESS005527,TRAP_ENTERTAINMENT_HEAVY,gaming_hardware,2025-03-01T17:59:18,2025-03-01T18:02:14,3,140.5
SESS005528,TRAP_ENTERTAINMENT_HEAVY,entertainment_heavy,2025-07-26T12:29:40,2025-07-26T12:33:12,8,132.2
SESS005529,TRAP_ENTERTAINMENT_HEAVY,ai_python,2025-07-13T09:35:28,2025-07-13T09:37:08,4,76.8
SESS005530,U000001,ai_python,2025-11-16T21:12:01,2025-11-16T21:15:57,8,140.5
SESS005531,U000001,cybersecurity,2025-03-05T07:30:02,2025-03-05T07:33:55,8,170.7
SESS005532,U000001,ai_python,2025-04-01T11:48:09,2025-04-01T11:53:39,10,199.4
SESS005533,U000001,cybersecurity,2025-03-06T02:21:24,2025-03-06T02:22:47,3,48.9
SESS005534,U000001,gaming_hardware,2025-05-06T08:08:53,2025-05-06T08:10:25,3,53.0
SESS005535,U000001,ai_python,2025-01-12T06:45:21,2025-01-12T06:48:28,7,128.0
SESS005536,U000002,mixed_scroll,2025-09-15T23:22:21,2025-09-15T23:24:03,4,52.0
SESS005537,U000002,gaming_hardware,2025-10-18T07:44:30,2025-10-18T07:51:41,11,303.1
SESS005538,U000002,cybersecurity,2025-11-21T15:59:11,2025-11-21T16:03:43,7,210.1
SESS005539,U000002,mixed_scroll,2025-10-16T15:47:28,2025-10-16T15:52:40,12,200.5
SESS005540,U000002,dsa_java_interview,2025-03-12T05:31:47,2025-03-12T05:36:21,8,195.8
SESS005541,U000002,gaming_hardware,2025-05-09T03:26:15,2025-05-09T03:32:26,11,233.8
SESS005542,U000003,mixed_scroll,2025-11-25T22:36:21,2025-11-25T22:39:25,6,104.6
SESS005543,U000003,entertainment_heavy,2025-07-27T21:08:02,2025-07-27T21:09:40,3,82.3
SESS005544,U000003,backend_cloud,2025-02-12T14:00:59,2025-02-12T14:05:37,9,193.2
SESS005545,U000003,ai_python,2025-11-02T16:05:27,2025-11-02T16:08:09,5,79.6
SESS005546,U000004,backend_cloud,2025-05-09T15:58:15,2025-05-09T16:02:07,6,166.9
SESS005547,U000004,cybersecurity,2025-09-02T16:23:35,2025-09-02T16:30:39,11,328.7
SESS005548,U000004,ai_python,2025-08-14T09:17:42,2025-08-14T09:24:20,12,295.7
SESS005549,U000004,gaming_hardware,2025-02-20T04:21:49,2025-02-20T04:28:26,11,286.6
SESS005550,U000004,mixed_scroll,2025-07-16T19:13:16,2025-07-16T19:18:36,11,210.3
SESS005551,U000004,mixed_scroll,2025-02-08T11:29:39,2025-02-08T11:33:29,7,156.8
SESS005552,U000005,entertainment_heavy,2025-04-22T09:57:32,2025-04-22T09:59:14,3,54.2
SESS005553,U000005,mixed_scroll,2025-01-14T16:35:52,2025-01-14T16:39:45,8,150.5
SESS005554,U000005,cybersecurity,2025-01-02T01:05:42,2025-01-02T01:08:46,8,97.4
SESS005555,U000006,cybersecurity,2025-05-04T20:35:49,2025-05-04T20:39:21,5,168.8
SESS005556,U000006,gaming_hardware,2025-09-23T04:34:37,2025-09-23T04:40:58,11,262.5
SESS005557,U000006,gaming_hardware,2025-01-07T00:36:57,2025-01-07T00:40:59,7,180.0
SESS005558,U000006,mixed_scroll,2025-09-24T06:33:28,2025-09-24T06:34:26,3,29.6
SESS005559,U000006,mixed_scroll,2025-05-31T20:23:36,2025-05-31T20:25:53,6,87.5
SESS005560,U000007,backend_cloud,2025-09-04T23:15:36,2025-09-04T23:24:16,12,376.6
SESS005561,U000007,entertainment_heavy,2025-09-12T03:59:43,2025-09-12T04:06:05,10,277.3
SESS005562,U000007,mixed_scroll,2025-02-04T00:34:17,2025-02-04T00:38:02,7,157.3
SESS005563,U000007,mixed_scroll,2025-04-02T16:05:36,2025-04-02T16:11:32,10,247.2
SESS005564,U000007,mixed_scroll,2025-08-02T19:59:52,2025-08-02T20:05:51,11,250.4
SESS005565,U000007,gaming_hardware,2025-01-15T10:52:49,2025-01-15T10:58:28,11,252.2
SESS005566,U000007,gaming_hardware,2025-05-30T02:00:51,2025-05-30T02:04:24,6,139.0
SESS005567,U000007,gaming_hardware,2025-01-13T13:42:51,2025-01-13T13:47:05,7,191.3
SESS005568,U000008,dsa_java_interview,2025-09-27T03:11:47,2025-09-27T03:16:45,11,157.1
SESS005569,U000008,dsa_java_interview,2025-11-04T14:32:11,2025-11-04T14:33:52,5,42.5
SESS005570,U000008,ai_python,2025-05-05T02:32:00,2025-05-05T02:36:07,9,141.8
SESS005571,U000008,gaming_hardware,2025-02-27T00:12:37,2025-02-27T00:15:45,7,88.9
SESS005572,U000008,ai_python,2025-11-17T20:50:08,2025-11-17T20:51:54,3,79.7
SESS005573,U000009,backend_cloud,2025-08-15T18:26:15,2025-08-15T18:31:30,11,205.1
SESS005574,U000009,mixed_scroll,2025-01-19T02:55:21,2025-01-19T02:56:21,3,27.7
SESS005575,U000009,ai_python,2025-03-06T05:40:06,2025-03-06T05:42:26,6,89.7
SESS005576,U000009,gaming_hardware,2025-07-14T10:52:02,2025-07-14T10:55:50,6,152.3
SESS005577,U000009,dsa_java_interview,2025-10-17T20:30:55,2025-10-17T20:34:08,7,134.7
SESS005578,U000009,cybersecurity,2025-04-06T19:44:20,2025-04-06T19:46:09,4,72.8
SESS005579,U000009,cybersecurity,2025-09-13T19:29:36,2025-09-13T19:33:57,8,200.1
SESS005580,U000009,dsa_java_interview,2025-03-23T12:28:37,2025-03-23T12:32:32,8,179.2
SESS005581,U000010,entertainment_heavy,2025-05-27T00:08:21,2025-05-27T00:12:48,6,185.9
SESS005582,U000010,cybersecurity,2025-11-09T06:57:09,2025-11-09T07:02:20,10,198.8
SESS005583,U000010,cybersecurity,2025-10-21T12:00:32,2025-10-21T12:03:39,6,90.1
SESS005584,U000010,dsa_java_interview,2025-01-01T17:19:53,2025-01-01T17:21:39,3,72.7
SESS005585,U000010,dsa_java_interview,2025-06-09T02:24:35,2025-06-09T02:30:19,10,242.9
SESS005586,U000010,entertainment_heavy,2025-03-03T03:42:37,2025-03-03T03:44:15,3,74.0
SESS005587,U000010,entertainment_heavy,2025-05-20T09:39:03,2025-05-20T09:44:30,11,185.8
SESS005588,U000011,mixed_scroll,2025-10-10T12:07:42,2025-10-10T12:10:39,5,116.8
SESS005589,U000011,gaming_hardware,2025-09-04T16:53:48,2025-09-04T16:58:23,7,187.4
SESS005590,U000011,cybersecurity,2025-09-16T07:32:48,2025-09-16T07:34:34,4,77.8
SESS005591,U000011,cybersecurity,2025-06-22T19:53:20,2025-06-22T19:58:52,11,207.8
SESS005592,U000011,cybersecurity,2025-08-15T22:17:16,2025-08-15T22:19:34,6,88.8
SESS005593,U000011,ai_python,2025-05-17T04:21:13,2025-05-17T04:23:50,5,91.2
SESS005594,U000012,dsa_java_interview,2025-08-27T02:41:28,2025-08-27T02:44:45,5,146.3
SESS005595,U000012,entertainment_heavy,2025-11-09T03:25:49,2025-11-09T03:29:14,7,125.3
SESS005596,U000012,entertainment_heavy,2025-10-10T12:20:27,2025-10-10T12:22:02,3,50.9
SESS005597,U000012,ai_python,2025-02-18T13:36:47,2025-02-18T13:43:22,12,275.0
SESS005598,U000012,dsa_java_interview,2025-01-19T13:44:25,2025-01-19T13:50:07,11,195.4
SESS005599,U000012,entertainment_heavy,2025-09-21T20:51:55,2025-09-21T20:54:00,5,69.9
SESS005600,U000012,gaming_hardware,2025-02-20T15:17:28,2025-02-20T15:23:08,11,217.3
SESS005601,U000013,gaming_hardware,2025-08-18T07:54:30,2025-08-18T07:56:39,5,93.7
SESS005602,U000013,gaming_hardware,2025-04-30T12:15:16,2025-04-30T12:18:29,7,121.9
SESS005603,U000013,backend_cloud,2025-06-25T15:03:13,2025-06-25T15:05:24,5,87.7
SESS005604,U000013,ai_python,2025-02-01T22:52:30,2025-02-01T22:54:14,3,68.8
SESS005605,U000013,backend_cloud,2025-08-19T20:02:49,2025-08-19T20:08:08,10,202.5
SESS005606,U000013,dsa_java_interview,2025-09-02T10:53:53,2025-09-02T10:59:29,12,195.2
SESS005607,U000013,mixed_scroll,2025-11-29T04:07:06,2025-11-29T04:13:47,12,278.8
SESS005608,U000014,cybersecurity,2025-04-02T17:49:15,2025-04-02T17:51:44,7,81.7
SESS005609,U000014,mixed_scroll,2025-01-06T05:47:04,2025-01-06T05:48:11,3,42.1
SESS005610,U000014,cybersecurity,2025-03-18T12:42:43,2025-03-18T12:48:37,11,239.6
SESS005611,U000015,ai_python,2025-01-01T19:44:02,2025-01-01T19:45:52,4,72.0
SESS005612,U000015,dsa_java_interview,2025-11-07T10:00:48,2025-11-07T10:06:32,10,229.8
SESS005613,U000015,dsa_java_interview,2025-05-25T19:58:44,2025-05-25T20:04:35,8,252.5
SESS005614,U000015,cybersecurity,2025-06-17T10:44:07,2025-06-17T10:50:01,11,242.9
SESS005615,U000016,ai_python,2025-11-30T20:21:12,2025-11-30T20:23:56,5,118.7
SESS005616,U000016,backend_cloud,2025-02-13T05:27:51,2025-02-13T05:33:49,12,247.0
SESS005617,U000016,mixed_scroll,2025-10-03T16:49:44,2025-10-03T16:53:04,5,158.7
SESS005618,U000016,cybersecurity,2025-03-19T02:44:12,2025-03-19T02:45:46,3,55.4
SESS005619,U000016,gaming_hardware,2025-08-21T02:03:52,2025-08-21T02:09:07,10,208.7
SESS005620,U000016,cybersecurity,2025-04-14T07:25:30,2025-04-14T07:33:06,10,352.3
SESS005621,U000016,gaming_hardware,2025-02-07T03:19:20,2025-02-07T03:22:19,6,97.3
SESS005622,U000017,dsa_java_interview,2025-11-15T14:40:20,2025-11-15T14:45:14,11,166.1
SESS005623,U000017,entertainment_heavy,2025-09-23T09:22:02,2025-09-23T09:27:40,10,237.4
SESS005624,U000017,gaming_hardware,2025-07-15T00:06:29,2025-07-15T00:10:52,8,160.8
SESS005625,U000017,cybersecurity,2025-03-08T00:08:28,2025-03-08T00:11:32,6,138.0
SESS005626,U000017,cybersecurity,2025-05-22T09:35:15,2025-05-22T09:39:25,8,127.7
SESS005627,U000017,mixed_scroll,2025-06-23T06:07:17,2025-06-23T06:09:43,5,86.8
SESS005628,U000017,gaming_hardware,2025-06-01T01:48:17,2025-06-01T01:51:21,7,116.4
SESS005629,U000017,mixed_scroll,2025-03-02T02:50:09,2025-03-02T02:54:10,8,120.0
SESS005630,U000018,entertainment_heavy,2025-04-10T23:23:03,2025-04-10T23:24:48,3,73.7
SESS005631,U000018,dsa_java_interview,2025-03-11T16:18:25,2025-03-11T16:20:30,3,86.3
SESS005632,U000018,dsa_java_interview,2025-10-12T05:20:33,2025-10-12T05:24:36,8,125.8
SESS005633,U000018,backend_cloud,2025-01-02T10:16:00,2025-01-02T10:18:36,4,111.2
SESS005634,U000018,ai_python,2025-11-12T06:18:00,2025-11-12T06:23:49,10,266.1
SESS005635,U000018,mixed_scroll,2025-11-15T06:41:47,2025-11-15T06:44:14,6,74.8
SESS005636,U000018,cybersecurity,2025-10-12T18:07:56,2025-10-12T18:11:05,8,132.6
SESS005637,U000019,gaming_hardware,2025-06-09T10:37:06,2025-06-09T10:40:58,9,164.2
SESS005638,U000019,mixed_scroll,2025-01-17T04:59:51,2025-01-17T05:02:08,4,92.6
SESS005639,U000019,dsa_java_interview,2025-08-08T10:52:28,2025-08-08T10:57:46,8,225.4
SESS005640,U000019,cybersecurity,2025-07-31T20:11:43,2025-07-31T20:14:29,7,113.1
SESS005641,U000019,dsa_java_interview,2025-01-14T05:16:24,2025-01-14T05:20:52,8,159.0
SESS005642,U000020,cybersecurity,2025-09-11T08:59:36,2025-09-11T09:03:52,8,173.8
SESS005643,U000020,dsa_java_interview,2025-08-04T18:30:51,2025-08-04T18:32:24,3,67.6
SESS005644,U000020,cybersecurity,2025-08-09T12:46:51,2025-08-09T12:47:54,3,43.4
SESS005645,U000020,mixed_scroll,2025-07-04T08:52:19,2025-07-04T08:53:57,3,78.3
SESS005646,U000021,gaming_hardware,2025-07-30T05:41:25,2025-07-30T05:46:08,7,187.2
SESS005647,U000021,mixed_scroll,2025-11-23T14:49:46,2025-11-23T14:56:32,12,261.3
SESS005648,U000021,entertainment_heavy,2025-06-01T23:29:32,2025-06-01T23:35:37,10,240.5
SESS005649,U000021,gaming_hardware,2025-07-11T15:52:30,2025-07-11T15:56:55,8,212.2
SESS005650,U000021,mixed_scroll,2025-07-16T21:22:08,2025-07-16T21:25:06,5,146.9
SESS005651,U000022,entertainment_heavy,2025-08-16T18:46:31,2025-08-16T18:55:27,12,418.1
SESS005652,U000022,entertainment_heavy,2025-08-27T21:28:25,2025-08-27T21:31:10,4,128.7
SESS005653,U000022,gaming_hardware,2025-09-22T22:57:41,2025-09-22T22:58:49,3,37.8
SESS005654,U000022,dsa_java_interview,2025-01-23T10:06:39,2025-01-23T10:11:48,8,239.8
SESS005655,U000022,cybersecurity,2025-10-04T23:15:07,2025-10-04T23:17:56,4,123.2
SESS005656,U000022,gaming_hardware,2025-09-22T07:51:26,2025-09-22T07:58:26,8,301.7
SESS005657,U000023,dsa_java_interview,2025-11-18T01:09:20,2025-11-18T01:14:20,10,206.0
SESS005658,U000023,dsa_java_interview,2025-04-09T09:23:19,2025-04-09T09:28:08,8,202.1
SESS005659,U000023,gaming_hardware,2025-03-09T15:01:38,2025-03-09T15:07:40,11,219.6
SESS005660,U000024,backend_cloud,2025-03-05T20:23:15,2025-03-05T20:25:30,5,90.4
SESS005661,U000024,gaming_hardware,2025-11-28T06:17:41,2025-11-28T06:18:48,3,40.8
SESS005662,U000024,ai_python,2025-06-14T14:30:32,2025-06-14T14:32:39,4,96.4
SESS005663,U000025,backend_cloud,2025-06-13T22:29:50,2025-06-13T22:35:17,12,175.0
SESS005664,U000025,cybersecurity,2025-11-04T08:56:05,2025-11-04T08:58:29,6,78.4
SESS005665,U000025,mixed_scroll,2025-02-18T21:05:32,2025-02-18T21:07:50,5,73.4
SESS005666,U000025,ai_python,2025-07-24T04:35:28,2025-07-24T04:39:22,8,158.9
SESS005667,U000025,backend_cloud,2025-11-10T16:48:44,2025-11-10T16:50:27,3,78.1
SESS005668,U000025,dsa_java_interview,2025-04-30T08:52:37,2025-04-30T08:59:04,8,274.0
SESS005669,U000025,mixed_scroll,2025-11-11T16:42:57,2025-11-11T16:48:39,10,206.7
SESS005670,U000025,gaming_hardware,2025-01-20T05:21:33,2025-01-20T05:27:15,9,231.1
SESS005671,U000026,cybersecurity,2025-06-08T10:38:18,2025-06-08T10:43:26,9,203.7
SESS005672,U000026,mixed_scroll,2025-03-14T23:52:04,2025-03-14T23:57:11,10,172.5
SESS005673,U000026,ai_python,2025-06-17T17:47:09,2025-06-17T17:51:16,7,165.3
SESS005674,U000026,cybersecurity,2025-10-25T23:20:46,2025-10-25T23:23:22,5,115.7
SESS005675,U000026,cybersecurity,2025-07-22T17:35:26,2025-07-22T17:40:45,11,207.9
SESS005676,U000026,entertainment_heavy,2025-05-05T09:37:38,2025-05-05T09:41:31,8,122.0
SESS005677,U000026,ai_python,2025-06-14T19:14:37,2025-06-14T19:21:51,11,292.3
SESS005678,U000026,mixed_scroll,2025-03-07T01:53:27,2025-03-07T01:57:40,9,148.0
SESS005679,U000027,backend_cloud,2025-09-19T19:22:09,2025-09-19T19:26:28,6,163.3
SESS005680,U000027,mixed_scroll,2025-06-06T16:47:17,2025-06-06T16:48:46,3,50.0
SESS005681,U000027,cybersecurity,2025-07-03T17:34:05,2025-07-03T17:37:02,5,128.1
SESS005682,U000027,cybersecurity,2025-03-08T12:11:51,2025-03-08T12:17:46,9,245.9
SESS005683,U000027,ai_python,2025-11-23T17:20:11,2025-11-23T17:25:17,6,226.5
SESS005684,U000027,cybersecurity,2025-08-02T20:06:10,2025-08-02T20:11:47,7,268.8
SESS005685,U000028,backend_cloud,2025-10-17T23:33:37,2025-10-17T23:39:58,12,257.9
SESS005686,U000028,ai_python,2025-05-31T00:24:58,2025-05-31T00:30:19,11,181.0
SESS005687,U000028,cybersecurity,2025-09-13T07:05:10,2025-09-13T07:08:36,7,125.6
SESS005688,U000028,ai_python,2025-04-28T12:13:48,2025-04-28T12:17:25,5,156.9
SESS005689,U000028,ai_python,2025-08-19T23:59:54,2025-08-20T00:07:09,12,286.0
SESS005690,U000028,ai_python,2025-07-21T02:31:26,2025-07-21T02:36:01,8,204.8
SESS005691,U000029,dsa_java_interview,2025-09-13T18:23:06,2025-09-13T18:26:03,5,126.5
SESS005692,U000029,cybersecurity,2025-03-22T08:21:30,2025-03-22T08:24:44,5,137.8
SESS005693,U000029,entertainment_heavy,2025-03-15T16:10:03,2025-03-15T16:16:35,12,273.2
SESS005694,U000029,backend_cloud,2025-09-20T12:41:55,2025-09-20T12:45:19,6,122.6
SESS005695,U000029,gaming_hardware,2025-10-15T18:26:20,2025-10-15T18:27:41,4,60.8
SESS005696,U000030,gaming_hardware,2025-01-18T08:58:18,2025-01-18T09:00:50,3,111.1
SESS005697,U000030,dsa_java_interview,2025-09-16T19:55:28,2025-09-16T20:00:54,9,255.5
SESS005698,U000030,backend_cloud,2025-11-02T12:25:49,2025-11-02T12:28:07,5,83.2
SESS005699,U000030,entertainment_heavy,2025-07-12T22:12:46,2025-07-12T22:18:56,9,281.4
SESS005700,U000030,mixed_scroll,2025-08-22T04:39:05,2025-08-22T04:46:09,12,301.5
SESS005701,U000030,gaming_hardware,2025-09-24T22:18:42,2025-09-24T22:20:51,4,99.0
SESS005702,U000030,entertainment_heavy,2025-11-07T20:52:55,2025-11-07T20:55:58,6,117.2
SESS005703,U000031,mixed_scroll,2025-04-22T05:07:39,2025-04-22T05:09:03,3,52.4
SESS005704,U000031,cybersecurity,2025-02-22T10:25:15,2025-02-22T10:31:45,12,282.2
SESS005705,U000031,ai_python,2025-02-18T17:44:50,2025-02-18T17:50:01,10,205.9
SESS005706,U000031,entertainment_heavy,2025-05-28T21:57:43,2025-05-28T22:02:13,10,175.5
SESS005707,U000031,mixed_scroll,2025-05-09T04:44:03,2025-05-09T04:50:52,11,308.7
SESS005708,U000032,gaming_hardware,2025-03-03T12:10:09,2025-03-03T12:13:12,6,92.5
SESS005709,U000032,backend_cloud,2025-11-13T02:02:35,2025-11-13T02:04:39,4,81.5
SESS005710,U000032,dsa_java_interview,2025-06-09T01:01:50,2025-06-09T01:09:18,12,301.8
SESS005711,U000032,backend_cloud,2025-05-15T18:25:30,2025-05-15T18:28:48,5,142.4
SESS005712,U000032,mixed_scroll,2025-06-06T02:12:31,2025-06-06T02:15:08,4,111.4
SESS005713,U000033,cybersecurity,2025-07-01T03:29:01,2025-07-01T03:33:05,8,173.3
SESS005714,U000033,mixed_scroll,2025-04-14T05:51:08,2025-04-14T05:56:54,11,240.7
SESS005715,U000033,dsa_java_interview,2025-11-26T12:19:02,2025-11-26T12:25:06,12,243.3
SESS005716,U000033,mixed_scroll,2025-07-16T00:37:58,2025-07-16T00:42:33,10,165.8
SESS005717,U000034,dsa_java_interview,2025-10-11T10:30:27,2025-10-11T10:32:39,4,77.7
SESS005718,U000034,ai_python,2025-05-05T02:14:31,2025-05-05T02:15:44,3,45.8
SESS005719,U000034,mixed_scroll,2025-09-04T14:15:32,2025-09-04T14:16:52,3,48.0
SESS005720,U000034,gaming_hardware,2025-10-15T19:03:32,2025-10-15T19:08:12,12,173.7
SESS005721,U000034,mixed_scroll,2025-05-04T12:00:43,2025-05-04T12:02:17,3,70.9
SESS005722,U000034,cybersecurity,2025-06-19T01:47:55,2025-06-19T01:51:53,7,173.8
SESS005723,U000035,ai_python,2025-06-20T09:09:15,2025-06-20T09:11:40,4,81.7
SESS005724,U000035,dsa_java_interview,2025-03-14T07:09:07,2025-03-14T07:12:54,10,135.4
SESS005725,U000035,cybersecurity,2025-03-02T22:57:43,2025-03-02T23:00:39,4,158.3
SESS005726,U000035,dsa_java_interview,2025-09-16T13:41:15,2025-09-16T13:47:25,12,238.6
SESS005727,U000035,mixed_scroll,2025-05-26T15:07:05,2025-05-26T15:12:36,9,231.4
SESS005728,U000036,mixed_scroll,2025-04-19T15:32:26,2025-04-19T15:35:19,8,94.6
SESS005729,U000036,mixed_scroll,2025-11-19T00:49:31,2025-11-19T00:54:10,7,172.7
SESS005730,U000036,mixed_scroll,2025-09-07T16:33:41,2025-09-07T16:38:51,11,213.5
SESS005731,U000036,entertainment_heavy,2025-06-04T21:12:50,2025-06-04T21:18:19,11,246.8
SESS005732,U000036,dsa_java_interview,2025-03-26T10:39:47,2025-03-26T10:40:59,3,34.5
SESS005733,U000036,backend_cloud,2025-02-13T06:39:56,2025-02-13T06:45:58,11,246.7
SESS005734,U000036,mixed_scroll,2025-07-28T11:06:38,2025-07-28T11:08:24,3,87.9
SESS005735,U000036,backend_cloud,2025-06-16T13:31:28,2025-06-16T13:34:16,5,122.9
SESS005736,U000037,cybersecurity,2025-05-12T17:59:38,2025-05-12T18:01:43,4,76.3
SESS005737,U000037,entertainment_heavy,2025-08-09T08:50:56,2025-08-09T08:52:36,3,54.2
SESS005738,U000037,gaming_hardware,2025-10-12T14:07:44,2025-10-12T14:10:23,5,111.3
SESS005739,U000037,gaming_hardware,2025-05-14T12:21:31,2025-05-14T12:26:30,9,202.7
SESS005740,U000037,cybersecurity,2025-03-06T05:49:42,2025-03-06T05:52:26,4,123.2
SESS005741,U000037,backend_cloud,2025-01-06T03:45:40,2025-01-06T03:48:39,7,98.1
SESS005742,U000037,backend_cloud,2025-02-24T00:39:28,2025-02-24T00:42:23,4,131.6
SESS005743,U000038,backend_cloud,2025-04-07T05:52:34,2025-04-07T05:56:08,8,145.3
SESS005744,U000038,backend_cloud,2025-08-29T01:56:01,2025-08-29T01:59:05,7,128.6
SESS005745,U000038,cybersecurity,2025-10-14T05:19:08,2025-10-14T05:22:05,6,102.9
SESS005746,U000038,ai_python,2025-11-26T17:18:40,2025-11-26T17:23:24,8,181.0
SESS005747,U000038,mixed_scroll,2025-07-02T04:49:05,2025-07-02T04:55:32,12,253.2
SESS005748,U000038,ai_python,2025-05-24T11:47:52,2025-05-24T11:53:19,10,240.9
SESS005749,U000039,mixed_scroll,2025-05-02T17:22:22,2025-05-02T17:27:04,11,174.6
SESS005750,U000039,cybersecurity,2025-11-19T14:39:29,2025-11-19T14:42:00,6,85.6
SESS005751,U000039,mixed_scroll,2025-03-23T21:40:03,2025-03-23T21:44:26,11,157.5
SESS005752,U000040,entertainment_heavy,2025-01-02T08:25:59,2025-01-02T08:33:29,12,309.6
SESS005753,U000040,gaming_hardware,2025-01-17T09:49:01,2025-01-17T09:54:00,10,196.7
SESS005754,U000040,cybersecurity,2025-07-14T14:09:45,2025-07-14T14:16:18,12,288.1
SESS005755,U000041,entertainment_heavy,2025-01-20T03:56:02,2025-01-20T04:01:31,8,234.9
SESS005756,U000041,entertainment_heavy,2025-07-31T06:49:54,2025-07-31T06:54:54,10,207.4
SESS005757,U000041,gaming_hardware,2025-08-28T20:41:40,2025-08-28T20:44:21,7,106.4
SESS005758,U000041,mixed_scroll,2025-01-05T18:50:07,2025-01-05T18:53:12,7,106.6
SESS005759,U000041,entertainment_heavy,2025-03-17T06:08:34,2025-03-17T06:11:38,6,116.9
SESS005760,U000041,dsa_java_interview,2025-07-14T10:17:47,2025-07-14T10:22:09,7,169.9
SESS005761,U000042,entertainment_heavy,2025-01-15T07:39:41,2025-01-15T07:46:14,12,245.6
SESS005762,U000042,mixed_scroll,2025-08-26T09:05:10,2025-08-26T09:07:09,4,78.5
SESS005763,U000042,backend_cloud,2025-10-21T11:14:04,2025-10-21T11:17:39,7,157.7
SESS005764,U000042,backend_cloud,2025-07-09T15:44:16,2025-07-09T15:48:56,11,202.2
SESS005765,U000042,dsa_java_interview,2025-02-14T09:35:33,2025-02-14T09:40:49,12,197.4
SESS005766,U000042,gaming_hardware,2025-11-05T10:20:18,2025-11-05T10:21:40,3,52.0
SESS005767,U000043,backend_cloud,2025-10-10T03:45:01,2025-10-10T03:49:20,9,148.5
SESS005768,U000043,backend_cloud,2025-04-10T16:29:53,2025-04-10T16:34:10,9,183.3
SESS005769,U000043,gaming_hardware,2025-08-17T09:48:46,2025-08-17T09:53:13,12,173.9
SESS005770,U000043,cybersecurity,2025-04-06T03:25:35,2025-04-06T03:29:13,7,132.1
SESS005771,U000043,ai_python,2025-03-23T11:02:14,2025-03-23T11:07:58,11,238.8
SESS005772,U000043,gaming_hardware,2025-01-10T13:45:11,2025-01-10T13:48:45,7,147.2
SESS005773,U000044,entertainment_heavy,2025-03-03T12:56:40,2025-03-03T13:03:17,12,256.9
SESS005774,U000044,entertainment_heavy,2025-11-30T00:36:49,2025-11-30T00:40:12,7,137.0
SESS005775,U000044,entertainment_heavy,2025-06-11T01:44:37,2025-06-11T01:46:08,3,61.0
SESS005776,U000044,cybersecurity,2025-06-28T20:55:17,2025-06-28T20:59:56,8,228.5
SESS005777,U000045,mixed_scroll,2025-03-22T16:10:53,2025-03-22T16:12:53,3,97.2
SESS005778,U000045,backend_cloud,2025-07-31T09:30:32,2025-07-31T09:34:43,7,167.0
SESS005779,U000045,cybersecurity,2025-06-16T16:10:17,2025-06-16T16:16:29,11,262.6
SESS005780,U000045,cybersecurity,2025-08-03T15:42:28,2025-08-03T15:47:41,10,219.9
SESS005781,U000045,cybersecurity,2025-11-26T07:42:11,2025-11-26T07:44:02,3,88.1
SESS005782,U000045,backend_cloud,2025-06-17T23:20:04,2025-06-17T23:22:59,5,124.4
SESS005783,U000046,gaming_hardware,2025-03-15T22:24:05,2025-03-15T22:31:37,12,320.4
SESS005784,U000046,mixed_scroll,2025-11-27T09:43:20,2025-11-27T09:49:35,12,233.4
SESS005785,U000046,ai_python,2025-02-28T18:41:36,2025-02-28T18:46:58,9,247.0
SESS005786,U000046,ai_python,2025-08-25T17:12:19,2025-08-25T17:20:03,12,326.7
SESS005787,U000046,dsa_java_interview,2025-07-08T11:16:08,2025-07-08T11:23:50,12,295.6
SESS005788,U000046,cybersecurity,2025-08-07T14:54:13,2025-08-07T15:00:33,10,250.9
SESS005789,U000046,backend_cloud,2025-02-24T02:45:09,2025-02-24T02:52:10,10,313.3
SESS005790,U000047,cybersecurity,2025-06-28T23:03:28,2025-06-28T23:05:52,6,76.3
SESS005791,U000047,entertainment_heavy,2025-08-07T09:47:09,2025-08-07T09:48:30,3,43.2
SESS005792,U000047,backend_cloud,2025-11-18T04:00:06,2025-11-18T04:02:12,3,86.1
SESS005793,U000047,cybersecurity,2025-04-29T05:38:00,2025-04-29T05:40:34,6,82.3
SESS005794,U000047,backend_cloud,2025-06-11T10:37:57,2025-06-11T10:39:03,4,45.9
SESS005795,U000047,gaming_hardware,2025-07-22T00:02:01,2025-07-22T00:03:45,4,57.6
SESS005796,U000047,entertainment_heavy,2025-01-31T09:49:59,2025-01-31T09:55:38,10,214.0
SESS005797,U000047,dsa_java_interview,2025-04-02T06:12:41,2025-04-02T06:17:12,10,160.3
SESS005798,U000048,entertainment_heavy,2025-05-26T17:16:37,2025-05-26T17:19:29,5,105.0
SESS005799,U000048,mixed_scroll,2025-01-09T03:51:31,2025-01-09T03:53:53,6,83.2
SESS005800,U000048,ai_python,2025-07-22T04:01:26,2025-07-22T04:07:43,11,272.0
SESS005801,U000048,mixed_scroll,2025-01-04T02:39:07,2025-01-04T02:44:28,8,215.3
SESS005802,U000048,cybersecurity,2025-11-14T14:42:23,2025-11-14T14:44:51,5,94.1
SESS005803,U000048,backend_cloud,2025-01-30T19:40:33,2025-01-30T19:44:15,7,143.2
SESS005804,U000049,gaming_hardware,2025-11-13T19:27:43,2025-11-13T19:32:22,8,199.9
SESS005805,U000049,gaming_hardware,2025-01-17T12:08:48,2025-01-17T12:10:46,5,42.7
SESS005806,U000049,cybersecurity,2025-04-13T18:01:07,2025-04-13T18:08:00,12,292.9
SESS005807,U000049,ai_python,2025-02-24T17:19:06,2025-02-24T17:22:16,6,119.5
SESS005808,U000049,mixed_scroll,2025-02-26T08:01:21,2025-02-26T08:06:40,9,236.0
SESS005809,U000050,entertainment_heavy,2025-04-02T00:20:48,2025-04-02T00:24:06,7,145.9
SESS005810,U000050,gaming_hardware,2025-06-10T21:47:40,2025-06-10T21:50:20,7,124.5
SESS005811,U000050,gaming_hardware,2025-07-18T19:00:18,2025-07-18T19:06:06,9,255.3
SESS005812,U000050,mixed_scroll,2025-03-01T03:58:42,2025-03-01T04:00:13,4,59.1
SESS005813,U000051,gaming_hardware,2025-03-24T09:33:25,2025-03-24T09:37:25,6,175.4
SESS005814,U000051,ai_python,2025-10-15T04:11:17,2025-10-15T04:12:46,3,57.2
SESS005815,U000051,mixed_scroll,2025-01-02T21:58:47,2025-01-02T22:04:01,10,226.6
SESS005816,U000051,gaming_hardware,2025-11-05T01:42:00,2025-11-05T01:44:15,3,111.7
SESS005817,U000051,entertainment_heavy,2025-11-02T13:46:23,2025-11-02T13:53:08,9,309.6
SESS005818,U000052,gaming_hardware,2025-07-17T09:28:11,2025-07-17T09:35:47,12,322.5
SESS005819,U000052,mixed_scroll,2025-02-10T09:33:40,2025-02-10T09:34:43,3,30.2
SESS005820,U000052,mixed_scroll,2025-05-01T21:30:57,2025-05-01T21:36:45,9,256.8
SESS005821,U000052,dsa_java_interview,2025-06-26T02:03:43,2025-06-26T02:08:44,12,173.0
SESS005822,U000052,dsa_java_interview,2025-02-04T23:45:34,2025-02-04T23:51:01,11,209.0
SESS005823,U000052,gaming_hardware,2025-07-08T11:34:27,2025-07-08T11:36:49,5,106.3
SESS005824,U000052,cybersecurity,2025-09-18T00:42:28,2025-09-18T00:46:09,5,147.5
SESS005825,U000052,cybersecurity,2025-04-20T00:18:26,2025-04-20T00:20:14,6,56.9
SESS005826,U000053,ai_python,2025-03-18T07:19:38,2025-03-18T07:25:59,11,273.7
SESS005827,U000053,cybersecurity,2025-06-15T18:45:08,2025-06-15T18:48:21,6,115.3
SESS005828,U000053,mixed_scroll,2025-05-11T11:49:52,2025-05-11T11:53:53,9,148.0
SESS005829,U000054,backend_cloud,2025-09-28T06:27:16,2025-09-28T06:31:45,8,198.5
SESS005830,U000054,dsa_java_interview,2025-04-27T01:55:01,2025-04-27T01:58:15,7,126.8
SESS005831,U000054,cybersecurity,2025-07-29T13:37:21,2025-07-29T13:40:00,5,99.3
SESS005832,U000054,cybersecurity,2025-10-26T15:47:07,2025-10-26T15:53:11,11,254.9
SESS005833,U000054,cybersecurity,2025-02-22T06:19:56,2025-02-22T06:22:59,4,134.5
SESS005834,U000054,ai_python,2025-03-05T23:06:54,2025-03-05T23:09:21,6,91.9
SESS005835,U000055,cybersecurity,2025-06-28T02:51:52,2025-06-28T02:53:26,3,65.2
SESS005836,U000055,cybersecurity,2025-11-07T12:46:32,2025-11-07T12:48:42,4,91.1
SESS005837,U000055,entertainment_heavy,2025-09-15T14:40:50,2025-09-15T14:49:12,12,323.3
SESS005838,U000055,ai_python,2025-05-11T14:49:03,2025-05-11T14:52:18,6,129.9
SESS005839,U000056,backend_cloud,2025-10-13T18:41:37,2025-10-13T18:45:14,7,146.4
SESS005840,U000056,mixed_scroll,2025-10-05T10:06:35,2025-10-05T10:09:50,6,171.9
SESS005841,U000056,entertainment_heavy,2025-06-16T01:14:04,2025-06-16T01:20:59,12,274.3
SESS005842,U000056,ai_python,2025-03-12T00:09:07,2025-03-12T00:11:33,5,96.2
SESS005843,U000056,entertainment_heavy,2025-07-13T16:19:05,2025-07-13T16:24:57,10,226.6
SESS005844,U000056,dsa_java_interview,2025-10-29T22:23:05,2025-10-29T22:29:23,12,277.9
SESS005845,U000056,entertainment_heavy,2025-07-28T08:31:06,2025-07-28T08:34:36,7,131.8
SESS005846,U000057,dsa_java_interview,2025-08-23T11:32:52,2025-08-23T11:37:52,10,175.9
SESS005847,U000057,ai_python,2025-10-29T22:49:00,2025-10-29T22:53:43,11,162.5
SESS005848,U000057,cybersecurity,2025-09-07T21:46:22,2025-09-07T21:48:20,7,59.1
SESS005849,U000058,dsa_java_interview,2025-04-14T18:02:18,2025-04-14T18:09:23,12,297.0
SESS005850,U000058,entertainment_heavy,2025-07-14T03:28:37,2025-07-14T03:34:24,11,217.2
SESS005851,U000058,entertainment_heavy,2025-02-22T08:27:58,2025-02-22T08:30:55,8,77.6
SESS005852,U000059,gaming_hardware,2025-11-23T15:00:56,2025-11-23T15:09:03,12,334.2
SESS005853,U000059,ai_python,2025-03-06T16:39:53,2025-03-06T16:44:52,9,225.1
SESS005854,U000059,ai_python,2025-11-30T20:56:31,2025-11-30T20:59:56,9,119.9
SESS005855,U000059,cybersecurity,2025-08-28T12:35:21,2025-08-28T12:41:51,11,258.6
SESS005856,U000059,mixed_scroll,2025-03-21T22:04:18,2025-03-21T22:11:25,11,319.1
SESS005857,U000060,gaming_hardware,2025-05-17T09:13:08,2025-05-17T09:17:13,6,170.6
SESS005858,U000060,gaming_hardware,2025-01-31T09:20:23,2025-01-31T09:24:23,7,169.4
SESS005859,U000060,cybersecurity,2025-06-04T15:58:39,2025-06-04T15:59:45,3,32.6
SESS005860,U000060,mixed_scroll,2025-03-11T05:12:36,2025-03-11T05:18:01,9,213.5
SESS005861,U000060,backend_cloud,2025-08-22T09:51:59,2025-08-22T09:53:53,3,76.6
SESS005862,U000060,gaming_hardware,2025-01-15T19:56:49,2025-01-15T20:04:05,12,306.5
SESS005863,U000061,mixed_scroll,2025-06-16T20:35:55,2025-06-16T20:42:23,12,246.1
SESS005864,U000061,cybersecurity,2025-09-28T20:28:11,2025-09-28T20:29:14,3,38.6
SESS005865,U000061,ai_python,2025-10-17T22:28:21,2025-10-17T22:30:58,6,94.5
SESS005866,U000061,gaming_hardware,2025-06-28T05:29:43,2025-06-28T05:36:14,12,274.5
SESS005867,U000061,entertainment_heavy,2025-01-18T11:14:33,2025-01-18T11:20:49,12,266.1
SESS005868,U000062,cybersecurity,2025-09-30T07:37:15,2025-09-30T07:42:10,11,152.8
SESS005869,U000062,gaming_hardware,2025-01-21T00:26:10,2025-01-21T00:32:00,12,232.8
SESS005870,U000062,mixed_scroll,2025-04-14T03:49:06,2025-04-14T03:54:15,10,225.6
SESS005871,U000063,dsa_java_interview,2025-06-26T16:16:48,2025-06-26T16:18:17,3,56.8
SESS005872,U000063,gaming_hardware,2025-04-05T21:18:17,2025-04-05T21:20:03,5,82.7
SESS005873,U000063,gaming_hardware,2025-11-01T08:30:53,2025-11-01T08:31:47,3,22.3
SESS005874,U000063,ai_python,2025-09-17T17:12:20,2025-09-17T17:19:36,10,311.2
SESS005875,U000063,gaming_hardware,2025-10-04T11:19:15,2025-10-04T11:25:58,10,277.4
SESS005876,U000063,cybersecurity,2025-11-13T05:45:21,2025-11-13T05:48:47,6,134.6
SESS005877,U000064,cybersecurity,2025-08-27T16:00:40,2025-08-27T16:05:58,10,200.9
SESS005878,U000064,dsa_java_interview,2025-08-28T16:27:20,2025-08-28T16:32:50,10,232.4
SESS005879,U000064,entertainment_heavy,2025-06-30T12:02:32,2025-06-30T12:05:49,4,148.3
SESS005880,U000064,backend_cloud,2025-09-27T07:31:06,2025-09-27T07:33:11,4,82.9
SESS005881,U000064,cybersecurity,2025-06-13T01:27:37,2025-06-13T01:30:26,7,106.9
SESS005882,U000064,entertainment_heavy,2025-09-03T04:20:26,2025-09-03T04:26:39,12,230.7
SESS005883,U000064,cybersecurity,2025-05-06T13:02:33,2025-05-06T13:07:38,9,206.7
SESS005884,U000064,backend_cloud,2025-05-11T06:28:35,2025-05-11T06:34:39,11,242.9
SESS005885,U000065,ai_python,2025-09-21T13:03:05,2025-09-21T13:08:57,9,270.9
SESS005886,U000065,mixed_scroll,2025-11-09T10:41:07,2025-11-09T10:43:25,5,89.0
SESS005887,U000065,mixed_scroll,2025-07-04T17:17:20,2025-07-04T17:23:40,10,269.6
SESS005888,U000066,dsa_java_interview,2025-11-14T07:32:47,2025-11-14T07:36:58,8,183.6
SESS005889,U000066,ai_python,2025-11-04T08:33:14,2025-11-04T08:39:21,9,283.2
SESS005890,U000066,mixed_scroll,2025-02-04T12:58:11,2025-02-04T13:00:33,6,87.5
SESS005891,U000067,ai_python,2025-02-27T22:17:43,2025-02-27T22:19:57,4,87.8
SESS005892,U000067,cybersecurity,2025-10-03T16:55:58,2025-10-03T17:00:28,9,168.2
SESS005893,U000067,cybersecurity,2025-05-18T14:40:34,2025-05-18T14:43:13,5,117.8
SESS005894,U000067,dsa_java_interview,2025-06-11T18:22:03,2025-06-11T18:23:35,5,52.2
SESS005895,U000067,ai_python,2025-03-02T14:19:20,2025-03-02T14:25:29,12,234.2
SESS005896,U000067,ai_python,2025-05-27T01:32:17,2025-05-27T01:37:46,9,235.1
SESS005897,U000067,backend_cloud,2025-11-19T03:52:46,2025-11-19T03:58:53,11,237.3
SESS005898,U000067,dsa_java_interview,2025-11-12T12:29:01,2025-11-12T12:33:50,12,181.0
SESS005899,U000068,backend_cloud,2025-11-11T09:05:18,2025-11-11T09:09:34,7,195.1
SESS005900,U000068,gaming_hardware,2025-07-03T17:53:52,2025-07-03T18:00:12,9,294.7
SESS005901,U000068,dsa_java_interview,2025-04-15T11:07:54,2025-04-15T11:11:58,6,160.2
SESS005902,U000068,ai_python,2025-08-31T03:05:58,2025-08-31T03:08:45,5,123.3
SESS005903,U000068,backend_cloud,2025-01-07T00:47:45,2025-01-07T00:52:37,9,220.4
SESS005904,U000068,ai_python,2025-08-26T07:12:31,2025-08-26T07:15:45,5,128.1
SESS005905,U000068,ai_python,2025-11-27T04:12:23,2025-11-27T04:14:49,4,105.6
SESS005906,U000068,ai_python,2025-06-25T18:31:58,2025-06-25T18:39:49,11,345.0
SESS005907,U000069,gaming_hardware,2025-09-20T10:53:12,2025-09-20T10:55:24,5,75.1
SESS005908,U000069,entertainment_heavy,2025-10-17T13:15:32,2025-10-17T13:17:59,6,83.7
SESS005909,U000069,dsa_java_interview,2025-05-14T10:02:47,2025-05-14T10:05:11,4,98.1
SESS005910,U000069,mixed_scroll,2025-08-27T12:14:15,2025-08-27T12:18:47,7,203.8
SESS005911,U000069,entertainment_heavy,2025-06-15T13:51:07,2025-06-15T13:52:31,3,45.9
SESS005912,U000070,gaming_hardware,2025-08-02T20:12:41,2025-08-02T20:19:57,12,328.9
SESS005913,U000070,gaming_hardware,2025-09-15T10:16:16,2025-09-15T10:20:40,8,181.5
SESS005914,U000070,mixed_scroll,2025-11-16T15:01:33,2025-11-16T15:03:35,5,84.6
SESS005915,U000070,entertainment_heavy,2025-06-18T13:13:58,2025-06-18T13:19:50,9,259.1
SESS005916,U000071,cybersecurity,2025-09-12T01:16:56,2025-09-12T01:21:22,10,161.2
SESS005917,U000071,dsa_java_interview,2025-07-03T15:21:27,2025-07-03T15:25:26,6,171.8
SESS005918,U000071,cybersecurity,2025-11-23T23:53:23,2025-11-23T23:59:35,12,231.0
SESS005919,U000071,cybersecurity,2025-05-26T22:59:10,2025-05-26T23:03:21,7,176.6
SESS005920,U000071,ai_python,2025-07-01T11:31:44,2025-07-01T11:35:43,10,146.9
SESS005921,U000071,dsa_java_interview,2025-09-05T00:40:59,2025-09-05T00:42:35,4,59.1
SESS005922,U000071,ai_python,2025-07-14T17:20:01,2025-07-14T17:25:25,11,193.7
SESS005923,U000071,mixed_scroll,2025-05-29T13:24:58,2025-05-29T13:28:42,6,138.8
SESS005924,U000072,backend_cloud,2025-11-03T12:36:06,2025-11-03T12:41:33,10,216.6
SESS005925,U000072,mixed_scroll,2025-08-15T06:58:29,2025-08-15T07:03:00,7,188.0
SESS005926,U000072,mixed_scroll,2025-11-21T15:52:45,2025-11-21T15:55:10,5,93.4
SESS005927,U000072,cybersecurity,2025-10-30T16:55:08,2025-10-30T17:00:20,10,225.2
SESS005928,U000072,mixed_scroll,2025-05-27T05:17:59,2025-05-27T05:24:55,12,297.0
SESS005929,U000072,dsa_java_interview,2025-07-13T12:07:22,2025-07-13T12:11:34,7,160.3
SESS005930,U000072,dsa_java_interview,2025-04-16T08:45:51,2025-04-16T08:54:08,12,368.4
SESS005931,U000072,cybersecurity,2025-04-13T04:15:01,2025-04-13T04:16:59,4,62.4
SESS005932,U000073,mixed_scroll,2025-10-21T02:06:35,2025-10-21T02:10:18,10,158.5
SESS005933,U000073,backend_cloud,2025-08-11T21:28:24,2025-08-11T21:32:58,10,140.7
SESS005934,U000073,cybersecurity,2025-03-04T01:37:38,2025-03-04T01:42:02,10,190.3
SESS005935,U000074,gaming_hardware,2025-09-17T21:14:51,2025-09-17T21:18:07,8,143.8
SESS005936,U000074,entertainment_heavy,2025-04-18T18:19:09,2025-04-18T18:23:25,9,178.3
SESS005937,U000074,mixed_scroll,2025-05-07T16:26:36,2025-05-07T16:30:16,8,147.6
SESS005938,U000075,cybersecurity,2025-10-12T22:17:13,2025-10-12T22:22:45,10,184.9
SESS005939,U000075,mixed_scroll,2025-09-14T03:21:55,2025-09-14T03:22:57,3,51.2
SESS005940,U000075,cybersecurity,2025-03-12T18:36:57,2025-03-12T18:41:17,12,166.1
SESS005941,U000075,backend_cloud,2025-06-21T11:59:25,2025-06-21T12:02:15,4,129.5
SESS005942,U000075,entertainment_heavy,2025-09-07T14:21:48,2025-09-07T14:24:22,6,89.5
SESS005943,U000075,backend_cloud,2025-04-12T22:28:49,2025-04-12T22:32:20,5,171.3
SESS005944,U000076,gaming_hardware,2025-01-24T12:07:32,2025-01-24T12:11:07,7,127.9
SESS005945,U000076,entertainment_heavy,2025-07-31T02:02:33,2025-07-31T02:08:47,11,288.5
SESS005946,U000076,entertainment_heavy,2025-10-10T21:34:04,2025-10-10T21:38:49,9,203.1
SESS005947,U000076,ai_python,2025-06-16T17:37:06,2025-06-16T17:42:55,11,247.6
SESS005948,U000076,entertainment_heavy,2025-09-19T20:52:40,2025-09-19T20:57:39,8,200.9
SESS005949,U000076,entertainment_heavy,2025-07-04T23:54:01,2025-07-05T00:00:27,12,250.8
SESS005950,U000076,gaming_hardware,2025-07-28T02:01:28,2025-07-28T02:06:17,10,183.7
SESS005951,U000076,ai_python,2025-09-28T14:46:14,2025-09-28T14:52:16,9,253.4
SESS005952,U000077,entertainment_heavy,2025-03-16T20:59:50,2025-03-16T21:04:29,12,186.1
SESS005953,U000077,gaming_hardware,2025-07-10T05:40:45,2025-07-10T05:42:04,3,47.3
SESS005954,U000077,mixed_scroll,2025-01-28T05:47:11,2025-01-28T05:51:48,9,195.3
SESS005955,U000077,dsa_java_interview,2025-09-19T13:57:31,2025-09-19T14:02:37,9,249.0
SESS005956,U000077,mixed_scroll,2025-04-08T11:34:58,2025-04-08T11:40:40,11,204.1
SESS005957,U000078,backend_cloud,2025-06-27T02:33:23,2025-06-27T02:37:50,7,202.2
SESS005958,U000078,cybersecurity,2025-05-25T01:20:58,2025-05-25T01:25:53,10,168.1
SESS005959,U000078,ai_python,2025-11-29T08:10:43,2025-11-29T08:16:19,11,212.1
SESS005960,U000078,entertainment_heavy,2025-11-08T14:01:25,2025-11-08T14:04:16,4,128.5
SESS005961,U000078,mixed_scroll,2025-05-10T09:24:06,2025-05-10T09:27:16,7,118.5
SESS005962,U000078,cybersecurity,2025-08-07T19:43:41,2025-08-07T19:49:30,10,245.3
SESS005963,U000078,entertainment_heavy,2025-02-18T17:05:36,2025-02-18T17:09:39,9,152.9
SESS005964,U000079,cybersecurity,2025-08-20T23:35:21,2025-08-20T23:38:31,9,121.7
SESS005965,U000079,gaming_hardware,2025-01-27T15:00:23,2025-01-27T15:05:04,11,161.0
SESS005966,U000079,ai_python,2025-06-03T04:59:29,2025-06-03T05:04:23,9,195.8
SESS005967,U000080,mixed_scroll,2025-06-26T22:31:42,2025-06-26T22:35:11,7,126.8
SESS005968,U000080,entertainment_heavy,2025-02-27T09:59:08,2025-02-27T10:04:56,9,230.0
SESS005969,U000080,entertainment_heavy,2025-10-13T15:59:45,2025-10-13T16:03:10,6,142.8
SESS005970,U000080,entertainment_heavy,2025-11-17T17:31:38,2025-11-17T17:34:31,5,105.6
SESS005971,U000080,gaming_hardware,2025-01-02T06:02:19,2025-01-02T06:06:08,7,139.7
SESS005972,U000080,dsa_java_interview,2025-03-02T06:46:19,2025-03-02T06:51:27,9,220.4
SESS005973,U000080,mixed_scroll,2025-06-19T04:55:50,2025-06-19T04:59:56,7,170.4
SESS005974,U000080,backend_cloud,2025-01-29T13:32:54,2025-01-29T13:37:48,10,192.9
SESS005975,U000081,backend_cloud,2025-05-22T11:13:23,2025-05-22T11:17:58,8,209.8
SESS005976,U000081,entertainment_heavy,2025-02-03T15:58:47,2025-02-03T16:02:08,8,133.1
SESS005977,U000081,dsa_java_interview,2025-07-13T15:00:11,2025-07-13T15:02:02,3,71.6
SESS005978,U000081,backend_cloud,2025-03-15T19:46:39,2025-03-15T19:53:05,10,297.4
SESS005979,U000081,entertainment_heavy,2025-01-14T12:55:46,2025-01-14T13:00:20,8,176.9
SESS005980,U000081,entertainment_heavy,2025-05-22T00:31:59,2025-05-22T00:39:16,11,314.6
SESS005981,U000082,entertainment_heavy,2025-09-02T06:22:24,2025-09-02T06:28:32,10,239.3
SESS005982,U000082,dsa_java_interview,2025-01-01T20:31:45,2025-01-01T20:32:51,3,33.7
SESS005983,U000082,entertainment_heavy,2025-02-20T05:25:24,2025-02-20T05:29:32,10,162.0
SESS005984,U000082,dsa_java_interview,2025-09-08T13:48:15,2025-09-08T13:51:19,4,110.9
SESS005985,U000083,cybersecurity,2025-09-14T06:47:11,2025-09-14T06:52:02,8,184.6
SESS005986,U000083,dsa_java_interview,2025-05-05T17:34:18,2025-05-05T17:36:27,4,90.5
SESS005987,U000083,ai_python,2025-06-26T19:20:54,2025-06-26T19:26:34,11,226.7
SESS005988,U000083,ai_python,2025-06-15T14:21:13,2025-06-15T14:25:37,9,173.7
SESS005989,U000083,ai_python,2025-01-01T07:53:40,2025-01-01T08:00:01,9,294.7
SESS005990,U000083,cybersecurity,2025-08-23T16:12:33,2025-08-23T16:20:00,12,314.2
SESS005991,U000083,ai_python,2025-09-22T06:18:11,2025-09-22T06:19:39,3,61.7
SESS005992,U000083,entertainment_heavy,2025-05-11T20:00:16,2025-05-11T20:05:48,11,198.8
SESS005993,U000084,backend_cloud,2025-05-14T17:22:00,2025-05-14T17:25:13,6,162.6
SESS005994,U000084,dsa_java_interview,2025-03-07T05:43:31,2025-03-07T05:47:14,7,145.4
SESS005995,U000084,backend_cloud,2025-01-22T07:59:55,2025-01-22T08:03:04,8,91.1
SESS005996,U000085,entertainment_heavy,2025-11-17T20:40:21,2025-11-17T20:41:46,3,46.9
SESS005997,U000085,cybersecurity,2025-05-13T13:12:58,2025-05-13T13:17:52,9,223.3
SESS005998,U000085,ai_python,2025-06-02T22:55:27,2025-06-02T22:58:09,6,89.2
SESS005999,U000085,mixed_scroll,2025-01-03T20:54:50,2025-01-03T20:58:12,6,140.8
SESS006000,U000086,entertainment_heavy,2025-06-20T23:42:44,2025-06-20T23:48:16,11,243.2
SESS006001,U000086,mixed_scroll,2025-06-20T09:22:50,2025-06-20T09:27:28,11,169.2
SESS006002,U000086,dsa_java_interview,2025-01-06T14:19:57,2025-01-06T14:24:15,9,178.5
SESS006003,U000087,mixed_scroll,2025-04-02T21:18:55,2025-04-02T21:24:06,10,221.0
SESS006004,U000087,gaming_hardware,2025-11-10T07:24:31,2025-11-10T07:26:34,3,76.3
SESS006005,U000087,gaming_hardware,2025-01-13T17:16:53,2025-01-13T17:19:51,5,120.5
SESS006006,U000087,backend_cloud,2025-07-02T15:55:41,2025-07-02T15:57:41,5,62.9
SESS006007,U000087,entertainment_heavy,2025-10-21T16:56:54,2025-10-21T16:58:33,4,72.2
SESS006008,U000087,cybersecurity,2025-11-26T16:32:58,2025-11-26T16:36:37,5,159.5
SESS006009,U000088,dsa_java_interview,2025-04-25T10:58:05,2025-04-25T11:04:27,11,253.2
SESS006010,U000088,dsa_java_interview,2025-10-29T03:06:53,2025-10-29T03:09:51,5,122.0
SESS006011,U000088,ai_python,2025-01-14T11:16:05,2025-01-14T11:20:11,9,162.2
SESS006012,U000088,mixed_scroll,2025-02-04T03:21:56,2025-02-04T03:26:30,9,192.8
SESS006013,U000088,mixed_scroll,2025-06-07T05:46:37,2025-06-07T05:49:24,6,120.6
SESS006014,U000089,cybersecurity,2025-08-18T03:59:00,2025-08-18T04:00:36,3,61.5
SESS006015,U000089,dsa_java_interview,2025-07-15T11:11:07,2025-07-15T11:17:04,7,287.1
SESS006016,U000089,ai_python,2025-07-03T07:53:32,2025-07-03T07:59:09,10,229.5
SESS006017,U000089,gaming_hardware,2025-03-01T02:57:56,2025-03-01T03:01:21,6,150.9
SESS006018,U000089,dsa_java_interview,2025-01-28T20:32:20,2025-01-28T20:34:26,4,74.4
SESS006019,U000089,gaming_hardware,2025-02-04T11:36:40,2025-02-04T11:44:59,12,342.2
SESS006020,U000089,gaming_hardware,2025-06-13T19:08:22,2025-06-13T19:11:11,6,119.4
SESS006021,U000090,gaming_hardware,2025-05-18T14:13:36,2025-05-18T14:19:52,10,275.7
SESS006022,U000090,dsa_java_interview,2025-09-11T13:07:19,2025-09-11T13:09:00,3,66.4
SESS006023,U000090,gaming_hardware,2025-04-18T09:05:02,2025-04-18T09:09:00,6,174.4
SESS006024,U000090,gaming_hardware,2025-10-11T09:33:58,2025-10-11T09:37:30,7,157.9
SESS006025,U000090,gaming_hardware,2025-04-06T17:23:14,2025-04-06T17:25:38,3,95.1
SESS006026,U000090,dsa_java_interview,2025-05-24T18:37:40,2025-05-24T18:43:47,11,271.1
SESS006027,U000090,backend_cloud,2025-06-02T10:11:41,2025-06-02T10:16:42,9,212.3
SESS006028,U000090,ai_python,2025-05-14T00:32:34,2025-05-14T00:38:02,11,197.5
SESS006029,U000091,entertainment_heavy,2025-05-14T07:27:47,2025-05-14T07:29:51,6,54.5
SESS006030,U000091,entertainment_heavy,2025-11-11T08:55:22,2025-11-11T09:00:55,11,230.8
SESS006031,U000091,ai_python,2025-08-01T15:17:02,2025-08-01T15:21:30,8,188.9
SESS006032,U000091,entertainment_heavy,2025-07-26T10:28:43,2025-07-26T10:32:11,6,132.1
SESS006033,U000091,entertainment_heavy,2025-04-30T10:56:53,2025-04-30T11:00:46,7,172.0
SESS006034,U000091,gaming_hardware,2025-11-23T00:21:02,2025-11-23T00:24:46,8,137.6
SESS006035,U000092,mixed_scroll,2025-11-28T01:00:20,2025-11-28T01:06:00,9,248.1
SESS006036,U000092,mixed_scroll,2025-03-05T09:11:05,2025-03-05T09:15:16,8,177.0
SESS006037,U000092,gaming_hardware,2025-02-24T16:58:13,2025-02-24T17:03:03,7,222.8
SESS006038,U000093,ai_python,2025-10-20T12:26:46,2025-10-20T12:31:37,11,152.6
SESS006039,U000093,cybersecurity,2025-09-10T20:30:31,2025-09-10T20:36:09,8,243.6
SESS006040,U000093,backend_cloud,2025-04-04T18:39:25,2025-04-04T18:42:08,5,103.7
SESS006041,U000094,backend_cloud,2025-09-24T04:56:05,2025-09-24T04:59:08,4,140.7
SESS006042,U000094,cybersecurity,2025-09-23T15:16:47,2025-09-23T15:23:00,9,235.2
SESS006043,U000094,ai_python,2025-04-12T08:53:07,2025-04-12T08:54:03,3,34.6
SESS006044,U000095,cybersecurity,2025-01-16T10:42:05,2025-01-16T10:46:48,10,181.2
SESS006045,U000095,backend_cloud,2025-03-20T01:45:04,2025-03-20T01:48:17,7,130.7
SESS006046,U000095,entertainment_heavy,2025-04-24T03:46:05,2025-04-24T03:51:56,12,230.9
SESS006047,U000095,mixed_scroll,2025-02-04T03:47:17,2025-02-04T03:54:00,9,298.9
SESS006048,U000095,entertainment_heavy,2025-05-22T05:31:55,2025-05-22T05:35:12,8,118.6
SESS006049,U000095,mixed_scroll,2025-09-01T12:06:32,2025-09-01T12:10:05,7,125.1
SESS006050,U000095,mixed_scroll,2025-01-19T06:27:05,2025-01-19T06:27:50,3,26.1
SESS006051,U000095,mixed_scroll,2025-07-19T09:42:26,2025-07-19T09:45:58,7,125.1
SESS006052,U000096,dsa_java_interview,2025-03-06T21:38:57,2025-03-06T21:44:42,10,253.6
SESS006053,U000096,gaming_hardware,2025-09-20T05:25:23,2025-09-20T05:27:39,5,68.4
SESS006054,U000096,cybersecurity,2025-03-17T01:39:31,2025-03-17T01:43:31,10,159.8
SESS006055,U000096,backend_cloud,2025-03-20T07:15:42,2025-03-20T07:19:33,8,146.9
SESS006056,U000097,entertainment_heavy,2025-06-22T09:32:39,2025-06-22T09:36:24,7,151.7
SESS006057,U000097,gaming_hardware,2025-08-12T10:34:39,2025-08-12T10:39:03,11,186.2
SESS006058,U000097,dsa_java_interview,2025-09-20T06:44:22,2025-09-20T06:47:47,7,129.7
SESS006059,U000097,backend_cloud,2025-06-22T02:26:01,2025-06-22T02:31:18,11,202.6
SESS006060,U000097,mixed_scroll,2025-08-18T03:01:01,2025-08-18T03:04:40,8,147.8
SESS006061,U000097,ai_python,2025-04-21T18:55:53,2025-04-21T18:58:37,6,102.1
SESS006062,U000097,cybersecurity,2025-10-25T10:35:10,2025-10-25T10:36:44,4,53.4
SESS006063,U000098,backend_cloud,2025-05-29T17:21:05,2025-05-29T17:24:25,6,122.2
SESS006064,U000098,backend_cloud,2025-02-10T13:31:08,2025-02-10T13:35:23,8,161.5
SESS006065,U000098,backend_cloud,2025-04-12T04:26:24,2025-04-12T04:29:13,6,103.7
SESS006066,U000098,cybersecurity,2025-02-23T04:34:43,2025-02-23T04:36:21,4,55.9
SESS006067,U000098,backend_cloud,2025-05-20T21:26:33,2025-05-20T21:30:04,8,137.2
SESS006068,U000098,mixed_scroll,2025-11-07T15:53:31,2025-11-07T15:54:55,4,49.0
SESS006069,U000098,entertainment_heavy,2025-11-28T11:27:42,2025-11-28T11:34:33,12,266.2
SESS006070,U000098,gaming_hardware,2025-02-02T20:23:55,2025-02-02T20:29:39,12,216.0
SESS006071,U000099,mixed_scroll,2025-05-22T18:01:13,2025-05-22T18:05:01,5,178.0
SESS006072,U000099,entertainment_heavy,2025-05-27T15:14:59,2025-05-27T15:16:55,6,61.1
SESS006073,U000099,mixed_scroll,2025-01-31T11:00:43,2025-01-31T11:05:38,10,190.9
SESS006074,U000100,ai_python,2025-02-06T09:26:53,2025-02-06T09:28:37,3,65.6
SESS006075,U000100,dsa_java_interview,2025-11-20T17:47:58,2025-11-20T17:49:42,4,42.1
SESS006076,U000100,dsa_java_interview,2025-04-01T20:40:11,2025-04-01T20:42:55,5,104.1
SESS006077,U000101,entertainment_heavy,2025-10-13T12:24:44,2025-10-13T12:29:23,10,186.0
SESS006078,U000101,entertainment_heavy,2025-01-06T15:12:23,2025-01-06T15:17:35,10,221.9
SESS006079,U000101,cybersecurity,2025-01-26T15:43:32,2025-01-26T15:46:45,4,164.1
SESS006080,U000101,cybersecurity,2025-11-26T12:24:20,2025-11-26T12:26:08,4,61.4
SESS006081,U000102,backend_cloud,2025-02-04T12:39:54,2025-02-04T12:44:57,9,194.8
SESS006082,U000102,mixed_scroll,2025-02-14T10:50:35,2025-02-14T10:53:35,6,101.7
SESS006083,U000102,backend_cloud,2025-02-27T02:02:39,2025-02-27T02:05:50,6,134.4
SESS006084,U000103,ai_python,2025-05-26T07:59:50,2025-05-26T08:03:46,7,165.9
SESS006085,U000103,entertainment_heavy,2025-04-29T11:18:22,2025-04-29T11:20:04,3,62.5
SESS006086,U000103,dsa_java_interview,2025-08-08T08:49:32,2025-08-08T08:51:22,4,80.5
SESS006087,U000103,backend_cloud,2025-11-14T13:39:37,2025-11-14T13:43:37,7,166.8
SESS006088,U000103,dsa_java_interview,2025-03-19T15:32:06,2025-03-19T15:33:05,3,37.9
SESS006089,U000104,backend_cloud,2025-11-18T22:37:30,2025-11-18T22:39:12,3,60.9
SESS006090,U000104,cybersecurity,2025-10-05T09:59:40,2025-10-05T10:01:04,3,52.4
SESS006091,U000104,dsa_java_interview,2025-04-13T09:24:26,2025-04-13T09:25:45,4,58.4
SESS006092,U000105,backend_cloud,2025-02-08T19:25:17,2025-02-08T19:28:08,6,107.4
SESS006093,U000105,backend_cloud,2025-08-19T21:05:39,2025-08-19T21:11:07,12,211.6
SESS006094,U000105,entertainment_heavy,2025-07-09T00:04:28,2025-07-09T00:06:14,4,84.2
SESS006095,U000106,mixed_scroll,2025-09-26T10:22:40,2025-09-26T10:28:45,9,270.5
SESS006096,U000106,backend_cloud,2025-01-21T06:20:46,2025-01-21T06:23:26,4,118.4
SESS006097,U000106,backend_cloud,2025-09-17T16:18:17,2025-09-17T16:20:01,3,87.1
SESS006098,U000106,gaming_hardware,2025-10-21T13:44:00,2025-10-21T13:47:26,8,127.5
SESS006099,U000106,entertainment_heavy,2025-03-10T02:20:00,2025-03-10T02:24:31,10,181.9
SESS006100,U000107,entertainment_heavy,2025-02-25T18:14:03,2025-02-25T18:20:08,12,211.1
SESS006101,U000107,mixed_scroll,2025-02-05T00:27:26,2025-02-05T00:34:12,11,312.2
SESS006102,U000107,ai_python,2025-03-20T16:47:27,2025-03-20T16:48:45,3,54.0
SESS006103,U000107,dsa_java_interview,2025-05-13T08:59:00,2025-05-13T09:03:47,8,166.1
SESS006104,U000107,mixed_scroll,2025-04-22T00:07:04,2025-04-22T00:08:17,4,34.2
SESS006105,U000108,gaming_hardware,2025-06-09T18:08:51,2025-06-09T18:11:39,6,121.3
SESS006106,U000108,ai_python,2025-10-31T06:42:22,2025-10-31T06:44:07,3,81.5
SESS006107,U000108,dsa_java_interview,2025-03-19T01:29:05,2025-03-19T01:33:50,10,195.1
SESS006108,U000108,ai_python,2025-09-15T17:37:49,2025-09-15T17:42:04,10,148.5
SESS006109,U000108,backend_cloud,2025-11-14T22:58:31,2025-11-14T23:01:15,5,105.1
SESS006110,U000108,mixed_scroll,2025-08-04T01:40:11,2025-08-04T01:46:29,12,243.5
SESS006111,U000108,gaming_hardware,2025-08-17T16:51:37,2025-08-17T16:56:17,8,195.7
SESS006112,U000108,gaming_hardware,2025-08-16T20:24:46,2025-08-16T20:30:23,12,189.7
SESS006113,U000109,dsa_java_interview,2025-03-08T19:03:39,2025-03-08T19:11:49,12,373.5
SESS006114,U000109,backend_cloud,2025-10-06T05:09:35,2025-10-06T05:12:08,5,77.1
SESS006115,U000109,dsa_java_interview,2025-02-26T14:02:01,2025-02-26T14:06:13,8,155.2
SESS006116,U000109,mixed_scroll,2025-06-17T17:41:31,2025-06-17T17:46:32,10,197.0
SESS006117,U000109,cybersecurity,2025-08-22T07:33:08,2025-08-22T07:36:28,6,128.8
SESS006118,U000109,mixed_scroll,2025-04-14T07:16:23,2025-04-14T07:20:35,7,192.9
SESS006119,U000110,cybersecurity,2025-08-15T00:48:01,2025-08-15T00:50:12,6,69.4
SESS006120,U000110,mixed_scroll,2025-06-16T05:50:20,2025-06-16T05:51:58,3,71.3
SESS006121,U000110,dsa_java_interview,2025-10-08T13:40:45,2025-10-08T13:46:48,11,229.0
SESS006122,U000110,mixed_scroll,2025-06-08T04:10:26,2025-06-08T04:11:45,3,44.7
SESS006123,U000111,dsa_java_interview,2025-01-13T02:26:32,2025-01-13T02:27:46,3,41.3
SESS006124,U000111,ai_python,2025-06-08T08:16:38,2025-06-08T08:19:17,6,106.3
SESS006125,U000111,dsa_java_interview,2025-11-22T17:55:51,2025-11-22T18:00:33,10,194.9
SESS006126,U000112,dsa_java_interview,2025-08-17T22:34:39,2025-08-17T22:40:40,11,239.8
SESS006127,U000112,cybersecurity,2025-10-26T02:49:27,2025-10-26T02:51:11,3,74.4
SESS006128,U000112,entertainment_heavy,2025-08-30T09:48:13,2025-08-30T09:55:17,11,337.5
SESS006129,U000112,entertainment_heavy,2025-04-30T06:40:57,2025-04-30T06:45:15,8,170.7
SESS006130,U000112,backend_cloud,2025-01-07T02:22:47,2025-01-07T02:29:17,12,258.6
SESS006131,U000112,gaming_hardware,2025-02-10T12:20:15,2025-02-10T12:26:05,12,219.9
SESS006132,U000112,cybersecurity,2025-05-13T10:56:17,2025-05-13T11:00:04,8,129.0
SESS006133,U000112,ai_python,2025-08-12T07:18:18,2025-08-12T07:22:18,8,159.9
SESS006134,U000113,gaming_hardware,2025-08-02T04:09:52,2025-08-02T04:13:30,7,151.8
SESS006135,U000113,entertainment_heavy,2025-10-11T05:29:34,2025-10-11T05:32:40,7,108.6
SESS006136,U000113,entertainment_heavy,2025-01-27T13:53:09,2025-01-27T13:54:48,4,44.3
SESS006137,U000113,mixed_scroll,2025-02-05T01:49:01,2025-02-05T01:54:21,7,245.5
SESS006138,U000113,cybersecurity,2025-06-02T13:29:45,2025-06-02T13:37:32,12,349.6
SESS006139,U000114,cybersecurity,2025-09-08T21:18:00,2025-09-08T21:20:20,4,99.6
SESS006140,U000114,ai_python,2025-02-09T20:22:14,2025-02-09T20:25:32,7,124.8
SESS006141,U000114,entertainment_heavy,2025-10-28T08:17:28,2025-10-28T08:19:27,5,63.4
SESS006142,U000114,backend_cloud,2025-04-29T22:52:34,2025-04-29T22:53:14,3,28.3
SESS006143,U000115,backend_cloud,2025-11-07T10:13:55,2025-11-07T10:17:02,5,114.9
SESS006144,U000115,entertainment_heavy,2025-07-07T21:47:28,2025-07-07T21:50:38,8,113.3
SESS006145,U000115,backend_cloud,2025-10-31T01:06:31,2025-10-31T01:12:35,11,225.8
SESS006146,U000115,gaming_hardware,2025-06-20T17:03:48,2025-06-20T17:09:06,12,214.9
SESS006147,U000115,cybersecurity,2025-11-06T01:50:23,2025-11-06T01:53:11,4,123.7
SESS006148,U000116,ai_python,2025-10-03T10:33:19,2025-10-03T10:39:39,12,285.8
SESS006149,U000116,backend_cloud,2025-07-03T07:22:18,2025-07-03T07:24:27,5,83.4
SESS006150,U000116,entertainment_heavy,2025-02-12T21:47:30,2025-02-12T21:52:56,9,236.6
SESS006151,U000116,ai_python,2025-10-06T07:19:28,2025-10-06T07:21:39,4,82.9
SESS006152,U000116,backend_cloud,2025-05-10T10:50:21,2025-05-10T10:54:54,7,192.8
SESS006153,U000117,mixed_scroll,2025-05-29T08:09:30,2025-05-29T08:11:18,4,70.9
SESS006154,U000117,backend_cloud,2025-07-11T15:14:30,2025-07-11T15:16:21,3,84.0
SESS006155,U000117,backend_cloud,2025-07-27T17:52:03,2025-07-27T17:54:09,3,90.0
SESS006156,U000117,backend_cloud,2025-10-13T23:06:45,2025-10-13T23:10:57,7,174.9
SESS006157,U000117,backend_cloud,2025-11-02T15:21:01,2025-11-02T15:27:14,12,221.1
SESS006158,U000118,mixed_scroll,2025-10-13T03:10:17,2025-10-13T03:14:51,9,177.6
SESS006159,U000118,dsa_java_interview,2025-08-26T19:23:28,2025-08-26T19:26:56,7,138.5
SESS006160,U000118,cybersecurity,2025-08-14T20:58:18,2025-08-14T21:04:23,11,237.8
SESS006161,U000118,dsa_java_interview,2025-05-06T20:12:37,2025-05-06T20:15:17,5,103.0
SESS006162,U000118,cybersecurity,2025-11-14T03:14:13,2025-11-14T03:16:31,5,99.2
SESS006163,U000118,cybersecurity,2025-07-04T16:49:29,2025-07-04T16:54:41,9,201.5
SESS006164,U000118,gaming_hardware,2025-02-17T14:08:00,2025-02-17T14:14:23,12,211.8
SESS006165,U000119,cybersecurity,2025-07-29T14:43:13,2025-07-29T14:45:52,4,106.4
SESS006166,U000119,entertainment_heavy,2025-02-24T12:49:32,2025-02-24T12:55:59,12,255.0
SESS006167,U000119,mixed_scroll,2025-01-29T10:20:49,2025-01-29T10:22:36,4,80.4
SESS006168,U000119,dsa_java_interview,2025-08-25T13:36:03,2025-08-25T13:39:07,6,124.3
SESS006169,U000119,entertainment_heavy,2025-05-17T23:35:32,2025-05-17T23:37:42,5,84.2
SESS006170,U000119,entertainment_heavy,2025-08-29T04:54:18,2025-08-29T04:58:59,8,209.5
SESS006171,U000120,gaming_hardware,2025-10-26T05:42:05,2025-10-26T05:45:55,8,159.3
SESS006172,U000120,ai_python,2025-01-22T08:11:06,2025-01-22T08:16:42,11,227.5
SESS006173,U000120,gaming_hardware,2025-01-06T03:28:58,2025-01-06T03:32:34,7,110.3
SESS006174,U000120,cybersecurity,2025-11-03T00:25:41,2025-11-03T00:30:08,8,188.9
SESS006175,U000120,dsa_java_interview,2025-10-04T03:15:40,2025-10-04T03:17:51,4,76.2
SESS006176,U000120,ai_python,2025-02-05T02:20:35,2025-02-05T02:22:31,3,74.3
SESS006177,U000121,cybersecurity,2025-07-15T02:49:30,2025-07-15T02:52:56,6,145.3
SESS006178,U000121,entertainment_heavy,2025-06-14T05:06:10,2025-06-14T05:08:24,5,89.8
SESS006179,U000121,dsa_java_interview,2025-10-17T17:36:12,2025-10-17T17:41:32,10,206.9
SESS006180,U000121,entertainment_heavy,2025-10-06T08:29:53,2025-10-06T08:33:29,8,135.1
SESS006181,U000122,cybersecurity,2025-08-04T18:28:10,2025-08-04T18:30:35,4,103.0
SESS006182,U000122,entertainment_heavy,2025-06-13T12:11:49,2025-06-13T12:14:00,4,70.9
SESS006183,U000122,backend_cloud,2025-08-07T17:01:18,2025-08-07T17:05:03,7,153.4
SESS006184,U000122,ai_python,2025-11-10T18:03:51,2025-11-10T18:09:13,8,266.2
SESS006185,U000122,entertainment_heavy,2025-09-28T10:41:43,2025-09-28T10:44:09,4,82.0
SESS006186,U000122,entertainment_heavy,2025-11-27T20:58:45,2025-11-27T21:01:05,6,85.6
SESS006187,U000122,cybersecurity,2025-03-04T02:09:55,2025-03-04T02:15:47,11,247.0
SESS006188,U000123,ai_python,2025-07-21T23:15:06,2025-07-21T23:23:04,11,360.2
SESS006189,U000123,gaming_hardware,2025-04-19T06:33:02,2025-04-19T06:38:37,10,241.3
SESS006190,U000123,gaming_hardware,2025-07-19T06:26:35,2025-07-19T06:33:11,10,281.0
SESS006191,U000123,ai_python,2025-06-08T01:06:42,2025-06-08T01:13:36,11,271.9
SESS006192,U000124,entertainment_heavy,2025-08-19T22:40:08,2025-08-19T22:46:06,12,206.9
SESS006193,U000124,ai_python,2025-01-16T10:40:36,2025-01-16T10:48:45,12,351.6
SESS006194,U000124,cybersecurity,2025-03-06T16:45:45,2025-03-06T16:51:32,11,207.6
SESS006195,U000124,dsa_java_interview,2025-02-03T08:37:17,2025-02-03T08:40:50,9,101.4
SESS006196,U000125,dsa_java_interview,2025-06-15T10:45:59,2025-06-15T10:52:47,12,280.8
SESS006197,U000125,backend_cloud,2025-04-24T12:21:39,2025-04-24T12:28:28,11,272.1
SESS006198,U000125,cybersecurity,2025-11-17T14:45:56,2025-11-17T14:47:40,3,58.8
SESS006199,U000125,entertainment_heavy,2025-10-17T08:57:30,2025-10-17T09:00:08,5,118.8
SESS006200,U000125,gaming_hardware,2025-02-14T11:12:11,2025-02-14T11:16:50,9,149.3
SESS006201,U000125,mixed_scroll,2025-09-12T17:03:28,2025-09-12T17:09:21,10,243.1
SESS006202,U000125,entertainment_heavy,2025-06-13T10:31:36,2025-06-13T10:34:51,7,123.1
SESS006203,U000126,ai_python,2025-08-23T05:14:58,2025-08-23T05:19:56,11,162.8
SESS006204,U000126,gaming_hardware,2025-04-11T02:38:45,2025-04-11T02:42:09,7,147.7
SESS006205,U000126,cybersecurity,2025-04-21T02:42:11,2025-04-21T02:48:13,10,286.5
SESS006206,U000126,mixed_scroll,2025-06-18T05:17:23,2025-06-18T05:19:19,4,69.4
SESS006207,U000126,entertainment_heavy,2025-03-22T08:00:00,2025-03-22T08:04:22,8,175.3
SESS006208,U000126,gaming_hardware,2025-01-28T05:11:51,2025-01-28T05:16:05,10,159.4
SESS006209,U000126,dsa_java_interview,2025-11-23T17:10:31,2025-11-23T17:14:14,7,158.6
SESS006210,U000126,gaming_hardware,2025-10-15T17:50:51,2025-10-15T17:55:15,9,157.2
SESS006211,U000127,cybersecurity,2025-04-24T18:49:39,2025-04-24T18:56:09,10,286.3
SESS006212,U000127,gaming_hardware,2025-10-23T17:23:55,2025-10-23T17:31:06,12,284.2
SESS006213,U000127,backend_cloud,2025-03-21T11:25:54,2025-03-21T11:30:31,7,192.0
SESS006214,U000127,gaming_hardware,2025-11-18T16:30:25,2025-11-18T16:36:26,11,218.2
SESS006215,U000128,entertainment_heavy,2025-02-16T09:57:12,2025-02-16T09:59:42,5,101.0
SESS006216,U000128,gaming_hardware,2025-04-10T19:54:03,2025-04-10T19:59:41,11,226.4
SESS006217,U000128,mixed_scroll,2025-06-29T00:05:35,2025-06-29T00:07:22,3,72.4
SESS006218,U000128,dsa_java_interview,2025-11-27T15:54:45,2025-11-27T15:59:14,9,154.3
SESS006219,U000128,gaming_hardware,2025-07-18T21:49:56,2025-07-18T21:54:56,11,195.5
SESS006220,U000128,gaming_hardware,2025-05-18T17:47:33,2025-05-18T17:49:46,5,65.4
SESS006221,U000129,ai_python,2025-03-13T00:21:46,2025-03-13T00:25:57,8,199.9
SESS006222,U000129,gaming_hardware,2025-03-29T21:29:19,2025-03-29T21:30:31,3,32.9
SESS006223,U000129,ai_python,2025-04-20T14:47:23,2025-04-20T14:48:17,4,24.5
SESS006224,U000129,gaming_hardware,2025-09-20T16:46:15,2025-09-20T16:49:20,6,146.9
SESS006225,U000129,dsa_java_interview,2025-04-20T16:23:35,2025-04-20T16:29:59,10,266.3
SESS006226,U000129,entertainment_heavy,2025-04-28T20:59:02,2025-04-28T21:03:13,7,147.2
SESS006227,U000129,mixed_scroll,2025-11-04T10:04:01,2025-11-04T10:10:43,10,305.3
SESS006228,U000129,gaming_hardware,2025-07-06T07:26:10,2025-07-06T07:28:25,6,82.4
SESS006229,U000130,entertainment_heavy,2025-08-20T01:49:17,2025-08-20T01:50:45,3,57.2
SESS006230,U000130,backend_cloud,2025-05-04T23:50:16,2025-05-04T23:57:16,12,320.4
SESS006231,U000130,cybersecurity,2025-04-09T07:27:49,2025-04-09T07:31:42,7,146.2
SESS006232,U000130,dsa_java_interview,2025-06-02T20:53:40,2025-06-02T20:56:08,5,73.9
SESS006233,U000130,gaming_hardware,2025-02-05T04:50:01,2025-02-05T04:54:16,6,157.6
SESS006234,U000130,entertainment_heavy,2025-04-30T07:17:25,2025-04-30T07:22:12,9,197.9
SESS006235,U000130,dsa_java_interview,2025-07-21T16:50:52,2025-07-21T16:55:51,10,183.4
SESS006236,U000130,backend_cloud,2025-03-17T05:47:13,2025-03-17T05:48:55,4,52.4
SESS006237,U000131,backend_cloud,2025-05-11T09:10:10,2025-05-11T09:14:16,7,185.5
SESS006238,U000131,ai_python,2025-04-03T11:45:21,2025-04-03T11:46:34,3,36.7
SESS006239,U000131,dsa_java_interview,2025-10-04T09:24:20,2025-10-04T09:28:31,10,162.1
SESS006240,U000131,backend_cloud,2025-04-11T15:38:10,2025-04-11T15:41:58,6,173.9
SESS006241,U000132,mixed_scroll,2025-02-05T19:19:44,2025-02-05T19:21:58,5,80.7
SESS006242,U000132,dsa_java_interview,2025-06-17T14:12:31,2025-06-17T14:18:30,11,270.5
SESS006243,U000132,ai_python,2025-11-27T23:54:53,2025-11-27T23:56:19,3,65.8
SESS006244,U000132,mixed_scroll,2025-01-26T10:45:27,2025-01-26T10:48:14,4,122.9
SESS006245,U000132,entertainment_heavy,2025-07-19T05:19:37,2025-07-19T05:24:46,9,215.1
SESS006246,U000132,cybersecurity,2025-08-09T05:04:55,2025-08-09T05:07:48,6,92.3
SESS006247,U000132,mixed_scroll,2025-04-01T02:26:41,2025-04-01T02:31:18,8,209.2
SESS006248,U000132,backend_cloud,2025-05-20T05:32:09,2025-05-20T05:36:17,9,182.2
SESS006249,U000133,ai_python,2025-03-21T07:14:38,2025-03-21T07:22:00,11,322.5
SESS006250,U000133,entertainment_heavy,2025-02-13T20:46:27,2025-02-13T20:49:10,6,109.5
SESS006251,U000133,gaming_hardware,2025-07-10T23:50:31,2025-07-10T23:55:46,8,208.4
SESS006252,U000133,ai_python,2025-08-06T23:41:36,2025-08-06T23:44:10,4,94.9
SESS006253,U000133,cybersecurity,2025-08-19T06:41:49,2025-08-19T06:47:29,7,252.2
SESS006254,U000133,dsa_java_interview,2025-10-05T22:10:33,2025-10-05T22:14:59,8,183.2
SESS006255,U000134,cybersecurity,2025-05-21T02:45:28,2025-05-21T02:47:11,4,68.2
SESS006256,U000134,gaming_hardware,2025-11-07T07:42:35,2025-11-07T07:45:33,5,117.2
SESS006257,U000134,backend_cloud,2025-10-01T16:03:04,2025-10-01T16:07:13,8,176.6
SESS006258,U000135,mixed_scroll,2025-11-15T06:50:25,2025-11-15T06:55:42,9,224.9
SESS006259,U000135,mixed_scroll,2025-01-27T13:49:03,2025-01-27T13:54:57,12,209.8
SESS006260,U000135,cybersecurity,2025-07-12T21:44:54,2025-07-12T21:48:40,7,148.2
SESS006261,U000135,gaming_hardware,2025-01-16T04:30:06,2025-01-16T04:37:02,12,260.5
SESS006262,U000135,gaming_hardware,2025-11-02T07:02:28,2025-11-02T07:04:49,4,81.3
SESS006263,U000136,backend_cloud,2025-03-03T18:53:16,2025-03-03T18:58:27,10,210.7
SESS006264,U000136,ai_python,2025-08-01T00:40:24,2025-08-01T00:43:28,8,98.6
SESS006265,U000136,mixed_scroll,2025-10-19T14:27:26,2025-10-19T14:30:54,9,117.9
SESS006266,U000136,ai_python,2025-07-24T23:54:35,2025-07-24T23:56:47,5,87.2
SESS006267,U000136,gaming_hardware,2025-07-31T03:04:02,2025-07-31T03:06:02,5,68.5
SESS006268,U000136,backend_cloud,2025-08-06T04:15:33,2025-08-06T04:21:30,10,238.0
SESS006269,U000136,backend_cloud,2025-08-15T06:36:44,2025-08-15T06:41:00,8,184.3
SESS006270,U000136,gaming_hardware,2025-08-08T20:46:16,2025-08-08T20:47:43,4,40.4
SESS006271,U000137,dsa_java_interview,2025-01-29T04:02:16,2025-01-29T04:07:57,12,209.1
SESS006272,U000137,entertainment_heavy,2025-02-22T12:00:19,2025-02-22T12:03:25,7,111.5
SESS006273,U000137,ai_python,2025-09-04T05:27:08,2025-09-04T05:29:58,4,112.1
SESS006274,U000137,cybersecurity,2025-05-24T16:55:04,2025-05-24T16:56:24,4,44.0
SESS006275,U000138,gaming_hardware,2025-06-21T03:25:48,2025-06-21T03:29:58,8,177.3
SESS006276,U000138,ai_python,2025-02-24T20:56:38,2025-02-24T20:58:53,3,95.9
SESS006277,U000138,dsa_java_interview,2025-03-29T06:16:20,2025-03-29T06:23:03,10,284.5
SESS006278,U000138,entertainment_heavy,2025-02-01T02:49:30,2025-02-01T02:51:33,6,73.3
SESS006279,U000139,ai_python,2025-09-11T12:02:05,2025-09-11T12:06:55,8,207.4
SESS006280,U000139,ai_python,2025-09-04T04:31:17,2025-09-04T04:38:02,11,267.6
SESS006281,U000139,backend_cloud,2025-02-26T06:28:16,2025-02-26T06:33:27,12,181.4
SESS006282,U000139,backend_cloud,2025-11-22T03:59:52,2025-11-22T04:05:11,12,198.0
SESS006283,U000139,entertainment_heavy,2025-09-13T19:43:19,2025-09-13T19:49:00,10,234.3
SESS006284,U000139,gaming_hardware,2025-03-26T06:09:11,2025-03-26T06:14:23,9,208.3
SESS006285,U000139,entertainment_heavy,2025-06-28T16:25:21,2025-06-28T16:31:47,11,245.1
SESS006286,U000140,cybersecurity,2025-11-16T11:59:55,2025-11-16T12:05:28,10,224.9
SESS006287,U000140,dsa_java_interview,2025-11-15T19:03:54,2025-11-15T19:05:38,4,61.5
SESS006288,U000140,gaming_hardware,2025-06-03T08:10:25,2025-06-03T08:16:14,9,224.9
SESS006289,U000140,entertainment_heavy,2025-02-25T02:54:39,2025-02-25T02:59:41,12,179.4
SESS006290,U000140,dsa_java_interview,2025-07-24T12:26:07,2025-07-24T12:31:23,11,234.3
SESS006291,U000140,cybersecurity,2025-11-18T04:52:56,2025-11-18T04:54:56,4,70.3
SESS006292,U000140,mixed_scroll,2025-04-13T10:35:22,2025-04-13T10:38:17,6,114.8
SESS006293,U000140,gaming_hardware,2025-04-12T12:21:56,2025-04-12T12:27:33,11,235.9
SESS006294,U000141,dsa_java_interview,2025-01-03T13:55:27,2025-01-03T14:00:09,10,209.0
SESS006295,U000141,ai_python,2025-04-11T17:07:22,2025-04-11T17:14:19,12,287.2
SESS006296,U000141,mixed_scroll,2025-07-23T17:21:43,2025-07-23T17:24:11,4,105.8
SESS006297,U000141,gaming_hardware,2025-05-07T09:45:36,2025-05-07T09:48:01,4,108.8
SESS006298,U000141,entertainment_heavy,2025-03-24T16:32:34,2025-03-24T16:35:46,5,122.8
SESS006299,U000141,cybersecurity,2025-07-11T08:43:16,2025-07-11T08:45:00,4,64.7
SESS006300,U000141,entertainment_heavy,2025-08-19T13:53:52,2025-08-19T13:58:07,6,189.9
SESS006301,U000142,dsa_java_interview,2025-10-17T13:54:20,2025-10-17T13:58:09,8,140.3
SESS006302,U000142,backend_cloud,2025-08-09T12:45:53,2025-08-09T12:47:14,3,56.3
SESS006303,U000142,ai_python,2025-08-30T21:27:05,2025-08-30T21:30:45,7,153.1
SESS006304,U000142,dsa_java_interview,2025-02-03T23:03:25,2025-02-03T23:07:42,10,161.3
SESS006305,U000142,cybersecurity,2025-05-03T06:03:47,2025-05-03T06:07:11,7,120.3
SESS006306,U000143,entertainment_heavy,2025-11-18T05:17:42,2025-11-18T05:24:36,12,286.7
SESS006307,U000143,cybersecurity,2025-05-17T04:42:15,2025-05-17T04:47:38,8,238.1
SESS006308,U000143,mixed_scroll,2025-04-27T20:14:41,2025-04-27T20:15:55,3,39.4
SESS006309,U000143,mixed_scroll,2025-06-09T22:24:51,2025-06-09T22:31:07,9,254.0
SESS006310,U000143,cybersecurity,2025-05-20T10:24:21,2025-05-20T10:26:02,3,70.0
SESS006311,U000143,entertainment_heavy,2025-01-25T10:02:30,2025-01-25T10:09:23,11,307.9
SESS006312,U000144,cybersecurity,2025-08-27T06:51:20,2025-08-27T06:53:56,4,103.2
SESS006313,U000144,ai_python,2025-04-19T07:17:00,2025-04-19T07:18:33,4,43.2
SESS006314,U000144,entertainment_heavy,2025-09-07T14:03:45,2025-09-07T14:06:34,5,130.4
SESS006315,U000144,backend_cloud,2025-10-15T08:19:22,2025-10-15T08:20:49,3,52.8
SESS006316,U000144,dsa_java_interview,2025-06-06T02:55:01,2025-06-06T02:59:20,8,161.8
SESS006317,U000144,dsa_java_interview,2025-01-11T12:49:38,2025-01-11T12:52:00,6,70.4
SESS006318,U000144,backend_cloud,2025-07-03T12:03:51,2025-07-03T12:06:33,5,72.3
SESS006319,U000144,ai_python,2025-01-17T00:37:26,2025-01-17T00:39:58,5,106.2
SESS006320,U000145,backend_cloud,2025-07-27T17:10:57,2025-07-27T17:13:12,4,98.6
SESS006321,U000145,mixed_scroll,2025-10-24T11:22:48,2025-10-24T11:28:55,12,244.8
SESS006322,U000145,mixed_scroll,2025-07-05T13:54:09,2025-07-05T14:01:03,12,287.4
SESS006323,U000145,gaming_hardware,2025-10-16T23:28:56,2025-10-16T23:33:26,8,159.9
SESS006324,U000145,ai_python,2025-08-18T06:18:59,2025-08-18T06:23:15,7,175.9
SESS006325,U000146,cybersecurity,2025-06-03T05:20:10,2025-06-03T05:23:10,5,127.1
SESS006326,U000146,backend_cloud,2025-06-07T21:01:36,2025-06-07T21:03:40,6,57.8
SESS006327,U000146,ai_python,2025-03-21T08:43:25,2025-03-21T08:47:40,10,158.7
SESS006328,U000146,mixed_scroll,2025-10-19T23:00:07,2025-10-19T23:02:28,6,85.7
SESS006329,U000146,dsa_java_interview,2025-11-11T10:08:58,2025-11-11T10:10:13,3,55.6
SESS006330,U000147,entertainment_heavy,2025-09-20T07:14:55,2025-09-20T07:17:04,4,89.0
SESS006331,U000147,backend_cloud,2025-10-27T02:39:37,2025-10-27T02:41:53,4,83.6
SESS006332,U000147,mixed_scroll,2025-09-15T14:33:45,2025-09-15T14:38:51,9,247.3
SESS006333,U000147,gaming_hardware,2025-11-11T20:49:15,2025-11-11T20:54:12,11,163.6
SESS006334,U000147,mixed_scroll,2025-05-02T19:51:15,2025-05-02T19:56:40,10,210.3
SESS006335,U000147,dsa_java_interview,2025-07-02T03:13:00,2025-07-02T03:17:37,10,168.7
SESS006336,U000147,backend_cloud,2025-03-25T11:03:25,2025-03-25T11:07:15,8,140.1
SESS006337,U000148,backend_cloud,2025-02-18T02:21:19,2025-02-18T02:22:49,3,56.5
SESS006338,U000148,ai_python,2025-07-03T00:11:43,2025-07-03T00:13:48,3,96.5
SESS006339,U000148,entertainment_heavy,2025-01-06T02:31:30,2025-01-06T02:33:42,4,109.6
SESS006340,U000148,backend_cloud,2025-11-08T23:51:54,2025-11-08T23:57:48,10,234.3
SESS006341,U000148,entertainment_heavy,2025-11-12T20:55:14,2025-11-12T20:59:04,6,147.4
SESS006342,U000148,ai_python,2025-03-14T18:24:49,2025-03-14T18:27:16,5,100.0
SESS006343,U000148,mixed_scroll,2025-01-30T13:38:26,2025-01-30T13:45:36,12,308.8
SESS006344,U000149,backend_cloud,2025-08-26T23:25:16,2025-08-26T23:29:40,9,186.1
SESS006345,U000149,cybersecurity,2025-01-08T22:01:55,2025-01-08T22:06:19,11,170.0
SESS006346,U000149,entertainment_heavy,2025-02-03T22:11:10,2025-02-03T22:17:29,11,279.8
SESS006347,U000150,entertainment_heavy,2025-06-25T10:28:35,2025-06-25T10:30:36,4,78.6
SESS006348,U000150,cybersecurity,2025-09-08T21:26:16,2025-09-08T21:30:56,10,165.8
SESS006349,U000150,backend_cloud,2025-04-15T15:49:46,2025-04-15T15:52:36,4,130.2
SESS006350,U000150,dsa_java_interview,2025-07-31T10:50:02,2025-07-31T10:53:46,9,131.2
SESS006351,U000150,dsa_java_interview,2025-03-06T06:11:24,2025-03-06T06:14:22,7,117.6
SESS006352,U000150,backend_cloud,2025-02-19T16:39:44,2025-02-19T16:43:24,9,125.9
SESS006353,U000151,gaming_hardware,2025-06-07T02:02:50,2025-06-07T02:07:39,9,213.6
SESS006354,U000151,mixed_scroll,2025-10-28T17:02:41,2025-10-28T17:07:42,6,244.2
SESS006355,U000151,backend_cloud,2025-04-21T09:23:14,2025-04-21T09:25:23,3,97.1
SESS006356,U000151,mixed_scroll,2025-07-02T14:26:01,2025-07-02T14:28:51,6,101.2
SESS006357,U000152,entertainment_heavy,2025-08-26T06:15:49,2025-08-26T06:17:56,5,60.1
SESS006358,U000152,entertainment_heavy,2025-10-12T17:54:08,2025-10-12T17:56:35,6,95.3
SESS006359,U000152,mixed_scroll,2025-07-26T18:52:13,2025-07-26T18:58:22,12,219.1
SESS006360,U000152,cybersecurity,2025-07-03T21:15:39,2025-07-03T21:20:55,10,227.4
SESS006361,U000152,mixed_scroll,2025-09-02T15:42:51,2025-09-02T15:46:23,6,122.4
SESS006362,U000152,cybersecurity,2025-07-02T08:26:03,2025-07-02T08:30:46,10,159.5
SESS006363,U000153,mixed_scroll,2025-07-08T00:56:38,2025-07-08T00:59:59,8,122.3
SESS006364,U000153,entertainment_heavy,2025-10-25T04:19:15,2025-10-25T04:25:24,11,258.7
SESS006365,U000153,gaming_hardware,2025-04-24T19:11:42,2025-04-24T19:17:42,12,185.6
SESS006366,U000153,cybersecurity,2025-03-15T07:30:39,2025-03-15T07:34:43,9,147.9
SESS006367,U000153,mixed_scroll,2025-10-18T20:19:01,2025-10-18T20:20:47,3,62.4
SESS006368,U000153,ai_python,2025-11-01T02:36:49,2025-11-01T02:41:21,9,191.2
SESS006369,U000153,ai_python,2025-01-24T04:04:13,2025-01-24T04:07:52,7,131.9
SESS006370,U000154,dsa_java_interview,2025-06-03T12:15:10,2025-06-03T12:22:06,12,303.8
SESS006371,U000154,ai_python,2025-11-17T15:51:25,2025-11-17T15:57:00,11,219.8
SESS006372,U000154,cybersecurity,2025-05-15T02:31:09,2025-05-15T02:33:59,5,111.7
SESS006373,U000154,cybersecurity,2025-09-02T12:52:10,2025-09-02T12:55:42,6,161.2
SESS006374,U000155,gaming_hardware,2025-11-29T23:33:11,2025-11-29T23:36:59,8,160.0
SESS006375,U000155,entertainment_heavy,2025-09-20T04:37:24,2025-09-20T04:40:25,6,98.0
SESS006376,U000155,backend_cloud,2025-08-16T03:21:20,2025-08-16T03:23:08,4,61.5
SESS006377,U000155,entertainment_heavy,2025-03-28T01:53:29,2025-03-28T01:57:50,10,194.2
SESS006378,U000155,entertainment_heavy,2025-10-07T05:34:13,2025-10-07T05:41:18,12,279.3
SESS006379,U000156,backend_cloud,2025-04-03T04:57:21,2025-04-03T04:58:44,4,55.2
SESS006380,U000156,dsa_java_interview,2025-10-26T18:33:22,2025-10-26T18:38:02,10,201.9
SESS006381,U000156,ai_python,2025-06-14T09:15:52,2025-06-14T09:18:20,5,82.8
SESS006382,U000156,entertainment_heavy,2025-05-27T19:22:56,2025-05-27T19:27:44,9,144.5
SESS006383,U000156,cybersecurity,2025-10-22T12:38:13,2025-10-22T12:42:54,8,188.3
SESS006384,U000156,entertainment_heavy,2025-09-28T02:58:50,2025-09-28T03:02:50,8,154.3
SESS006385,U000156,mixed_scroll,2025-05-30T15:09:59,2025-05-30T15:13:20,7,157.4
SESS006386,U000157,backend_cloud,2025-06-08T08:22:33,2025-06-08T08:27:56,9,252.7
SESS006387,U000157,backend_cloud,2025-04-20T01:47:14,2025-04-20T01:53:12,11,228.4
SESS006388,U000157,mixed_scroll,2025-04-04T00:58:59,2025-04-04T01:00:35,4,69.1
SESS006389,U000157,cybersecurity,2025-10-01T16:55:21,2025-10-01T16:56:47,3,37.3
SESS006390,U000157,backend_cloud,2025-03-22T18:23:37,2025-03-22T18:26:23,5,127.9
SESS006391,U000157,gaming_hardware,2025-06-10T12:02:29,2025-06-10T12:03:50,3,50.0
SESS006392,U000157,mixed_scroll,2025-09-30T01:29:33,2025-09-30T01:30:42,3,37.7
SESS006393,U000157,mixed_scroll,2025-11-10T15:53:44,2025-11-10T15:59:20,11,229.1
SESS006394,U000158,dsa_java_interview,2025-03-04T05:39:19,2025-03-04T05:45:21,12,224.4
SESS006395,U000158,mixed_scroll,2025-09-03T17:24:03,2025-09-03T17:28:04,8,158.2
SESS006396,U000158,gaming_hardware,2025-07-01T21:48:39,2025-07-01T21:50:42,3,84.7
SESS006397,U000158,backend_cloud,2025-03-30T06:40:16,2025-03-30T06:43:15,7,90.2
SESS006398,U000158,gaming_hardware,2025-10-20T00:40:02,2025-10-20T00:44:24,8,186.7
SESS006399,U000158,entertainment_heavy,2025-09-22T22:05:57,2025-09-22T22:12:03,10,244.0
SESS006400,U000159,ai_python,2025-04-03T05:42:55,2025-04-03T05:45:20,4,112.6
SESS006401,U000159,cybersecurity,2025-10-14T22:58:07,2025-10-14T23:01:05,7,109.4
SESS006402,U000159,dsa_java_interview,2025-10-13T00:46:05,2025-10-13T00:51:10,11,200.8
SESS006403,U000159,cybersecurity,2025-04-22T16:28:54,2025-04-22T16:30:19,3,41.1
SESS006404,U000159,ai_python,2025-02-13T08:13:54,2025-02-13T08:18:05,10,154.3
SESS006405,U000159,gaming_hardware,2025-04-27T14:51:28,2025-04-27T14:55:25,8,153.9
SESS006406,U000160,ai_python,2025-04-08T20:26:41,2025-04-08T20:30:56,10,118.7
SESS006407,U000160,mixed_scroll,2025-07-19T13:51:04,2025-07-19T13:54:46,7,159.4
SESS006408,U000160,entertainment_heavy,2025-11-20T07:18:06,2025-11-20T07:19:23,4,49.0
SESS006409,U000160,ai_python,2025-05-08T11:43:40,2025-05-08T11:44:57,3,52.4
SESS006410,U000161,cybersecurity,2025-09-05T09:39:09,2025-09-05T09:43:03,7,168.6
SESS006411,U000161,gaming_hardware,2025-07-20T05:04:59,2025-07-20T05:09:32,8,192.3
SESS006412,U000161,entertainment_heavy,2025-11-17T19:32:15,2025-11-17T19:40:05,12,307.8
SESS006413,U000161,dsa_java_interview,2025-11-29T22:37:15,2025-11-29T22:42:43,9,232.2
SESS006414,U000161,ai_python,2025-01-25T15:06:46,2025-01-25T15:11:06,8,166.5
SESS006415,U000161,ai_python,2025-08-13T20:38:41,2025-08-13T20:41:40,6,104.4
SESS006416,U000162,dsa_java_interview,2025-11-21T07:40:56,2025-11-21T07:44:06,7,103.2
SESS006417,U000162,dsa_java_interview,2025-02-28T02:27:50,2025-02-28T02:30:44,7,100.7
SESS006418,U000162,backend_cloud,2025-08-08T13:49:43,2025-08-08T13:52:34,8,118.8
SESS006419,U000162,ai_python,2025-11-03T18:42:51,2025-11-03T18:47:56,10,190.1
SESS006420,U000163,backend_cloud,2025-07-13T06:03:55,2025-07-13T06:07:20,8,126.8
SESS006421,U000163,backend_cloud,2025-08-03T22:54:39,2025-08-03T23:00:54,12,247.5
SESS006422,U000163,ai_python,2025-07-18T15:11:55,2025-07-18T15:17:17,11,204.1
SESS006423,U000163,entertainment_heavy,2025-09-08T01:48:37,2025-09-08T01:52:21,7,162.8
SESS006424,U000163,dsa_java_interview,2025-06-30T16:48:03,2025-06-30T16:54:36,11,226.2
SESS006425,U000163,backend_cloud,2025-09-16T04:20:05,2025-09-16T04:25:15,10,238.2
SESS006426,U000163,dsa_java_interview,2025-07-08T19:12:20,2025-07-08T19:15:50,11,105.3
SESS006427,U000163,ai_python,2025-03-29T05:06:30,2025-03-29T05:07:56,3,54.8
SESS006428,U000164,dsa_java_interview,2025-09-18T00:48:49,2025-09-18T00:54:40,11,259.3
SESS006429,U000164,mixed_scroll,2025-03-20T10:43:56,2025-03-20T10:45:20,3,64.0
SESS006430,U000164,backend_cloud,2025-05-19T18:54:59,2025-05-19T18:59:50,12,168.0
SESS006431,U000164,entertainment_heavy,2025-07-31T04:53:25,2025-07-31T04:55:20,5,47.6
SESS006432,U000164,dsa_java_interview,2025-07-18T13:02:57,2025-07-18T13:04:00,3,33.6
SESS006433,U000164,gaming_hardware,2025-07-28T14:16:06,2025-07-28T14:19:33,6,154.5
SESS006434,U000164,mixed_scroll,2025-11-26T11:47:56,2025-11-26T11:51:19,5,148.7
SESS006435,U000164,ai_python,2025-07-25T23:18:36,2025-07-25T23:23:35,10,187.2
SESS006436,U000165,dsa_java_interview,2025-06-19T15:11:46,2025-06-19T15:17:26,12,221.0
SESS006437,U000165,dsa_java_interview,2025-03-08T07:56:58,2025-03-08T07:59:58,8,113.8
SESS006438,U000165,gaming_hardware,2025-09-21T21:41:13,2025-09-21T21:46:17,10,207.4
SESS006439,U000165,backend_cloud,2025-01-13T06:06:18,2025-01-13T06:12:32,12,224.3
SESS006440,U000165,mixed_scroll,2025-10-11T23:54:12,2025-10-11T23:58:52,8,168.8
SESS006441,U000165,backend_cloud,2025-03-11T03:20:14,2025-03-11T03:20:54,3,27.0
SESS006442,U000166,ai_python,2025-10-04T21:52:00,2025-10-04T21:53:45,3,63.0
SESS006443,U000166,mixed_scroll,2025-09-05T08:19:57,2025-09-05T08:21:41,4,72.1
SESS006444,U000166,ai_python,2025-07-19T10:57:31,2025-07-19T11:00:14,5,96.3
SESS006445,U000166,ai_python,2025-06-10T15:22:42,2025-06-10T15:26:13,9,118.1
SESS006446,U000166,dsa_java_interview,2025-04-25T08:29:04,2025-04-25T08:35:01,12,219.8
SESS006447,U000166,entertainment_heavy,2025-03-27T07:15:15,2025-03-27T07:16:57,4,68.2
SESS006448,U000166,ai_python,2025-07-07T20:15:30,2025-07-07T20:21:05,10,218.5
SESS006449,U000167,ai_python,2025-03-04T01:41:27,2025-03-04T01:48:03,9,276.1
SESS006450,U000167,mixed_scroll,2025-09-11T00:32:36,2025-09-11T00:35:37,6,109.2
SESS006451,U000167,dsa_java_interview,2025-11-12T13:56:14,2025-11-12T13:59:57,7,136.3
SESS006452,U000167,mixed_scroll,2025-07-21T13:38:04,2025-07-21T13:45:21,12,321.5
SESS006453,U000167,gaming_hardware,2025-03-13T12:53:37,2025-03-13T12:57:07,6,145.4
SESS006454,U000168,gaming_hardware,2025-08-21T21:09:19,2025-08-21T21:15:15,11,232.8
SESS006455,U000168,ai_python,2025-08-04T05:14:52,2025-08-04T05:18:47,9,155.9
SESS006456,U000168,entertainment_heavy,2025-10-31T02:08:19,2025-10-31T02:12:23,9,148.8
SESS006457,U000168,entertainment_heavy,2025-02-16T17:58:37,2025-02-16T18:02:12,9,124.2
SESS006458,U000168,mixed_scroll,2025-04-30T00:36:57,2025-04-30T00:40:01,6,124.1
SESS006459,U000168,ai_python,2025-01-10T17:54:17,2025-01-10T17:57:38,5,148.5
SESS006460,U000168,mixed_scroll,2025-08-11T02:09:54,2025-08-11T02:13:50,9,160.9
SESS006461,U000169,entertainment_heavy,2025-08-03T15:38:36,2025-08-03T15:41:40,7,111.4
SESS006462,U000169,ai_python,2025-09-07T07:36:33,2025-09-07T07:38:48,4,103.6
SESS006463,U000169,dsa_java_interview,2025-10-09T13:34:27,2025-10-09T13:39:26,9,197.5
SESS006464,U000169,cybersecurity,2025-02-09T12:49:23,2025-02-09T12:50:17,3,16.5
SESS006465,U000169,backend_cloud,2025-09-26T19:50:20,2025-09-26T19:52:34,4,93.9
SESS006466,U000169,gaming_hardware,2025-08-28T15:44:23,2025-08-28T15:46:12,4,68.5
SESS006467,U000169,cybersecurity,2025-05-22T04:21:39,2025-05-22T04:25:48,7,172.6
SESS006468,U000169,entertainment_heavy,2025-10-12T06:44:07,2025-10-12T06:49:50,12,212.3
SESS006469,U000170,entertainment_heavy,2025-03-13T08:13:09,2025-03-13T08:17:52,7,199.5
SESS006470,U000170,backend_cloud,2025-02-24T06:39:07,2025-02-24T06:42:37,6,151.0
SESS006471,U000170,gaming_hardware,2025-11-22T09:14:16,2025-11-22T09:16:34,5,86.8
SESS006472,U000170,dsa_java_interview,2025-06-20T23:52:49,2025-06-20T23:57:36,11,201.0
SESS006473,U000170,cybersecurity,2025-03-25T04:59:46,2025-03-25T05:03:05,6,150.6
SESS006474,U000170,cybersecurity,2025-03-08T06:21:47,2025-03-08T06:28:05,11,278.9
SESS006475,U000170,mixed_scroll,2025-07-06T23:13:59,2025-07-06T23:17:49,8,154.7
SESS006476,U000170,cybersecurity,2025-11-24T11:07:07,2025-11-24T11:10:48,6,140.4
SESS006477,U000171,ai_python,2025-09-30T13:23:34,2025-09-30T13:27:01,7,126.6
SESS006478,U000171,backend_cloud,2025-04-08T05:13:28,2025-04-08T05:17:39,10,157.5
SESS006479,U000171,mixed_scroll,2025-04-28T17:44:41,2025-04-28T17:49:25,12,170.5
SESS006480,U000171,gaming_hardware,2025-04-03T04:30:17,2025-04-03T04:32:44,6,85.3
SESS006481,U000171,backend_cloud,2025-05-07T01:17:56,2025-05-07T01:21:26,6,148.6
SESS006482,U000171,backend_cloud,2025-02-18T00:12:10,2025-02-18T00:17:26,9,212.1
SESS006483,U000172,backend_cloud,2025-02-04T08:32:15,2025-02-04T08:33:48,5,48.0
SESS006484,U000172,entertainment_heavy,2025-04-06T02:37:01,2025-04-06T02:41:35,11,172.8
SESS006485,U000172,gaming_hardware,2025-07-30T12:16:11,2025-07-30T12:22:25,11,278.6
SESS006486,U000172,dsa_java_interview,2025-10-03T21:15:13,2025-10-03T21:17:38,4,108.2
SESS006487,U000172,mixed_scroll,2025-10-20T02:39:27,2025-10-20T02:46:26,11,296.0
SESS006488,U000172,entertainment_heavy,2025-09-28T22:15:30,2025-09-28T22:22:28,11,273.3
SESS006489,U000172,gaming_hardware,2025-07-25T10:45:55,2025-07-25T10:47:37,3,65.4
SESS006490,U000173,cybersecurity,2025-06-10T05:13:21,2025-06-10T05:17:58,10,195.0
SESS006491,U000173,ai_python,2025-02-28T16:08:32,2025-02-28T16:12:13,9,139.3
SESS006492,U000173,gaming_hardware,2025-04-22T19:32:29,2025-04-22T19:35:42,8,104.4
SESS006493,U000173,gaming_hardware,2025-07-26T12:15:39,2025-07-26T12:18:10,6,68.9
SESS006494,U000173,dsa_java_interview,2025-10-14T15:51:52,2025-10-14T15:53:24,4,56.5
SESS006495,U000174,dsa_java_interview,2025-10-16T21:23:17,2025-10-16T21:24:10,4,18.2
SESS006496,U000174,dsa_java_interview,2025-03-30T13:13:27,2025-03-30T13:14:53,3,60.1
SESS006497,U000174,cybersecurity,2025-03-11T19:14:34,2025-03-11T19:18:10,10,110.2
SESS006498,U000174,backend_cloud,2025-04-04T13:59:29,2025-04-04T14:02:07,5,95.2
SESS006499,U000174,entertainment_heavy,2025-05-25T20:43:10,2025-05-25T20:47:29,7,164.8
SESS006500,U000174,dsa_java_interview,2025-03-01T21:33:31,2025-03-01T21:36:26,5,94.9
SESS006501,U000175,cybersecurity,2025-08-02T17:55:48,2025-08-02T17:57:15,3,48.6
SESS006502,U000175,cybersecurity,2025-04-04T20:37:17,2025-04-04T20:39:54,6,108.8
SESS006503,U000175,backend_cloud,2025-05-06T02:35:43,2025-05-06T02:38:43,6,128.4
SESS006504,U000175,dsa_java_interview,2025-05-24T14:13:01,2025-05-24T14:16:38,7,145.5
SESS006505,U000176,dsa_java_interview,2025-03-02T04:55:54,2025-03-02T04:58:51,5,133.3
SESS006506,U000176,entertainment_heavy,2025-10-11T09:56:48,2025-10-11T10:01:59,9,193.8
SESS006507,U000176,cybersecurity,2025-04-22T07:42:23,2025-04-22T07:48:45,10,266.5
SESS006508,U000176,mixed_scroll,2025-09-24T20:40:18,2025-09-24T20:43:16,6,107.2
SESS006509,U000176,backend_cloud,2025-05-14T22:52:52,2025-05-14T22:55:27,6,96.1
SESS006510,U000177,gaming_hardware,2025-01-15T14:19:17,2025-01-15T14:23:05,7,147.0
SESS006511,U000177,mixed_scroll,2025-11-24T17:18:41,2025-11-24T17:23:36,7,193.4
SESS006512,U000177,backend_cloud,2025-05-29T11:03:24,2025-05-29T11:08:18,11,178.4
SESS006513,U000177,ai_python,2025-08-23T23:28:50,2025-08-23T23:34:53,12,251.1
SESS006514,U000177,cybersecurity,2025-07-06T07:05:43,2025-07-06T07:07:31,4,64.2
SESS006515,U000177,dsa_java_interview,2025-07-06T20:13:36,2025-07-06T20:17:26,6,159.8
SESS006516,U000177,gaming_hardware,2025-11-23T12:17:59,2025-11-23T12:19:52,4,91.1
SESS006517,U000177,backend_cloud,2025-07-25T16:40:19,2025-07-25T16:47:24,12,313.2
SESS006518,U000178,gaming_hardware,2025-06-05T03:26:20,2025-06-05T03:29:16,6,109.0
SESS006519,U000178,cybersecurity,2025-01-08T18:23:18,2025-01-08T18:27:10,7,157.5
SESS006520,U000178,gaming_hardware,2025-08-15T08:49:47,2025-08-15T08:56:41,12,279.6
SESS006521,U000178,gaming_hardware,2025-03-02T07:56:22,2025-03-02T07:59:02,5,119.0
SESS006522,U000178,ai_python,2025-10-21T23:17:45,2025-10-21T23:21:28,5,165.6
SESS006523,U000178,gaming_hardware,2025-08-26T18:41:03,2025-08-26T18:48:37,12,318.1
SESS006524,U000178,entertainment_heavy,2025-03-31T06:55:39,2025-03-31T06:59:30,9,128.2
SESS006525,U000178,dsa_java_interview,2025-01-21T10:38:01,2025-01-21T10:41:46,5,173.7
SESS006526,U000179,ai_python,2025-09-18T01:31:26,2025-09-18T01:35:53,9,201.0
SESS006527,U000179,mixed_scroll,2025-03-25T12:59:49,2025-03-25T13:02:13,7,84.7
SESS006528,U000179,dsa_java_interview,2025-03-05T21:40:25,2025-03-05T21:40:58,3,19.6
SESS006529,U000179,cybersecurity,2025-06-14T16:51:57,2025-06-14T16:56:03,9,153.2
SESS006530,U000180,backend_cloud,2025-04-01T13:57:08,2025-04-01T14:05:01,11,332.6
SESS006531,U000180,cybersecurity,2025-11-10T09:59:37,2025-11-10T10:02:57,7,149.3
SESS006532,U000180,backend_cloud,2025-10-28T16:59:48,2025-10-28T17:01:18,3,62.5
SESS006533,U000181,backend_cloud,2025-08-23T21:29:31,2025-08-23T21:35:01,11,203.4
SESS006534,U000181,cybersecurity,2025-11-18T02:07:04,2025-11-18T02:10:03,6,132.5
SESS006535,U000181,entertainment_heavy,2025-03-15T13:51:50,2025-03-15T13:54:27,4,129.1
SESS006536,U000182,mixed_scroll,2025-02-28T19:44:33,2025-02-28T19:46:45,4,108.8
SESS006537,U000182,gaming_hardware,2025-05-27T03:03:21,2025-05-27T03:05:59,4,126.6
SESS006538,U000182,dsa_java_interview,2025-03-28T09:50:15,2025-03-28T09:54:05,7,147.5
SESS006539,U000182,ai_python,2025-02-26T06:43:21,2025-02-26T06:46:29,5,134.4
SESS006540,U000182,backend_cloud,2025-11-14T09:09:01,2025-11-14T09:15:07,12,225.3
SESS006541,U000182,mixed_scroll,2025-01-21T23:15:39,2025-01-21T23:17:59,6,106.1
SESS006542,U000182,ai_python,2025-06-10T05:06:25,2025-06-10T05:09:05,4,117.9
SESS006543,U000182,backend_cloud,2025-05-07T04:32:56,2025-05-07T04:37:21,8,191.6
SESS006544,U000183,ai_python,2025-01-15T20:42:44,2025-01-15T20:47:01,7,152.6
SESS006545,U000183,backend_cloud,2025-09-26T22:52:07,2025-09-26T22:54:59,5,131.9
SESS006546,U000183,entertainment_heavy,2025-05-09T16:46:11,2025-05-09T16:49:38,9,117.7
SESS006547,U000183,entertainment_heavy,2025-08-27T18:39:52,2025-08-27T18:42:02,3,87.5
SESS006548,U000183,gaming_hardware,2025-05-25T23:03:13,2025-05-25T23:07:14,7,160.1
SESS006549,U000183,ai_python,2025-01-01T04:24:07,2025-01-01T04:28:22,8,147.0
SESS006550,U000183,ai_python,2025-11-14T01:56:12,2025-11-14T02:00:38,7,177.3
SESS006551,U000184,entertainment_heavy,2025-07-12T19:43:20,2025-07-12T19:45:51,6,93.4
SESS006552,U000184,ai_python,2025-08-20T21:36:59,2025-08-20T21:39:50,5,95.6
SESS006553,U000184,ai_python,2025-07-25T09:14:22,2025-07-25T09:21:12,12,275.2
SESS006554,U000184,entertainment_heavy,2025-03-12T08:32:23,2025-03-12T08:34:31,6,65.1
SESS006555,U000184,backend_cloud,2025-04-18T23:51:18,2025-04-18T23:54:54,6,141.6
SESS006556,U000185,backend_cloud,2025-03-01T11:08:40,2025-03-01T11:15:11,12,262.3
SESS006557,U000185,gaming_hardware,2025-05-21T16:49:58,2025-05-21T16:53:40,7,137.0
SESS006558,U000185,mixed_scroll,2025-01-10T02:58:44,2025-01-10T03:01:39,5,121.9
SESS006559,U000185,backend_cloud,2025-08-18T16:24:35,2025-08-18T16:30:33,11,228.0
SESS006560,U000185,mixed_scroll,2025-01-26T11:49:41,2025-01-26T11:53:14,7,152.9
SESS006561,U000185,ai_python,2025-09-27T05:29:18,2025-09-27T05:31:26,4,71.1
SESS006562,U000186,mixed_scroll,2025-04-22T06:18:58,2025-04-22T06:21:08,6,71.9
SESS006563,U000186,dsa_java_interview,2025-04-14T11:06:43,2025-04-14T11:07:57,3,53.7
SESS006564,U000186,ai_python,2025-07-22T21:54:09,2025-07-22T21:57:28,7,125.4
SESS006565,U000186,mixed_scroll,2025-04-03T20:53:08,2025-04-03T20:54:16,3,34.7
SESS006566,U000186,mixed_scroll,2025-11-07T13:23:54,2025-11-07T13:28:06,9,145.1
SESS006567,U000186,backend_cloud,2025-01-15T00:40:54,2025-01-15T00:46:57,10,241.4
SESS006568,U000186,cybersecurity,2025-08-14T12:12:15,2025-08-14T12:16:06,8,146.5
SESS006569,U000186,gaming_hardware,2025-06-27T01:43:24,2025-06-27T01:46:37,7,131.3
SESS006570,U000187,mixed_scroll,2025-09-16T08:10:32,2025-09-16T08:17:57,12,303.5
SESS006571,U000187,backend_cloud,2025-07-16T04:16:11,2025-07-16T04:21:43,11,215.5
SESS006572,U000187,gaming_hardware,2025-09-10T18:39:59,2025-09-10T18:42:25,5,90.8
SESS006573,U000188,dsa_java_interview,2025-05-31T23:51:38,2025-05-31T23:52:44,4,37.9
SESS006574,U000188,dsa_java_interview,2025-04-26T17:55:23,2025-04-26T17:59:02,9,142.3
SESS006575,U000188,ai_python,2025-08-20T05:27:13,2025-08-20T05:28:42,3,58.3
SESS006576,U000188,gaming_hardware,2025-11-18T14:56:32,2025-11-18T14:59:36,5,140.6
SESS006577,U000188,entertainment_heavy,2025-08-16T08:03:40,2025-08-16T08:10:30,12,289.6
SESS006578,U000188,dsa_java_interview,2025-09-11T21:49:36,2025-09-11T21:56:35,12,258.0
SESS006579,U000188,dsa_java_interview,2025-09-06T09:39:24,2025-09-06T09:44:23,12,144.2
SESS006580,U000188,entertainment_heavy,2025-03-21T17:59:37,2025-03-21T18:00:38,3,40.3
SESS006581,U000189,mixed_scroll,2025-03-05T23:42:34,2025-03-05T23:43:49,3,52.5
SESS006582,U000189,entertainment_heavy,2025-09-23T05:24:59,2025-09-23T05:32:02,11,303.8
SESS006583,U000189,dsa_java_interview,2025-08-04T12:16:34,2025-08-04T12:19:58,5,145.6
SESS006584,U000189,backend_cloud,2025-01-02T08:15:37,2025-01-02T08:20:56,9,223.4
SESS006585,U000189,entertainment_heavy,2025-08-28T03:52:46,2025-08-28T03:58:05,12,216.4
SESS006586,U000189,cybersecurity,2025-08-18T05:57:35,2025-08-18T06:00:05,6,94.4
SESS006587,U000189,entertainment_heavy,2025-05-06T00:23:19,2025-05-06T00:26:17,4,116.9
SESS006588,U000189,gaming_hardware,2025-07-06T02:38:17,2025-07-06T02:43:38,11,199.7
SESS006589,U000190,mixed_scroll,2025-11-15T17:14:57,2025-11-15T17:16:10,3,44.5
SESS006590,U000190,gaming_hardware,2025-04-26T14:22:45,2025-04-26T14:23:53,3,40.0
SESS006591,U000190,cybersecurity,2025-02-24T16:34:38,2025-02-24T16:40:22,11,249.5
SESS006592,U000190,gaming_hardware,2025-06-07T15:15:17,2025-06-07T15:17:17,4,83.9
SESS006593,U000190,backend_cloud,2025-01-02T21:08:10,2025-01-02T21:11:29,7,102.8
SESS006594,U000190,gaming_hardware,2025-10-11T00:00:37,2025-10-11T00:06:03,9,244.3
SESS006595,U000190,entertainment_heavy,2025-06-02T09:09:31,2025-06-02T09:12:40,9,113.4
SESS006596,U000190,mixed_scroll,2025-08-04T22:01:48,2025-08-04T22:04:37,6,117.2
SESS006597,U000191,mixed_scroll,2025-05-19T21:47:32,2025-05-19T21:52:38,8,198.0
SESS006598,U000191,dsa_java_interview,2025-09-08T18:22:27,2025-09-08T18:25:54,6,155.8
SESS006599,U000191,mixed_scroll,2025-09-21T00:48:37,2025-09-21T00:52:33,8,131.0
SESS006600,U000191,mixed_scroll,2025-05-11T14:27:18,2025-05-11T14:34:08,12,302.9
SESS006601,U000191,gaming_hardware,2025-11-24T09:58:24,2025-11-24T10:03:08,11,171.8
SESS006602,U000191,gaming_hardware,2025-06-01T03:56:36,2025-06-01T03:59:46,5,126.7
SESS006603,U000192,backend_cloud,2025-06-19T19:29:50,2025-06-19T19:31:46,4,61.9
SESS006604,U000192,backend_cloud,2025-03-25T00:38:29,2025-03-25T00:42:17,6,163.8
SESS006605,U000192,backend_cloud,2025-01-20T13:46:50,2025-01-20T13:49:04,4,107.2
SESS006606,U000192,entertainment_heavy,2025-07-05T03:44:11,2025-07-05T03:49:55,11,251.1
SESS006607,U000192,mixed_scroll,2025-02-02T06:29:00,2025-02-02T06:30:28,3,63.7
SESS006608,U000192,backend_cloud,2025-08-05T21:20:53,2025-08-05T21:23:51,5,124.6
SESS006609,U000192,mixed_scroll,2025-03-16T08:25:34,2025-03-16T08:31:31,9,268.1
SESS006610,U000192,gaming_hardware,2025-02-19T16:52:22,2025-02-19T16:57:49,8,225.7
SESS006611,U000193,entertainment_heavy,2025-11-28T20:45:21,2025-11-28T20:50:25,12,210.7
SESS006612,U000193,dsa_java_interview,2025-06-28T00:09:39,2025-06-28T00:12:24,5,103.7
SESS006613,U000193,gaming_hardware,2025-03-22T13:29:13,2025-03-22T13:30:47,4,60.6
SESS006614,U000193,mixed_scroll,2025-07-13T18:57:14,2025-07-13T19:03:19,12,233.4
SESS006615,U000193,cybersecurity,2025-10-24T16:11:01,2025-10-24T16:15:39,8,202.1
SESS006616,U000193,gaming_hardware,2025-08-26T20:01:48,2025-08-26T20:06:38,12,149.8
SESS006617,U000193,backend_cloud,2025-09-18T06:18:38,2025-09-18T06:20:35,4,79.5
SESS006618,U000194,cybersecurity,2025-02-08T04:08:42,2025-02-08T04:14:56,12,236.2
SESS006619,U000194,cybersecurity,2025-02-25T09:04:21,2025-02-25T09:06:44,5,104.1
SESS006620,U000194,gaming_hardware,2025-02-17T12:50:27,2025-02-17T12:52:37,5,87.1
SESS006621,U000195,dsa_java_interview,2025-11-05T09:00:48,2025-11-05T09:04:01,8,108.8
SESS006622,U000195,gaming_hardware,2025-04-19T20:27:14,2025-04-19T20:34:20,11,323.5
SESS006623,U000195,ai_python,2025-08-21T16:32:21,2025-08-21T16:35:51,7,125.0
SESS006624,U000195,mixed_scroll,2025-04-12T21:09:26,2025-04-12T21:14:34,8,208.4
SESS006625,U000196,ai_python,2025-10-08T23:24:57,2025-10-08T23:26:40,5,64.9
SESS006626,U000196,cybersecurity,2025-10-27T09:21:22,2025-10-27T09:26:07,10,205.4
SESS006627,U000196,mixed_scroll,2025-09-08T08:20:49,2025-09-08T08:22:57,5,72.0
SESS006628,U000196,backend_cloud,2025-05-26T16:09:00,2025-05-26T16:14:50,11,239.6
SESS006629,U000197,dsa_java_interview,2025-10-22T14:50:53,2025-10-22T14:56:25,11,207.5
SESS006630,U000197,cybersecurity,2025-05-03T20:38:20,2025-05-03T20:45:10,10,283.1
SESS006631,U000197,backend_cloud,2025-08-12T19:23:28,2025-08-12T19:28:30,9,228.1
SESS006632,U000197,backend_cloud,2025-11-03T16:54:08,2025-11-03T16:58:08,5,187.2
SESS006633,U000197,ai_python,2025-03-29T10:17:36,2025-03-29T10:21:47,7,161.9
SESS006634,U000198,entertainment_heavy,2025-08-16T11:16:43,2025-08-16T11:22:55,9,281.1
SESS006635,U000198,entertainment_heavy,2025-01-11T19:34:20,2025-01-11T19:40:30,12,261.5
SESS006636,U000198,ai_python,2025-03-12T09:59:41,2025-03-12T10:05:40,10,262.5
SESS006637,U000198,cybersecurity,2025-08-06T01:19:40,2025-08-06T01:23:51,6,170.9
SESS006638,U000198,mixed_scroll,2025-02-08T11:07:14,2025-02-08T11:12:46,10,235.8
SESS006639,U000199,dsa_java_interview,2025-05-13T18:43:23,2025-05-13T18:45:20,3,85.0
SESS006640,U000199,gaming_hardware,2025-09-14T14:44:48,2025-09-14T14:48:09,5,138.8
SESS006641,U000199,ai_python,2025-11-18T23:56:26,2025-11-19T00:00:53,8,194.3
SESS006642,U000200,mixed_scroll,2025-07-12T18:42:10,2025-07-12T18:45:46,8,152.4
SESS006643,U000200,entertainment_heavy,2025-11-07T10:55:26,2025-11-07T10:57:31,4,76.8
SESS006644,U000200,cybersecurity,2025-06-09T23:51:57,2025-06-09T23:54:59,5,129.2
SESS006645,U000200,gaming_hardware,2025-02-06T13:43:45,2025-02-06T13:49:29,10,228.2
SESS006646,U000200,entertainment_heavy,2025-09-08T06:16:26,2025-09-08T06:21:22,8,201.7
SESS006647,U000200,cybersecurity,2025-02-28T07:38:49,2025-02-28T07:45:12,12,299.0
SESS006648,U000200,cybersecurity,2025-11-29T22:59:18,2025-11-29T23:02:17,5,100.3
SESS006649,U000200,cybersecurity,2025-10-24T02:21:46,2025-10-24T02:26:50,11,183.3
SESS006650,U000201,dsa_java_interview,2025-01-06T12:01:02,2025-01-06T12:05:54,10,162.5
SESS006651,U000201,backend_cloud,2025-08-26T17:45:02,2025-08-26T17:49:29,9,153.6
SESS006652,U000201,dsa_java_interview,2025-11-30T00:14:26,2025-11-30T00:18:08,9,156.1
SESS006653,U000201,backend_cloud,2025-05-28T13:02:20,2025-05-28T13:08:09,9,259.3
SESS006654,U000201,gaming_hardware,2025-06-05T12:46:52,2025-06-05T12:51:30,9,184.8
SESS006655,U000202,mixed_scroll,2025-01-02T03:35:34,2025-01-02T03:40:35,10,216.3
SESS006656,U000202,mixed_scroll,2025-07-27T10:00:41,2025-07-27T10:05:22,8,190.5
SESS006657,U000202,mixed_scroll,2025-09-12T13:44:39,2025-09-12T13:47:02,7,91.0
SESS006658,U000203,backend_cloud,2025-09-27T16:54:15,2025-09-27T16:59:13,10,190.9
SESS006659,U000203,ai_python,2025-05-24T11:31:29,2025-05-24T11:37:09,12,218.4
SESS006660,U000203,mixed_scroll,2025-05-28T14:49:28,2025-05-28T14:50:53,3,59.2
SESS006661,U000203,ai_python,2025-04-03T22:04:42,2025-04-03T22:09:41,11,192.0
SESS006662,U000204,backend_cloud,2025-03-09T02:27:03,2025-03-09T02:28:13,3,40.6
SESS006663,U000204,mixed_scroll,2025-09-04T02:33:49,2025-09-04T02:37:27,8,111.6
SESS006664,U000204,cybersecurity,2025-03-19T11:32:10,2025-03-19T11:37:38,10,191.6
SESS006665,U000205,cybersecurity,2025-01-17T04:32:34,2025-01-17T04:37:18,10,188.6
SESS006666,U000205,gaming_hardware,2025-09-20T00:44:56,2025-09-20T00:51:45,12,291.0
SESS006667,U000205,mixed_scroll,2025-06-15T10:36:03,2025-06-15T10:37:20,3,55.3
SESS006668,U000205,entertainment_heavy,2025-06-10T11:44:01,2025-06-10T11:50:15,11,250.6
SESS006669,U000205,cybersecurity,2025-04-22T16:31:24,2025-04-22T16:33:25,4,69.7
SESS006670,U000205,ai_python,2025-09-26T03:59:13,2025-09-26T04:01:43,5,99.9
SESS006671,U000205,mixed_scroll,2025-02-25T21:46:09,2025-02-25T21:52:02,12,233.8
SESS006672,U000206,cybersecurity,2025-11-12T00:42:54,2025-11-12T00:47:42,9,208.4
SESS006673,U000206,dsa_java_interview,2025-09-29T00:15:27,2025-09-29T00:17:01,3,61.9
SESS006674,U000206,backend_cloud,2025-02-04T20:49:43,2025-02-04T20:55:19,9,236.4
SESS006675,U000206,ai_python,2025-01-02T18:15:25,2025-01-02T18:19:39,8,181.4
SESS006676,U000206,mixed_scroll,2025-09-15T20:53:13,2025-09-15T20:57:52,9,184.0
SESS006677,U000207,dsa_java_interview,2025-04-15T10:28:58,2025-04-15T10:34:14,12,206.4
SESS006678,U000207,entertainment_heavy,2025-02-19T05:12:56,2025-02-19T05:15:55,7,114.3
SESS006679,U000207,ai_python,2025-02-11T05:28:29,2025-02-11T05:32:50,10,181.2
SESS006680,U000207,backend_cloud,2025-04-18T06:24:23,2025-04-18T06:32:33,12,331.4
SESS006681,U000208,backend_cloud,2025-04-05T15:49:43,2025-04-05T15:52:20,4,99.4
SESS006682,U000208,dsa_java_interview,2025-04-25T12:28:42,2025-04-25T12:32:48,8,156.2
SESS006683,U000208,gaming_hardware,2025-07-02T15:30:44,2025-07-02T15:35:17,10,180.3
SESS006684,U000208,dsa_java_interview,2025-11-22T13:59:27,2025-11-22T14:02:27,6,110.0
SESS006685,U000208,ai_python,2025-01-27T02:25:07,2025-01-27T02:32:03,12,289.2
SESS006686,U000208,mixed_scroll,2025-10-20T05:27:49,2025-10-20T05:32:48,10,163.8
SESS006687,U000208,backend_cloud,2025-09-29T06:50:37,2025-09-29T06:53:58,7,116.4
SESS006688,U000208,cybersecurity,2025-07-31T05:31:36,2025-07-31T05:36:47,10,202.6
SESS006689,U000209,mixed_scroll,2025-01-13T20:13:16,2025-01-13T20:15:23,4,80.8
SESS006690,U000209,mixed_scroll,2025-05-18T03:22:12,2025-05-18T03:29:21,10,319.6
SESS006691,U000209,mixed_scroll,2025-02-05T15:26:58,2025-02-05T15:29:49,7,99.1
SESS006692,U000209,entertainment_heavy,2025-02-17T05:51:28,2025-02-17T05:52:59,3,70.2
SESS006693,U000210,ai_python,2025-08-29T13:08:20,2025-08-29T13:11:46,5,145.9
SESS006694,U000210,ai_python,2025-10-26T03:50:07,2025-10-26T03:53:36,5,168.5
SESS006695,U000210,mixed_scroll,2025-11-14T12:26:07,2025-11-14T12:30:26,10,187.7
SESS006696,U000210,dsa_java_interview,2025-01-10T05:29:24,2025-01-10T05:36:22,9,299.1
SESS006697,U000210,ai_python,2025-08-15T13:19:45,2025-08-15T13:24:46,7,209.8
SESS006698,U000211,cybersecurity,2025-01-29T18:45:29,2025-01-29T18:48:41,7,133.6
SESS006699,U000211,mixed_scroll,2025-08-12T21:00:38,2025-08-12T21:02:53,6,84.3
SESS006700,U000211,mixed_scroll,2025-06-20T03:49:20,2025-06-20T03:52:55,6,163.8
